{
	"credit": "Made by LYIVX",
	"textures": {
		"Handle": "ls_furniture:block/handle_oak",
		"particle": "ls_furniture:block/log_oak",
		"Secondary": "ls_furniture:block/log_oak",
		"Main": "ls_furniture:block/stripped_oak"
	},
	"elements": [
		{
			"name": "1",
			"from": [14, -1.5, -5.75],
			"to": [15, 11, 0.5],
			"rotation": {"angle": 22.5, "axis": "y", "origin": [14.5, 7, 0.5]},
			"faces": {
				"north": {"uv": [0, 3.5, 1, 16], "texture": "#Secondary"},
				"east": {"uv": [1.5, 3.5, 7.75, 16], "texture": "#Secondary"},
				"south": {"uv": [15, 3.5, 16, 16], "texture": "#Secondary"},
				"west": {"uv": [8.25, 3.5, 14.5, 16], "texture": "#Secondary"},
				"up": {"uv": [8.25, 0, 14.5, 1], "rotation": 90, "texture": "#Secondary"},
				"down": {"uv": [8.25, 15, 14.5, 16], "rotation": 270, "texture": "#Secondary"}
			}
		},
		{
			"name": "1",
			"from": [14, 11, -5.75],
			"to": [15, 14.5, 0.5],
			"rotation": {"angle": 22.5, "axis": "y", "origin": [14.5, 7, 0.5]},
			"faces": {
				"north": {"uv": [0, 0, 1, 3.5], "texture": "#Secondary"},
				"east": {"uv": [1.5, 0, 7.75, 3.5], "texture": "#Secondary"},
				"south": {"uv": [15, 0, 16, 3.5], "texture": "#Secondary"},
				"west": {"uv": [8.25, 0, 14.5, 3.5], "texture": "#Secondary"},
				"up": {"uv": [8.25, 0, 14.5, 1], "rotation": 90, "texture": "#Secondary"},
				"down": {"uv": [8.25, 15, 14.5, 16], "rotation": 270, "texture": "#Secondary"}
			}
		},
		{
			"name": "3",
			"from": [15.1, 4.5, -5],
			"to": [15.1, 8.5, -1],
			"rotation": {"angle": 22.5, "axis": "y", "origin": [14.5, 7, 0.5]},
			"faces": {
				"north": {"uv": [0, 0, 0, 4], "texture": "#Handle"},
				"east": {"uv": [0, 0, 16, 16], "texture": "#Handle"},
				"south": {"uv": [16, 0, 16, 4], "texture": "#Handle"},
				"west": {"uv": [3, 0, 7, 4], "texture": "#Handle"},
				"up": {"uv": [3, 0, 7, 0], "rotation": 90, "texture": "#Handle"},
				"down": {"uv": [3, 16, 7, 16], "rotation": 270, "texture": "#Handle"}
			}
		},
		{
			"name": "2",
			"from": [1, -1.5, -5.75],
			"to": [2, 11, 0.5],
			"rotation": {"angle": -45, "axis": "y", "origin": [1.5, -1.5, 0.5]},
			"faces": {
				"north": {"uv": [15, 3.5, 16, 16], "texture": "#Secondary"},
				"east": {"uv": [1.5, 3.5, 7.75, 16], "texture": "#Secondary"},
				"south": {"uv": [0, 3.5, 1, 16], "texture": "#Secondary"},
				"west": {"uv": [8.25, 3.5, 14.5, 16], "texture": "#Secondary"},
				"up": {"uv": [1.5, 0, 7.75, 1], "rotation": 270, "texture": "#Secondary"},
				"down": {"uv": [1.5, 15, 7.75, 16], "rotation": 90, "texture": "#Secondary"}
			}
		},
		{
			"name": "2",
			"from": [0.9, 4.5, -5],
			"to": [0.9, 8.5, -1],
			"rotation": {"angle": -45, "axis": "y", "origin": [1.5, -1.5, 0.5]},
			"faces": {
				"north": {"uv": [16, 0, 16, 4], "texture": "#Handle"},
				"east": {"uv": [3, 0, 7, 4], "texture": "#Handle"},
				"south": {"uv": [0, 0, 0, 4], "texture": "#Handle"},
				"west": {"uv": [16, 0, 0, 16], "texture": "#Handle"},
				"up": {"uv": [3, 0, 7, 0], "rotation": 270, "texture": "#Handle"},
				"down": {"uv": [3, 16, 7, 16], "rotation": 90, "texture": "#Handle"}
			}
		},
		{
			"name": "2",
			"from": [1, 11, -5.75],
			"to": [2, 14.5, 0.5],
			"rotation": {"angle": -45, "axis": "y", "origin": [1.5, -1.5, 0.5]},
			"faces": {
				"north": {"uv": [15, 0, 16, 3.5], "texture": "#Secondary"},
				"east": {"uv": [1.5, 0, 7.75, 3.5], "texture": "#Secondary"},
				"south": {"uv": [0, 0, 1, 3.5], "texture": "#Secondary"},
				"west": {"uv": [8.25, 0, 14.5, 3.5], "texture": "#Secondary"},
				"up": {"uv": [1.5, 0, 7.75, 1], "rotation": 270, "texture": "#Secondary"},
				"down": {"uv": [1.5, 15, 7.75, 16], "rotation": 90, "texture": "#Secondary"}
			}
		},
		{
			"name": "bone",
			"from": [1, 11, 15],
			"to": [15, 15, 16],
			"rotation": {"angle": 0, "axis": "y", "origin": [8, -16, 8]},
			"faces": {
				"north": {"uv": [1, 1, 15, 5], "texture": "#Main"},
				"east": {"uv": [0, 1, 1, 5], "texture": "#Main"},
				"south": {"uv": [1, 1, 15, 5], "texture": "#Main"},
				"west": {"uv": [15, 1, 16, 5], "texture": "#Main"},
				"up": {"uv": [1, 15, 15, 16], "texture": "#Main"},
				"down": {"uv": [1, 0, 15, 1], "texture": "#Main"}
			}
		},
		{
			"name": "bone",
			"from": [1, -2, 15],
			"to": [15, 11, 16],
			"rotation": {"angle": 0, "axis": "y", "origin": [8, -16, 8]},
			"faces": {
				"north": {"uv": [1, 3, 15, 16], "texture": "#Main"},
				"east": {"uv": [0, 3, 1, 16], "texture": "#Main"},
				"south": {"uv": [1, 3, 15, 16], "texture": "#Main"},
				"west": {"uv": [15, 3, 16, 16], "texture": "#Main"},
				"up": {"uv": [1, 15, 15, 16], "texture": "#Main"},
				"down": {"uv": [1, 0, 15, 1], "texture": "#Main"}
			}
		},
		{
			"name": "bone",
			"from": [15, 11, 0],
			"to": [16, 15, 16],
			"rotation": {"angle": 0, "axis": "y", "origin": [8, -16, 8]},
			"faces": {
				"north": {"uv": [0, 1, 1, 5], "texture": "#Main"},
				"east": {"uv": [0, 1, 16, 5], "texture": "#Main"},
				"south": {"uv": [15, 1, 16, 5], "texture": "#Main"},
				"west": {"uv": [0, 1, 16, 5], "texture": "#Main"},
				"up": {"uv": [15, 0, 16, 16], "texture": "#Main"},
				"down": {"uv": [15, 0, 16, 16], "texture": "#Main"}
			}
		},
		{
			"name": "bone",
			"from": [0, 11, 0],
			"to": [1, 15, 16],
			"rotation": {"angle": 0, "axis": "y", "origin": [8, -16, 8]},
			"faces": {
				"north": {"uv": [15, 1, 16, 5], "texture": "#Main"},
				"east": {"uv": [0, 1, 16, 5], "texture": "#Main"},
				"south": {"uv": [0, 1, 1, 5], "texture": "#Main"},
				"west": {"uv": [0, 1, 16, 5], "texture": "#Main"},
				"up": {"uv": [0, 0, 1, 16], "texture": "#Main"},
				"down": {"uv": [0, 0, 1, 16], "texture": "#Main"}
			}
		},
		{
			"name": "bone",
			"from": [0, -2, 0],
			"to": [1, 11, 16],
			"rotation": {"angle": 0, "axis": "y", "origin": [8, -16, 8]},
			"faces": {
				"north": {"uv": [15, 0, 16, 13], "texture": "#Main"},
				"east": {"uv": [0, 0, 16, 13], "texture": "#Main"},
				"south": {"uv": [0, 3, 1, 16], "texture": "#Main"},
				"west": {"uv": [0, 3, 16, 16], "texture": "#Main"},
				"up": {"uv": [0, 0, 1, 16], "texture": "#Main"},
				"down": {"uv": [0, 0, 1, 16], "texture": "#Main"}
			}
		},
		{
			"name": "bone",
			"from": [15, -2, 0],
			"to": [16, 11, 16],
			"rotation": {"angle": 0, "axis": "y", "origin": [8, -16, 8]},
			"faces": {
				"north": {"uv": [0, 3, 1, 16], "texture": "#Main"},
				"east": {"uv": [0, 3, 16, 16], "texture": "#Main"},
				"south": {"uv": [15, 3, 16, 16], "texture": "#Main"},
				"west": {"uv": [0, 3, 16, 16], "texture": "#Main"},
				"up": {"uv": [15, 0, 16, 16], "texture": "#Main"},
				"down": {"uv": [15, 0, 16, 16], "texture": "#Main"}
			}
		},
		{
			"name": "bone",
			"from": [0, 15, 0],
			"to": [16, 16, 16],
			"rotation": {"angle": 0, "axis": "y", "origin": [8, -16, 8]},
			"faces": {
				"north": {"uv": [0, 0, 16, 1], "texture": "#Main"},
				"east": {"uv": [0, 0, 16, 1], "texture": "#Main"},
				"south": {"uv": [0, 0, 16, 1], "texture": "#Main"},
				"west": {"uv": [0, 0, 16, 1], "texture": "#Main"},
				"up": {"uv": [0, 0, 16, 16], "texture": "#Main"},
				"down": {"uv": [0, 0, 16, 16], "texture": "#Main"}
			}
		},
		{
			"name": "bone",
			"from": [14, -1, 1],
			"to": [15, 14, 15],
			"rotation": {"angle": 0, "axis": "y", "origin": [14.5, -1.5, 1]},
			"faces": {
				"north": {"uv": [1, 1, 2, 16], "texture": "#Main"},
				"east": {"uv": [1, 1, 15, 16], "texture": "#Main"},
				"south": {"uv": [14, 1, 15, 16], "texture": "#Main"},
				"west": {"uv": [1, 1, 15, 16], "texture": "#Main"},
				"up": {"uv": [14, 1, 15, 15], "texture": "#Main"},
				"down": {"uv": [14, 1, 15, 15], "texture": "#Main"}
			}
		},
		{
			"name": "bone",
			"from": [1, -2, 1],
			"to": [15, -1, 15],
			"rotation": {"angle": 0, "axis": "y", "origin": [14.5, -1.5, 1]},
			"faces": {
				"north": {"uv": [1, 15, 15, 16], "texture": "#Main"},
				"east": {"uv": [1, 15, 15, 16], "texture": "#Main"},
				"south": {"uv": [1, 15, 15, 16], "texture": "#Main"},
				"west": {"uv": [1, 15, 15, 16], "texture": "#Main"},
				"up": {"uv": [1, 1, 15, 15], "texture": "#Main"},
				"down": {"uv": [1, 1, 15, 15], "texture": "#Main"}
			}
		},
		{
			"name": "bone",
			"from": [7.5, -1, 1],
			"to": [8.5, 14, 2],
			"rotation": {"angle": 0, "axis": "y", "origin": [14.5, -1.5, 1]},
			"faces": {
				"north": {"uv": [7.5, 0, 8.5, 15], "texture": "#Main"},
				"east": {"uv": [14, 0, 15, 15], "texture": "#Main"},
				"south": {"uv": [7.5, 0, 8.5, 15], "texture": "#Main"},
				"west": {"uv": [1, 0, 2, 15], "texture": "#Main"},
				"up": {"uv": [7.5, 1, 8.5, 2], "texture": "#Main"},
				"down": {"uv": [7.5, 14, 8.5, 15], "texture": "#Main"}
			}
		},
		{
			"name": "bone",
			"from": [1, -1, 1],
			"to": [2, 14, 15],
			"rotation": {"angle": 0, "axis": "y", "origin": [14.5, -1.5, 1]},
			"faces": {
				"north": {"uv": [14, 1, 15, 16], "texture": "#Main"},
				"east": {"uv": [1, 1, 15, 16], "texture": "#Main"},
				"south": {"uv": [1, 1, 2, 16], "texture": "#Main"},
				"west": {"uv": [1, 1, 15, 16], "texture": "#Main"},
				"up": {"uv": [1, 1, 2, 15], "texture": "#Main"},
				"down": {"uv": [1, 1, 2, 15], "texture": "#Main"}
			}
		},
		{
			"name": "bone",
			"from": [1, 14, 1],
			"to": [15, 15, 15],
			"rotation": {"angle": 0, "axis": "y", "origin": [14.5, -1.5, 1]},
			"faces": {
				"north": {"uv": [1, 1, 15, 2], "texture": "#Main"},
				"east": {"uv": [1, 1, 15, 2], "texture": "#Main"},
				"south": {"uv": [1, 1, 15, 2], "texture": "#Main"},
				"west": {"uv": [1, 1, 15, 2], "texture": "#Main"},
				"up": {"uv": [1, 1, 15, 15], "texture": "#Main"},
				"down": {"uv": [1, 1, 15, 15], "texture": "#Main"}
			}
		}
	],
	"display": {
		"thirdperson_righthand": {
			"rotation": [75, 45, 0],
			"translation": [0, 2.5, 0],
			"scale": [0.375, 0.375, 0.375]
		},
		"thirdperson_lefthand": {
			"rotation": [75, 45, 0],
			"translation": [0, 2.5, 0],
			"scale": [0.375, 0.375, 0.375]
		},
		"firstperson_righthand": {
			"rotation": [0, 135, 0],
			"scale": [0.4, 0.4, 0.4]
		},
		"firstperson_lefthand": {
			"rotation": [0, 135, 0],
			"scale": [0.4, 0.4, 0.4]
		},
		"ground": {
			"translation": [0, 3, 0],
			"scale": [0.25, 0.25, 0.25]
		},
		"gui": {
			"rotation": [30, 225, 0],
			"translation": [0, -2.75, 0],
			"scale": [0.38, 0.38, 0.38]
		},
		"head": {
			"translation": [0, 0, -0.25]
		},
		"fixed": {
			"translation": [0, -4, 0],
			"scale": [0.5, 0.5, 0.5]
		}
	},
	"groups": [
		{
			"name": "1",
			"origin": [15, 24.75, 0],
			"color": 0,
			"children": [0, 1, 2]
		},
		{
			"name": "2",
			"origin": [1, 24.75, 0],
			"color": 1,
			"children": [3, 4, 5]
		},
		{
			"name": "draw1",
			"origin": [0, 12, -2],
			"color": 2,
			"children": []
		},
		{
			"name": "draw2",
			"origin": [0, 12, -2],
			"color": 3,
			"children": []
		},
		{
			"name": "bone",
			"origin": [0, 0, 0],
			"color": 4,
			"children": [6, 7, 8, 9, 10, 11, 12, 13, 14, 15, 16, 17]
		}
	]
}