{
	"credit": "Made by LYIVX",
	"textures": {
		"Handle": "ls_furniture:block/handle_oak",
		"particle": "ls_furniture:block/log_oak",
		"Secondary": "ls_furniture:block/log_oak",
		"Main": "ls_furniture:block/stripped_oak",
		"Handle Big": "ls_furniture:block/handle_big_oak"
	},
	"elements": [
		{
			"name": "draw1",
			"from": [6, 8.5, -3.1],
			"to": [10, 12.5, -3.1],
			"rotation": {"angle": 0, "axis": "y", "origin": [8, 0, 5]},
			"faces": {
				"north": {"uv": [0, 0, 16, 16], "texture": "#Handle Big"},
				"east": {"uv": [16, 3.5, 16, 7.5], "texture": "#Handle"},
				"south": {"uv": [6, 3.5, 10, 7.5], "texture": "#Handle"},
				"west": {"uv": [0, 3.5, 0, 7.5], "texture": "#Handle"},
				"up": {"uv": [6, 0, 10, 0], "texture": "#Handle"},
				"down": {"uv": [6, 16, 10, 16], "texture": "#Handle"}
			}
		},
		{
			"name": "draw1",
			"from": [1.5, 8.5, -3],
			"to": [14.5, 12.5, -2],
			"rotation": {"angle": 0, "axis": "y", "origin": [8, 0, 5]},
			"faces": {
				"north": {"uv": [1.5, 3.5, 14.5, 7.5], "texture": "#Secondary"},
				"east": {"uv": [15, 3.5, 16, 7.5], "texture": "#Secondary"},
				"south": {"uv": [1.5, 3.5, 14.5, 7.5], "texture": "#Secondary"},
				"west": {"uv": [0, 3.5, 1, 7.5], "texture": "#Secondary"},
				"up": {"uv": [1.5, 0, 14.5, 1], "texture": "#Secondary"},
				"down": {"uv": [1.5, 15, 14.5, 16], "texture": "#Secondary"}
			}
		},
		{
			"name": "draw1",
			"from": [3, 10, 10],
			"to": [13, 12, 11],
			"rotation": {"angle": 0, "axis": "y", "origin": [8, 0, 5]},
			"faces": {
				"north": {"uv": [3, 4, 13, 6], "texture": "#Main"},
				"east": {"uv": [2, 4, 3, 6], "texture": "#Main"},
				"south": {"uv": [3, 4, 13, 6], "texture": "#Main"},
				"west": {"uv": [13, 4, 14, 6], "texture": "#Main"},
				"up": {"uv": [3, 13, 13, 14], "texture": "#Main"},
				"down": {"uv": [3, 2, 13, 3], "texture": "#Main"}
			}
		},
		{
			"name": "draw1",
			"from": [13, 10, -2],
			"to": [14, 12, 11],
			"rotation": {"angle": 0, "axis": "y", "origin": [8, 0, 5]},
			"faces": {
				"north": {"uv": [2, 4, 3, 6], "texture": "#Main"},
				"east": {"uv": [2, 4, 15, 6], "texture": "#Main"},
				"south": {"uv": [13, 4, 14, 6], "texture": "#Main"},
				"west": {"uv": [1, 4, 14, 6], "texture": "#Main"},
				"up": {"uv": [13, 1, 14, 14], "texture": "#Main"},
				"down": {"uv": [13, 2, 14, 15], "texture": "#Main"}
			}
		},
		{
			"name": "draw1",
			"from": [2, 10, -2],
			"to": [3, 12, 11],
			"rotation": {"angle": 0, "axis": "y", "origin": [8, 0, 5]},
			"faces": {
				"north": {"uv": [13, 4, 14, 6], "texture": "#Main"},
				"east": {"uv": [2, 4, 15, 6], "texture": "#Main"},
				"south": {"uv": [2, 4, 3, 6], "texture": "#Main"},
				"west": {"uv": [1, 4, 14, 6], "texture": "#Main"},
				"up": {"uv": [2, 1, 3, 14], "texture": "#Main"},
				"down": {"uv": [2, 2, 3, 15], "texture": "#Main"}
			}
		},
		{
			"name": "draw1",
			"from": [2, 9, -2],
			"to": [14, 10, 11],
			"rotation": {"angle": 0, "axis": "y", "origin": [8, 0, 5]},
			"faces": {
				"north": {"uv": [2, 6, 14, 7], "texture": "#Main"},
				"east": {"uv": [2, 6, 15, 7], "texture": "#Main"},
				"south": {"uv": [2, 6, 14, 7], "texture": "#Main"},
				"west": {"uv": [1, 6, 14, 7], "texture": "#Main"},
				"up": {"uv": [2, 1, 14, 14], "texture": "#Main"},
				"down": {"uv": [2, 2, 14, 15], "texture": "#Main"}
			}
		},
		{
			"name": "draw2",
			"from": [6, 3.5, -6.1],
			"to": [10, 7.5, -6.1],
			"rotation": {"angle": 0, "axis": "y", "origin": [8, 0, 2]},
			"faces": {
				"north": {"uv": [0, 0, 16, 16], "texture": "#Handle Big"},
				"east": {"uv": [16, 8.5, 16, 12.5], "texture": "#Handle"},
				"south": {"uv": [6, 8.5, 10, 12.5], "texture": "#Handle"},
				"west": {"uv": [0, 8.5, 0, 12.5], "texture": "#Handle"},
				"up": {"uv": [6, 0, 10, 0], "texture": "#Handle"},
				"down": {"uv": [6, 16, 10, 16], "texture": "#Handle"}
			}
		},
		{
			"name": "draw2",
			"from": [1.5, 3.5, -6],
			"to": [14.5, 7.5, -5],
			"rotation": {"angle": 0, "axis": "y", "origin": [8, 0, 2]},
			"faces": {
				"north": {"uv": [1.5, 8.5, 14.5, 12.5], "texture": "#Secondary"},
				"east": {"uv": [15, 8.5, 16, 12.5], "texture": "#Secondary"},
				"south": {"uv": [1.5, 8.5, 14.5, 12.5], "texture": "#Secondary"},
				"west": {"uv": [0, 8.5, 1, 12.5], "texture": "#Secondary"},
				"up": {"uv": [1.5, 0, 14.5, 1], "texture": "#Secondary"},
				"down": {"uv": [1.5, 15, 14.5, 16], "texture": "#Secondary"}
			}
		},
		{
			"name": "draw2",
			"from": [3, 5, 7],
			"to": [13, 7, 8],
			"rotation": {"angle": 0, "axis": "y", "origin": [8, 0, 2]},
			"faces": {
				"north": {"uv": [3, 9, 13, 11], "texture": "#Main"},
				"east": {"uv": [2, 9, 3, 11], "texture": "#Main"},
				"south": {"uv": [3, 9, 13, 11], "texture": "#Main"},
				"west": {"uv": [13, 9, 14, 11], "texture": "#Main"},
				"up": {"uv": [3, 13, 13, 14], "texture": "#Main"},
				"down": {"uv": [3, 2, 13, 3], "texture": "#Main"}
			}
		},
		{
			"name": "draw2",
			"from": [13, 5, -5],
			"to": [14, 7, 8],
			"rotation": {"angle": 0, "axis": "y", "origin": [8, 0, 2]},
			"faces": {
				"north": {"uv": [2, 9, 3, 11], "texture": "#Main"},
				"east": {"uv": [2, 9, 15, 11], "texture": "#Main"},
				"south": {"uv": [13, 9, 14, 11], "texture": "#Main"},
				"west": {"uv": [1, 9, 14, 11], "texture": "#Main"},
				"up": {"uv": [13, 1, 14, 14], "texture": "#Main"},
				"down": {"uv": [13, 2, 14, 15], "texture": "#Main"}
			}
		},
		{
			"name": "draw2",
			"from": [2, 5, -5],
			"to": [3, 7, 8],
			"rotation": {"angle": 0, "axis": "y", "origin": [8, 0, 2]},
			"faces": {
				"north": {"uv": [13, 9, 14, 11], "texture": "#Main"},
				"east": {"uv": [2, 9, 15, 11], "texture": "#Main"},
				"south": {"uv": [2, 9, 3, 11], "texture": "#Main"},
				"west": {"uv": [1, 9, 14, 11], "texture": "#Main"},
				"up": {"uv": [2, 1, 3, 14], "texture": "#Main"},
				"down": {"uv": [2, 2, 3, 15], "texture": "#Main"}
			}
		},
		{
			"name": "draw2",
			"from": [2, 4, -5],
			"to": [14, 5, 8],
			"rotation": {"angle": 0, "axis": "y", "origin": [8, 0, 2]},
			"faces": {
				"north": {"uv": [2, 11, 14, 12], "texture": "#Main"},
				"east": {"uv": [2, 11, 15, 12], "texture": "#Main"},
				"south": {"uv": [2, 11, 14, 12], "texture": "#Main"},
				"west": {"uv": [1, 11, 14, 12], "texture": "#Main"},
				"up": {"uv": [2, 1, 14, 14], "texture": "#Main"},
				"down": {"uv": [2, 2, 14, 15], "texture": "#Main"}
			}
		},
		{
			"name": "bone",
			"from": [1, 0, 15],
			"to": [15, 13, 16],
			"rotation": {"angle": 0, "axis": "y", "origin": [8, 0, 8]},
			"faces": {
				"north": {"uv": [1, 3, 15, 16], "texture": "#Main"},
				"east": {"uv": [0, 3, 1, 16], "texture": "#Main"},
				"south": {"uv": [1, 3, 15, 16], "texture": "#Main"},
				"west": {"uv": [15, 3, 16, 16], "texture": "#Main"},
				"up": {"uv": [1, 15, 15, 16], "texture": "#Main"},
				"down": {"uv": [1, 0, 15, 1], "texture": "#Main"}
			}
		},
		{
			"name": "bone",
			"from": [0, 0, 0],
			"to": [1, 13, 16],
			"rotation": {"angle": 0, "axis": "y", "origin": [8, 0, 8]},
			"faces": {
				"north": {"uv": [15, 3, 16, 16], "texture": "#Main"},
				"east": {"uv": [0, 3, 16, 16], "texture": "#Main"},
				"south": {"uv": [0, 3, 1, 16], "texture": "#Main"},
				"west": {"uv": [0, 3, 16, 16], "texture": "#Main"},
				"up": {"uv": [0, 0, 1, 16], "texture": "#Main"},
				"down": {"uv": [0, 0, 1, 16], "texture": "#Main"}
			}
		},
		{
			"name": "bone",
			"from": [1, 0, 1],
			"to": [15, 2, 2],
			"rotation": {"angle": 0, "axis": "y", "origin": [8, 0, 8]},
			"faces": {
				"north": {"uv": [1, 14, 15, 16], "texture": "#Main"},
				"east": {"uv": [14, 14, 15, 16], "texture": "#Main"},
				"south": {"uv": [1, 14, 15, 16], "texture": "#Main"},
				"west": {"uv": [1, 14, 2, 16], "texture": "#Main"},
				"up": {"uv": [1, 1, 15, 2], "texture": "#Main"},
				"down": {"uv": [1, 14, 15, 15], "texture": "#Main"}
			}
		},
		{
			"name": "bone",
			"from": [1, 2, 0],
			"to": [15, 3, 15],
			"rotation": {"angle": 0, "axis": "y", "origin": [8, 0, 8]},
			"faces": {
				"north": {"uv": [1, 13, 15, 14], "texture": "#Main"},
				"east": {"uv": [1, 13, 16, 14], "texture": "#Main"},
				"south": {"uv": [1, 13, 15, 14], "texture": "#Main"},
				"west": {"uv": [0, 13, 15, 14], "texture": "#Main"},
				"up": {"uv": [1, 0, 15, 15], "texture": "#Main"},
				"down": {"uv": [1, 1, 15, 16], "texture": "#Main"}
			}
		},
		{
			"name": "bone",
			"from": [15, 0, 0],
			"to": [16, 13, 16],
			"rotation": {"angle": 0, "axis": "y", "origin": [8, 0, 8]},
			"faces": {
				"north": {"uv": [0, 3, 1, 16], "texture": "#Main"},
				"east": {"uv": [0, 3, 16, 16], "texture": "#Main"},
				"south": {"uv": [15, 3, 16, 16], "texture": "#Main"},
				"west": {"uv": [0, 3, 16, 16], "texture": "#Main"},
				"up": {"uv": [15, 0, 16, 16], "texture": "#Main"},
				"down": {"uv": [15, 0, 16, 16], "texture": "#Main"}
			}
		},
		{
			"name": "bone",
			"from": [0, 13, 0],
			"to": [16, 14, 16],
			"rotation": {"angle": 0, "axis": "y", "origin": [8, 0, 8]},
			"faces": {
				"north": {"uv": [0, 2, 16, 3], "texture": "#Main"},
				"east": {"uv": [0, 2, 16, 3], "texture": "#Main"},
				"south": {"uv": [0, 2, 16, 3], "texture": "#Main"},
				"west": {"uv": [0, 2, 16, 3], "texture": "#Main"},
				"up": {"uv": [0, 0, 16, 16], "texture": "#Main"},
				"down": {"uv": [0, 0, 16, 16], "texture": "#Main"}
			}
		},
		{
			"name": "bone",
			"from": [2, 3, 1],
			"to": [14, 4, 2],
			"rotation": {"angle": 0, "axis": "y", "origin": [8, 0, 8]},
			"faces": {
				"north": {"uv": [2, 12, 14, 13], "texture": "#Main"},
				"east": {"uv": [14, 12, 15, 13], "texture": "#Main"},
				"south": {"uv": [2, 12, 14, 13], "texture": "#Main"},
				"west": {"uv": [1, 12, 2, 13], "texture": "#Main"},
				"up": {"uv": [2, 1, 14, 2], "texture": "#Main"},
				"down": {"uv": [2, 14, 14, 15], "texture": "#Main"}
			}
		},
		{
			"name": "bone",
			"from": [1, 3, 1],
			"to": [2, 13, 2],
			"rotation": {"angle": 0, "axis": "y", "origin": [8, 0, 8]},
			"faces": {
				"north": {"uv": [14, 3, 15, 13], "texture": "#Main"},
				"east": {"uv": [14, 3, 15, 13], "texture": "#Main"},
				"south": {"uv": [1, 3, 2, 13], "texture": "#Main"},
				"west": {"uv": [1, 3, 2, 13], "texture": "#Main"},
				"up": {"uv": [1, 1, 2, 2], "texture": "#Main"},
				"down": {"uv": [1, 14, 2, 15], "texture": "#Main"}
			}
		},
		{
			"name": "bone",
			"from": [2, 12, 1],
			"to": [14, 13, 2],
			"rotation": {"angle": 0, "axis": "y", "origin": [8, 0, 8]},
			"faces": {
				"north": {"uv": [2, 3, 14, 4], "texture": "#Main"},
				"east": {"uv": [14, 3, 15, 4], "texture": "#Main"},
				"south": {"uv": [2, 3, 14, 4], "texture": "#Main"},
				"west": {"uv": [1, 3, 2, 4], "texture": "#Main"},
				"up": {"uv": [2, 1, 14, 2], "texture": "#Main"},
				"down": {"uv": [2, 14, 14, 15], "texture": "#Main"}
			}
		},
		{
			"name": "bone",
			"from": [2, 7, 1],
			"to": [14, 9, 2],
			"rotation": {"angle": 0, "axis": "y", "origin": [8, 0, 8]},
			"faces": {
				"north": {"uv": [2, 7, 14, 9], "texture": "#Main"},
				"east": {"uv": [14, 7, 15, 9], "texture": "#Main"},
				"south": {"uv": [2, 7, 14, 9], "texture": "#Main"},
				"west": {"uv": [1, 7, 2, 9], "texture": "#Main"},
				"up": {"uv": [2, 1, 14, 2], "texture": "#Main"},
				"down": {"uv": [2, 14, 14, 15], "texture": "#Main"}
			}
		},
		{
			"name": "bone",
			"from": [14, 3, 1],
			"to": [15, 13, 2],
			"rotation": {"angle": 0, "axis": "y", "origin": [8, 0, 8]},
			"faces": {
				"north": {"uv": [1, 3, 2, 13], "texture": "#Main"},
				"east": {"uv": [14, 3, 15, 13], "texture": "#Main"},
				"south": {"uv": [14, 3, 15, 13], "texture": "#Main"},
				"west": {"uv": [1, 3, 2, 13], "texture": "#Main"},
				"up": {"uv": [14, 1, 15, 2], "texture": "#Main"},
				"down": {"uv": [14, 14, 15, 15], "texture": "#Main"}
			}
		}
	],
	"display": {
		"thirdperson_righthand": {
			"rotation": [75, 45, 0],
			"translation": [0, 2.5, 0],
			"scale": [0.375, 0.375, 0.375]
		},
		"thirdperson_lefthand": {
			"rotation": [75, 45, 0],
			"translation": [0, 2.5, 0],
			"scale": [0.375, 0.375, 0.375]
		},
		"firstperson_righthand": {
			"rotation": [0, 135, 0],
			"scale": [0.4, 0.4, 0.4]
		},
		"firstperson_lefthand": {
			"rotation": [0, 135, 0],
			"scale": [0.4, 0.4, 0.4]
		},
		"ground": {
			"translation": [0, 3, 0],
			"scale": [0.25, 0.25, 0.25]
		},
		"gui": {
			"rotation": [30, 225, 0],
			"translation": [0, -2.75, 0],
			"scale": [0.38, 0.38, 0.38]
		},
		"head": {
			"translation": [0, 0, -0.25]
		},
		"fixed": {
			"translation": [0, -4, 0],
			"scale": [0.5, 0.5, 0.5]
		}
	},
	"groups": [
		{
			"name": "1",
			"origin": [15, 24.75, 0],
			"color": 0,
			"nbt": "{}",
			"children": []
		},
		{
			"name": "2",
			"origin": [1, 24.75, 0],
			"color": 1,
			"nbt": "{}",
			"children": []
		},
		{
			"name": "draw1",
			"origin": [0, 12, -2],
			"color": 2,
			"nbt": "{}",
			"children": [0, 1, 2, 3, 4, 5]
		},
		{
			"name": "draw2",
			"origin": [0, 12, -2],
			"color": 3,
			"nbt": "{}",
			"children": [6, 7, 8, 9, 10, 11]
		},
		{
			"name": "bone",
			"origin": [0, 0, 0],
			"color": 4,
			"nbt": "{}",
			"children": [12, 13, 14, 15, 16, 17, 18, 19, 20, 21, 22]
		}
	]
}