{
	"credit": "Made by LYIVX",
	"elements": [
		{
			"name": "group17",
			"from": [15, 14, 15],
			"to": [16, 16, 16],
			"rotation": {"angle": 0, "axis": "y", "origin": [23, 0, 8]},
			"faces": {
				"north": {"uv": [0, 0, 1, 2], "texture": "#Secondary"},
				"east": {"uv": [0, 0, 1, 2], "texture": "#Secondary"},
				"south": {"uv": [15, 0, 16, 2], "texture": "#Secondary"},
				"west": {"uv": [15, 0, 16, 2], "texture": "#Secondary"},
				"up": {"uv": [15, 15, 16, 16], "texture": "#Secondary"},
				"down": {"uv": [15, 0, 16, 1], "texture": "#Secondary"}
			}
		},
		{
			"name": "group2",
			"from": [0, 14, 0],
			"to": [1, 16, 16],
			"rotation": {"angle": 0, "axis": "y", "origin": [8, 0, 8]},
			"faces": {
				"north": {"uv": [15, 0, 16, 2], "texture": "#Secondary"},
				"east": {"uv": [0, 0, 16, 2], "texture": "#Secondary"},
				"south": {"uv": [0, 0, 1, 2], "texture": "#Secondary"},
				"west": {"uv": [0, 0, 16, 2], "texture": "#Secondary"},
				"up": {"uv": [0, 0, 1, 16], "texture": "#Secondary"},
				"down": {"uv": [0, 0, 1, 16], "texture": "#Secondary"}
			}
		},
		{
			"name": "group3",
			"from": [1, 14, 1],
			"to": [2, 16, 16],
			"rotation": {"angle": 0, "axis": "y", "origin": [9, 0, 8]},
			"faces": {
				"north": {"uv": [14, 0, 15, 2], "texture": "#Secondary"},
				"east": {"uv": [0, 0, 15, 2], "texture": "#Secondary"},
				"south": {"uv": [1, 0, 2, 2], "texture": "#Secondary"},
				"west": {"uv": [1, 0, 16, 2], "texture": "#Secondary"},
				"up": {"uv": [1, 1, 2, 16], "texture": "#Secondary"},
				"down": {"uv": [1, 0, 2, 15], "texture": "#Secondary"}
			}
		},
		{
			"name": "group4",
			"from": [2, 14, 2],
			"to": [3, 16, 16],
			"rotation": {"angle": 0, "axis": "y", "origin": [10, 0, 8]},
			"faces": {
				"north": {"uv": [13, 0, 14, 2], "texture": "#Secondary"},
				"east": {"uv": [0, 0, 14, 2], "texture": "#Secondary"},
				"south": {"uv": [2, 0, 3, 2], "texture": "#Secondary"},
				"west": {"uv": [2, 0, 16, 2], "texture": "#Secondary"},
				"up": {"uv": [2, 2, 3, 16], "texture": "#Secondary"},
				"down": {"uv": [2, 0, 3, 14], "texture": "#Secondary"}
			}
		},
		{
			"name": "group5",
			"from": [3, 14, 3],
			"to": [4, 16, 16],
			"rotation": {"angle": 0, "axis": "y", "origin": [11, 0, 8]},
			"faces": {
				"north": {"uv": [12, 0, 13, 2], "texture": "#Secondary"},
				"east": {"uv": [0, 0, 13, 2], "texture": "#Secondary"},
				"south": {"uv": [3, 0, 4, 2], "texture": "#Secondary"},
				"west": {"uv": [3, 0, 16, 2], "texture": "#Secondary"},
				"up": {"uv": [3, 3, 4, 16], "texture": "#Secondary"},
				"down": {"uv": [3, 0, 4, 13], "texture": "#Secondary"}
			}
		},
		{
			"name": "group6",
			"from": [4, 14, 4],
			"to": [5, 16, 16],
			"rotation": {"angle": 0, "axis": "y", "origin": [12, 0, 8]},
			"faces": {
				"north": {"uv": [11, 0, 12, 2], "texture": "#Secondary"},
				"east": {"uv": [0, 0, 12, 2], "texture": "#Secondary"},
				"south": {"uv": [4, 0, 5, 2], "texture": "#Secondary"},
				"west": {"uv": [4, 0, 16, 2], "texture": "#Secondary"},
				"up": {"uv": [4, 4, 5, 16], "texture": "#Secondary"},
				"down": {"uv": [4, 0, 5, 12], "texture": "#Secondary"}
			}
		},
		{
			"name": "group7",
			"from": [5, 14, 5],
			"to": [6, 16, 16],
			"rotation": {"angle": 0, "axis": "y", "origin": [13, 0, 8]},
			"faces": {
				"north": {"uv": [10, 0, 11, 2], "texture": "#Secondary"},
				"east": {"uv": [0, 0, 11, 2], "texture": "#Secondary"},
				"south": {"uv": [5, 0, 6, 2], "texture": "#Secondary"},
				"west": {"uv": [5, 0, 16, 2], "texture": "#Secondary"},
				"up": {"uv": [5, 5, 6, 16], "texture": "#Secondary"},
				"down": {"uv": [5, 0, 6, 11], "texture": "#Secondary"}
			}
		},
		{
			"name": "group8",
			"from": [6, 14, 6],
			"to": [7, 16, 16],
			"rotation": {"angle": 0, "axis": "y", "origin": [14, 0, 8]},
			"faces": {
				"north": {"uv": [9, 0, 10, 2], "texture": "#Secondary"},
				"east": {"uv": [0, 0, 10, 2], "texture": "#Secondary"},
				"south": {"uv": [6, 0, 7, 2], "texture": "#Secondary"},
				"west": {"uv": [6, 0, 16, 2], "texture": "#Secondary"},
				"up": {"uv": [6, 6, 7, 16], "texture": "#Secondary"},
				"down": {"uv": [6, 0, 7, 10], "texture": "#Secondary"}
			}
		},
		{
			"name": "group9",
			"from": [7, 14, 7],
			"to": [8, 16, 16],
			"rotation": {"angle": 0, "axis": "y", "origin": [15, 0, 8]},
			"faces": {
				"north": {"uv": [8, 0, 9, 2], "texture": "#Secondary"},
				"east": {"uv": [0, 0, 9, 2], "texture": "#Secondary"},
				"south": {"uv": [7, 0, 8, 2], "texture": "#Secondary"},
				"west": {"uv": [7, 0, 16, 2], "texture": "#Secondary"},
				"up": {"uv": [7, 7, 8, 16], "texture": "#Secondary"},
				"down": {"uv": [7, 0, 8, 9], "texture": "#Secondary"}
			}
		},
		{
			"name": "group10",
			"from": [8, 14, 8],
			"to": [9, 16, 16],
			"rotation": {"angle": 0, "axis": "y", "origin": [16, 0, 8]},
			"faces": {
				"north": {"uv": [7, 0, 8, 2], "texture": "#Secondary"},
				"east": {"uv": [0, 0, 8, 2], "texture": "#Secondary"},
				"south": {"uv": [8, 0, 9, 2], "texture": "#Secondary"},
				"west": {"uv": [8, 0, 16, 2], "texture": "#Secondary"},
				"up": {"uv": [8, 8, 9, 16], "texture": "#Secondary"},
				"down": {"uv": [8, 0, 9, 8], "texture": "#Secondary"}
			}
		},
		{
			"name": "group11",
			"from": [9, 14, 9],
			"to": [10, 16, 16],
			"rotation": {"angle": 0, "axis": "y", "origin": [17, 0, 8]},
			"faces": {
				"north": {"uv": [6, 0, 7, 2], "texture": "#Secondary"},
				"east": {"uv": [0, 0, 7, 2], "texture": "#Secondary"},
				"south": {"uv": [9, 0, 10, 2], "texture": "#Secondary"},
				"west": {"uv": [9, 0, 16, 2], "texture": "#Secondary"},
				"up": {"uv": [9, 9, 10, 16], "texture": "#Secondary"},
				"down": {"uv": [9, 0, 10, 7], "texture": "#Secondary"}
			}
		},
		{
			"name": "group12",
			"from": [10, 14, 10],
			"to": [11, 16, 16],
			"rotation": {"angle": 0, "axis": "y", "origin": [18, 0, 8]},
			"faces": {
				"north": {"uv": [5, 0, 6, 2], "texture": "#Secondary"},
				"east": {"uv": [0, 0, 6, 2], "texture": "#Secondary"},
				"south": {"uv": [10, 0, 11, 2], "texture": "#Secondary"},
				"west": {"uv": [10, 0, 16, 2], "texture": "#Secondary"},
				"up": {"uv": [10, 10, 11, 16], "texture": "#Secondary"},
				"down": {"uv": [10, 0, 11, 6], "texture": "#Secondary"}
			}
		},
		{
			"name": "group13",
			"from": [11, 14, 11],
			"to": [12, 16, 16],
			"rotation": {"angle": 0, "axis": "y", "origin": [19, 0, 8]},
			"faces": {
				"north": {"uv": [4, 0, 5, 2], "texture": "#Secondary"},
				"east": {"uv": [0, 0, 5, 2], "texture": "#Secondary"},
				"south": {"uv": [11, 0, 12, 2], "texture": "#Secondary"},
				"west": {"uv": [11, 0, 16, 2], "texture": "#Secondary"},
				"up": {"uv": [11, 11, 12, 16], "texture": "#Secondary"},
				"down": {"uv": [11, 0, 12, 5], "texture": "#Secondary"}
			}
		},
		{
			"name": "group14",
			"from": [12, 14, 12],
			"to": [13, 16, 16],
			"rotation": {"angle": 0, "axis": "y", "origin": [20, 0, 8]},
			"faces": {
				"north": {"uv": [3, 0, 4, 2], "texture": "#Secondary"},
				"east": {"uv": [0, 0, 4, 2], "texture": "#Secondary"},
				"south": {"uv": [12, 0, 13, 2], "texture": "#Secondary"},
				"west": {"uv": [12, 0, 16, 2], "texture": "#Secondary"},
				"up": {"uv": [12, 12, 13, 16], "texture": "#Secondary"},
				"down": {"uv": [12, 0, 13, 4], "texture": "#Secondary"}
			}
		},
		{
			"name": "group15",
			"from": [13, 14, 13],
			"to": [14, 16, 16],
			"rotation": {"angle": 0, "axis": "y", "origin": [21, 0, 8]},
			"faces": {
				"north": {"uv": [2, 0, 3, 2], "texture": "#Secondary"},
				"east": {"uv": [0, 0, 3, 2], "texture": "#Secondary"},
				"south": {"uv": [13, 0, 14, 2], "texture": "#Secondary"},
				"west": {"uv": [13, 0, 16, 2], "texture": "#Secondary"},
				"up": {"uv": [13, 13, 14, 16], "texture": "#Secondary"},
				"down": {"uv": [13, 0, 14, 3], "texture": "#Secondary"}
			}
		},
		{
			"name": "group16",
			"from": [14, 14, 14],
			"to": [15, 16, 16],
			"rotation": {"angle": 0, "axis": "y", "origin": [22, 0, 8]},
			"faces": {
				"north": {"uv": [1, 0, 2, 2], "texture": "#Secondary"},
				"east": {"uv": [0, 0, 2, 2], "texture": "#Secondary"},
				"south": {"uv": [14, 0, 15, 2], "texture": "#Secondary"},
				"west": {"uv": [14, 0, 16, 2], "texture": "#Secondary"},
				"up": {"uv": [14, 14, 15, 16], "texture": "#Secondary"},
				"down": {"uv": [14, 0, 15, 2], "texture": "#Secondary"}
			}
		},
		{
			"name": "group18",
			"from": [1, 14, 0],
			"to": [16, 16, 1],
			"rotation": {"angle": 0, "axis": "y", "origin": [8.5, 15, 0.5]},
			"faces": {
				"north": {"uv": [1, 0, 16, 2], "texture": "#Secondary"},
				"east": {"uv": [0, 0, 1, 2], "texture": "#Secondary"},
				"south": {"uv": [0, 0, 15, 2], "texture": "#Secondary"},
				"west": {"uv": [15, 0, 16, 2], "texture": "#Secondary"},
				"up": {"uv": [15, 16, 16, 1], "rotation": 90, "texture": "#Secondary"},
				"down": {"uv": [1, 1, 2, 16], "rotation": 270, "texture": "#Secondary"}
			}
		},
		{
			"name": "group4",
			"from": [15, 14, 14],
			"to": [16, 16, 15],
			"rotation": {"angle": 0, "axis": "y", "origin": [8, 0, 8]},
			"faces": {
				"north": {"uv": [0, 0, 1, 2], "texture": "#Secondary"},
				"east": {"uv": [1, 0, 2, 2], "texture": "#Secondary"},
				"south": {"uv": [15, 0, 16, 2], "texture": "#Secondary"},
				"west": {"uv": [14, 0, 15, 2], "texture": "#Secondary"},
				"up": {"uv": [1, 15, 2, 16], "rotation": 270, "texture": "#Secondary"},
				"down": {"uv": [15, 1, 16, 2], "rotation": 90, "texture": "#Secondary"}
			}
		},
		{
			"name": "group5",
			"from": [14, 14, 13],
			"to": [16, 16, 14],
			"rotation": {"angle": 0, "axis": "y", "origin": [15, 15, 13.5]},
			"faces": {
				"north": {"uv": [14, 0, 16, 2], "texture": "#Secondary"},
				"east": {"uv": [13, 0, 14, 2], "texture": "#Secondary"},
				"south": {"uv": [0, 0, 2, 2], "texture": "#Secondary"},
				"west": {"uv": [2, 0, 3, 2], "texture": "#Secondary"},
				"up": {"uv": [2, 16, 3, 14], "rotation": 90, "texture": "#Secondary"},
				"down": {"uv": [14, 2, 15, 4], "rotation": 270, "texture": "#Secondary"}
			}
		},
		{
			"name": "group6",
			"from": [13, 14, 12],
			"to": [16, 16, 13],
			"rotation": {"angle": 0, "axis": "y", "origin": [14.5, 15, 12.5]},
			"faces": {
				"north": {"uv": [13, 0, 16, 2], "texture": "#Secondary"},
				"east": {"uv": [12, 0, 13, 2], "texture": "#Secondary"},
				"south": {"uv": [0, 0, 3, 2], "texture": "#Secondary"},
				"west": {"uv": [3, 0, 4, 2], "texture": "#Secondary"},
				"up": {"uv": [3, 16, 4, 13], "rotation": 90, "texture": "#Secondary"},
				"down": {"uv": [13, 3, 14, 6], "rotation": 270, "texture": "#Secondary"}
			}
		},
		{
			"name": "group7",
			"from": [12, 14, 11],
			"to": [16, 16, 12],
			"rotation": {"angle": 0, "axis": "y", "origin": [14, 15, 11.5]},
			"faces": {
				"north": {"uv": [12, 0, 16, 2], "texture": "#Secondary"},
				"east": {"uv": [11, 0, 12, 2], "texture": "#Secondary"},
				"south": {"uv": [0, 0, 4, 2], "texture": "#Secondary"},
				"west": {"uv": [4, 0, 5, 2], "texture": "#Secondary"},
				"up": {"uv": [4, 16, 5, 12], "rotation": 90, "texture": "#Secondary"},
				"down": {"uv": [12, 4, 13, 8], "rotation": 270, "texture": "#Secondary"}
			}
		},
		{
			"name": "group8",
			"from": [11, 14, 10],
			"to": [16, 16, 11],
			"rotation": {"angle": 0, "axis": "y", "origin": [13.5, 15, 10.5]},
			"faces": {
				"north": {"uv": [11, 0, 16, 2], "texture": "#Secondary"},
				"east": {"uv": [10, 0, 11, 2], "texture": "#Secondary"},
				"south": {"uv": [0, 0, 5, 2], "texture": "#Secondary"},
				"west": {"uv": [5, 0, 6, 2], "texture": "#Secondary"},
				"up": {"uv": [5, 16, 6, 11], "rotation": 90, "texture": "#Secondary"},
				"down": {"uv": [11, 5, 12, 10], "rotation": 270, "texture": "#Secondary"}
			}
		},
		{
			"name": "group9",
			"from": [10, 14, 9],
			"to": [16, 16, 10],
			"rotation": {"angle": 0, "axis": "y", "origin": [13, 15, 9.5]},
			"faces": {
				"north": {"uv": [10, 0, 16, 2], "texture": "#Secondary"},
				"east": {"uv": [9, 0, 10, 2], "texture": "#Secondary"},
				"south": {"uv": [0, 0, 6, 2], "texture": "#Secondary"},
				"west": {"uv": [6, 0, 7, 2], "texture": "#Secondary"},
				"up": {"uv": [6, 16, 7, 10], "rotation": 90, "texture": "#Secondary"},
				"down": {"uv": [10, 6, 11, 12], "rotation": 270, "texture": "#Secondary"}
			}
		},
		{
			"name": "group10",
			"from": [9, 14, 8],
			"to": [16, 16, 9],
			"rotation": {"angle": 0, "axis": "y", "origin": [12.5, 15, 8.5]},
			"faces": {
				"north": {"uv": [9, 0, 16, 2], "texture": "#Secondary"},
				"east": {"uv": [8, 0, 9, 2], "texture": "#Secondary"},
				"south": {"uv": [0, 0, 7, 2], "texture": "#Secondary"},
				"west": {"uv": [7, 0, 8, 2], "texture": "#Secondary"},
				"up": {"uv": [7, 16, 8, 9], "rotation": 90, "texture": "#Secondary"},
				"down": {"uv": [9, 7, 10, 14], "rotation": 270, "texture": "#Secondary"}
			}
		},
		{
			"name": "group11",
			"from": [8, 14, 7],
			"to": [16, 16, 8],
			"rotation": {"angle": 0, "axis": "y", "origin": [12, 15, 7.5]},
			"faces": {
				"north": {"uv": [8, 0, 16, 2], "texture": "#Secondary"},
				"east": {"uv": [7, 0, 8, 2], "texture": "#Secondary"},
				"south": {"uv": [0, 0, 8, 2], "texture": "#Secondary"},
				"west": {"uv": [8, 0, 9, 2], "texture": "#Secondary"},
				"up": {"uv": [8, 16, 9, 8], "rotation": 90, "texture": "#Secondary"},
				"down": {"uv": [8, 8, 9, 16], "rotation": 270, "texture": "#Secondary"}
			}
		},
		{
			"name": "group12",
			"from": [7, 14, 6],
			"to": [16, 16, 7],
			"rotation": {"angle": 0, "axis": "y", "origin": [11.5, 15, 6.5]},
			"faces": {
				"north": {"uv": [7, 0, 16, 2], "texture": "#Secondary"},
				"east": {"uv": [6, 0, 7, 2], "texture": "#Secondary"},
				"south": {"uv": [0, 0, 9, 2], "texture": "#Secondary"},
				"west": {"uv": [9, 0, 10, 2], "texture": "#Secondary"},
				"up": {"uv": [9, 16, 10, 7], "rotation": 90, "texture": "#Secondary"},
				"down": {"uv": [7, 7, 8, 16], "rotation": 270, "texture": "#Secondary"}
			}
		},
		{
			"name": "group13",
			"from": [6, 14, 5],
			"to": [16, 16, 6],
			"rotation": {"angle": 0, "axis": "y", "origin": [11, 15, 5.5]},
			"faces": {
				"north": {"uv": [6, 0, 16, 2], "texture": "#Secondary"},
				"east": {"uv": [5, 0, 6, 2], "texture": "#Secondary"},
				"south": {"uv": [0, 0, 10, 2], "texture": "#Secondary"},
				"west": {"uv": [10, 0, 11, 2], "texture": "#Secondary"},
				"up": {"uv": [10, 16, 11, 6], "rotation": 90, "texture": "#Secondary"},
				"down": {"uv": [6, 6, 7, 16], "rotation": 270, "texture": "#Secondary"}
			}
		},
		{
			"name": "group14",
			"from": [5, 14, 4],
			"to": [16, 16, 5],
			"rotation": {"angle": 0, "axis": "y", "origin": [10.5, 15, 4.5]},
			"faces": {
				"north": {"uv": [5, 0, 16, 2], "texture": "#Secondary"},
				"east": {"uv": [4, 0, 5, 2], "texture": "#Secondary"},
				"south": {"uv": [0, 0, 11, 2], "texture": "#Secondary"},
				"west": {"uv": [11, 0, 12, 2], "texture": "#Secondary"},
				"up": {"uv": [11, 16, 12, 5], "rotation": 90, "texture": "#Secondary"},
				"down": {"uv": [5, 5, 6, 16], "rotation": 270, "texture": "#Secondary"}
			}
		},
		{
			"name": "group15",
			"from": [4, 14, 3],
			"to": [16, 16, 4],
			"rotation": {"angle": 0, "axis": "y", "origin": [10, 15, 3.5]},
			"faces": {
				"north": {"uv": [4, 0, 16, 2], "texture": "#Secondary"},
				"east": {"uv": [3, 0, 4, 2], "texture": "#Secondary"},
				"south": {"uv": [0, 0, 12, 2], "texture": "#Secondary"},
				"west": {"uv": [12, 0, 13, 2], "texture": "#Secondary"},
				"up": {"uv": [12, 16, 13, 4], "rotation": 90, "texture": "#Secondary"},
				"down": {"uv": [4, 4, 5, 16], "rotation": 270, "texture": "#Secondary"}
			}
		},
		{
			"name": "group16",
			"from": [3, 14, 2],
			"to": [16, 16, 3],
			"rotation": {"angle": 0, "axis": "y", "origin": [9.5, 15, 2.5]},
			"faces": {
				"north": {"uv": [3, 0, 16, 2], "texture": "#Secondary"},
				"east": {"uv": [2, 0, 3, 2], "texture": "#Secondary"},
				"south": {"uv": [0, 0, 13, 2], "texture": "#Secondary"},
				"west": {"uv": [13, 0, 14, 2], "texture": "#Secondary"},
				"up": {"uv": [14, 16, 13, 3], "rotation": 90, "texture": "#Secondary"},
				"down": {"uv": [3, 3, 4, 16], "rotation": 270, "texture": "#Secondary"}
			}
		},
		{
			"name": "group17",
			"from": [2, 14, 1],
			"to": [16, 16, 2],
			"rotation": {"angle": 0, "axis": "y", "origin": [9, 15, 1.5]},
			"faces": {
				"north": {"uv": [2, 0, 16, 2], "texture": "#Secondary"},
				"east": {"uv": [1, 0, 2, 2], "texture": "#Secondary"},
				"south": {"uv": [0, 0, 14, 2], "texture": "#Secondary"},
				"west": {"uv": [14, 0, 15, 2], "texture": "#Secondary"},
				"up": {"uv": [14, 16, 15, 2], "rotation": 90, "texture": "#Secondary"},
				"down": {"uv": [2, 2, 3, 16], "rotation": 270, "texture": "#Secondary"}
			}
		},
		{
			"name": "group",
			"from": [0, 0, 8],
			"to": [16, 14, 16],
			"rotation": {"angle": 0, "axis": "y", "origin": [8, 0, 8]},
			"faces": {
				"north": {"uv": [0, 2, 16, 16], "texture": "#Main"},
				"east": {"uv": [0, 2, 8, 16], "texture": "#Main"},
				"south": {"uv": [0, 2, 16, 16], "texture": "#Main"},
				"west": {"uv": [8, 2, 16, 16], "texture": "#Main"},
				"up": {"uv": [0, 8, 16, 16], "texture": "#Main"},
				"down": {"uv": [0, 0, 16, 8], "texture": "#Main"}
			}
		},
		{
			"name": "group",
			"from": [8, 0, 0],
			"to": [16, 14, 8],
			"rotation": {"angle": 0, "axis": "y", "origin": [8, 0, 15]},
			"faces": {
				"north": {"uv": [0, 2, 8, 16], "texture": "#Main"},
				"east": {"uv": [8, 2, 16, 16], "texture": "#Main"},
				"south": {"uv": [8, 2, 16, 16], "texture": "#Main"},
				"west": {"uv": [0, 2, 8, 16], "texture": "#Main"},
				"up": {"uv": [8, 0, 16, 8], "texture": "#Main"},
				"down": {"uv": [8, 8, 16, 16], "texture": "#Main"}
			}
		}
	],
	"display": {
		"thirdperson_righthand": {
			"rotation": [75, 45, 0],
			"translation": [0, 2.5, 0],
			"scale": [0.375, 0.375, 0.375]
		},
		"thirdperson_lefthand": {
			"rotation": [75, 45, 0],
			"translation": [0, 2.5, 0],
			"scale": [0.375, 0.375, 0.375]
		},
		"firstperson_righthand": {
			"rotation": [0, 135, 0],
			"scale": [0.4, 0.4, 0.4]
		},
		"firstperson_lefthand": {
			"rotation": [0, 135, 0],
			"scale": [0.4, 0.4, 0.4]
		},
		"ground": {
			"translation": [0, 3, 0],
			"scale": [0.25, 0.25, 0.25]
		},
		"gui": {
			"rotation": [30, 225, 0],
			"scale": [0.625, 0.625, 0.625]
		},
		"head": {
			"translation": [0, 0, -0.5]
		},
		"fixed": {
			"scale": [0.5, 0.5, 0.5]
		}
	},
	"groups": [
		{
			"name": "group2",
			"origin": [8, 0, 8],
			"color": 0,
			"children": [
				{
					"name": "group",
					"origin": [22, 0, 8],
					"color": 0,
					"children": [0, 1, 2, 3, 4, 5, 6, 7, 8, 9, 10, 11, 12, 13, 14, 15]
				},
				{
					"name": "group",
					"origin": [22, 0, 8],
					"color": 0,
					"children": [16, 17, 18, 19, 20, 21, 22, 23, 24, 25, 26, 27, 28, 29, 30]
				}
			]
		},
		{
			"name": "group",
			"origin": [0, 0, 0],
			"color": 1,
			"children": [31, 32]
		}
	]
}