{
	"credit": "Made by LYIVX",
	"elements": [
		{
			"name": "group2",
			"from": [0, 14, 0],
			"to": [16, 16, 16],
			"rotation": {"angle": 0, "axis": "y", "origin": [8, 0, 8]},
			"faces": {
				"north": {"uv": [0, 0, 16, 2], "texture": "#Secondary"},
				"east": {"uv": [0, 0, 16, 2], "texture": "#Secondary"},
				"south": {"uv": [0, 0, 16, 2], "texture": "#Secondary"},
				"west": {"uv": [0, 0, 16, 2], "texture": "#Secondary"},
				"up": {"uv": [0, 0, 16, 16], "texture": "#Secondary"},
				"down": {"uv": [0, 0, 16, 16], "texture": "#Secondary"}
			}
		},
		{
			"name": "group",
			"from": [1, 0, 8],
			"to": [16, 14, 16],
			"rotation": {"angle": 0, "axis": "y", "origin": [8, 0, 8]},
			"faces": {
				"north": {"uv": [0, 2, 15, 16], "texture": "#Main"},
				"east": {"uv": [0, 2, 8, 16], "texture": "#Main"},
				"south": {"uv": [1, 2, 16, 16], "texture": "#Main"},
				"west": {"uv": [8, 2, 16, 16], "texture": "#Main"},
				"up": {"uv": [1, 8, 16, 16], "texture": "#Main"},
				"down": {"uv": [1, 0, 16, 8], "texture": "#Main"}
			}
		}
	],
	"display": {
		"thirdperson_righthand": {
			"rotation": [75, 45, 0],
			"translation": [0, 2.5, 0],
			"scale": [0.375, 0.375, 0.375]
		},
		"thirdperson_lefthand": {
			"rotation": [75, 45, 0],
			"translation": [0, 2.5, 0],
			"scale": [0.375, 0.375, 0.375]
		},
		"firstperson_righthand": {
			"rotation": [0, 135, 0],
			"scale": [0.4, 0.4, 0.4]
		},
		"firstperson_lefthand": {
			"rotation": [0, 135, 0],
			"scale": [0.4, 0.4, 0.4]
		},
		"ground": {
			"translation": [0, 3, 0],
			"scale": [0.25, 0.25, 0.25]
		},
		"gui": {
			"rotation": [30, 225, 0],
			"scale": [0.625, 0.625, 0.625]
		},
		"head": {
			"translation": [0, 0, -0.5]
		},
		"fixed": {
			"scale": [0.5, 0.5, 0.5]
		}
	},
	"groups": [
		{
			"name": "group2",
			"origin": [8, 0, 8],
			"color": 0,
			"children": [0]
		},
		{
			"name": "group",
			"origin": [0, 0, 0],
			"color": 1,
			"children": [1]
		}
	]
}