{
	"credit": "Made by LYIVX",
	"ambientocclusion": false,
	"elements": [
		{
			"from": [0, 0, 0],
			"to": [3, 16, 16],
			"faces": {
				"north": {"uv": [3, 0, 0, 16], "texture": "#0", "cullface": "north"},
				"east": {"uv": [0, 0, 16, 16], "texture": "#0"},
				"south": {"uv": [0, 0, 3, 16], "texture": "#0", "cullface": "south"},
				"west": {"uv": [16, 0, 0, 16], "texture": "#0", "cullface": "west"},
				"down": {"uv": [0, 13, 16, 16], "rotation": 90, "texture": "#0", "cullface": "down"}
			}
		},
		{
			"from": [0, 16, 0],
			"to": [3, 32, 16],
			"rotation": {"angle": 0, "axis": "y", "origin": [0, 16, 0]},
			"faces": {
				"north": {"uv": [3, 0, 0, 16], "texture": "#0", "cullface": "north"},
				"east": {"uv": [0, 0, 16, 16], "texture": "#0"},
				"south": {"uv": [0, 0, 3, 16], "texture": "#0", "cullface": "south"},
				"west": {"uv": [16, 0, 0, 16], "texture": "#0", "cullface": "west"},
				"up": {"uv": [0, 0, 16, 3], "rotation": 270, "texture": "#0", "cullface": "up"}
			}
		}
	],
	"display": {
		"thirdperson_righthand": {
			"rotation": [75, 45, 0],
			"translation": [0, 1.5, 0],
			"scale": [0.15, 0.15, 0.15]
		},
		"thirdperson_lefthand": {
			"rotation": [75, 45, 0],
			"translation": [0, 1.5, 0],
			"scale": [0.15, 0.15, 0.15]
		},
		"firstperson_righthand": {
			"rotation": [0, 45, 0],
			"scale": [0.2, 0.2, 0.2]
		},
		"firstperson_lefthand": {
			"rotation": [0, 225, 0],
			"scale": [0.2, 0.2, 0.2]
		},
		"ground": {
			"translation": [0, 3, 0],
			"scale": [0.25, 0.25, 0.25]
		},
		"gui": {
			"rotation": [0, 90, 0],
			"translation": [0, -4.5, 0],
			"scale": [0.45, 0.45, 0.625]
		},
		"head": {
			"translation": [6.5, 0, 0]
		},
		"fixed": {
			"rotation": [0, -90, 0],
			"translation": [0, -2, 2.25],
			"scale": [0.25, 0.25, 0.25]
		}
	}
}