{
	"credit": "Made by LYIVX",
	"textures": {
		"Secondary": "block/oak_log",
		"Main": "block/stripped_oak_log"
	},
	"elements": [
		{
			"name": "group2",
			"from": [0, -2, 15],
			"to": [16, 0, 16],
			"rotation": {"angle": 0, "axis": "y", "origin": [8, -18, 8]},
			"faces": {
				"north": {"uv": [0, 0, 16, 2], "texture": "#Secondary"},
				"east": {"uv": [0, 0, 1, 2], "texture": "#Secondary"},
				"south": {"uv": [0, 0, 16, 2], "texture": "#Secondary"},
				"west": {"uv": [15, 0, 16, 2], "texture": "#Secondary"},
				"up": {"uv": [0, 15, 16, 16], "texture": "#Secondary"},
				"down": {"uv": [0, 0, 16, 1], "texture": "#Secondary"}
			}
		},
		{
			"name": "group3",
			"from": [15, -2, 0],
			"to": [16, 0, 15],
			"rotation": {"angle": 0, "axis": "y", "origin": [8, -18, 8]},
			"faces": {
				"north": {"uv": [0, 14, 1, 16], "texture": "#Secondary"},
				"east": {"uv": [1, 0, 16, 2], "texture": "#Secondary"},
				"south": {"uv": [15, 0, 16, 2], "texture": "#Secondary"},
				"west": {"uv": [0, 0, 15, 2], "texture": "#Secondary"},
				"up": {"uv": [1, 15, 16, 16], "rotation": 270, "texture": "#Secondary"},
				"down": {"uv": [1, 15, 16, 16], "rotation": 90, "texture": "#Secondary"}
			}
		},
		{
			"name": "group17",
			"from": [15, 0, 15],
			"to": [16, 1, 16],
			"rotation": {"angle": 0, "axis": "y", "origin": [23, -14, 8]},
			"faces": {
				"north": {"uv": [0, 15, 1, 16], "texture": "#Secondary"},
				"east": {"uv": [0, 15, 1, 16], "texture": "#Secondary"},
				"south": {"uv": [15, 15, 16, 16], "texture": "#Secondary"},
				"west": {"uv": [15, 15, 16, 16], "texture": "#Secondary"},
				"up": {"uv": [15, 15, 16, 16], "texture": "#Secondary"},
				"down": {"uv": [15, 0, 16, 1], "texture": "#Secondary"}
			}
		},
		{
			"name": "group11",
			"from": [0, 0, 9],
			"to": [10, 1, 16],
			"rotation": {"angle": 0, "axis": "y", "origin": [17, -14, 8]},
			"faces": {
				"north": {"uv": [6, 15, 16, 16], "texture": "#Secondary"},
				"east": {"uv": [0, 15, 7, 16], "texture": "#Secondary"},
				"south": {"uv": [0, 15, 10, 16], "texture": "#Secondary"},
				"west": {"uv": [9, 15, 16, 16], "texture": "#Secondary"},
				"up": {"uv": [0, 9, 10, 16], "texture": "#Secondary"},
				"down": {"uv": [0, 0, 10, 7], "texture": "#Secondary"}
			}
		},
		{
			"name": "group12",
			"from": [10, 0, 10],
			"to": [11, 1, 16],
			"rotation": {"angle": 0, "axis": "y", "origin": [18, -14, 8]},
			"faces": {
				"north": {"uv": [5, 15, 6, 16], "texture": "#Secondary"},
				"east": {"uv": [0, 15, 6, 16], "texture": "#Secondary"},
				"south": {"uv": [10, 15, 11, 16], "texture": "#Secondary"},
				"west": {"uv": [10, 15, 16, 16], "texture": "#Secondary"},
				"up": {"uv": [10, 10, 11, 16], "texture": "#Secondary"},
				"down": {"uv": [10, 0, 11, 6], "texture": "#Secondary"}
			}
		},
		{
			"name": "group13",
			"from": [11, 0, 11],
			"to": [12, 1, 16],
			"rotation": {"angle": 0, "axis": "y", "origin": [19, -14, 8]},
			"faces": {
				"north": {"uv": [4, 15, 5, 16], "texture": "#Secondary"},
				"east": {"uv": [0, 15, 5, 16], "texture": "#Secondary"},
				"south": {"uv": [11, 15, 12, 16], "texture": "#Secondary"},
				"west": {"uv": [11, 15, 16, 16], "texture": "#Secondary"},
				"up": {"uv": [11, 11, 12, 16], "texture": "#Secondary"},
				"down": {"uv": [11, 0, 12, 5], "texture": "#Secondary"}
			}
		},
		{
			"name": "group14",
			"from": [12, 0, 12],
			"to": [13, 1, 16],
			"rotation": {"angle": 0, "axis": "y", "origin": [20, -14, 8]},
			"faces": {
				"north": {"uv": [3, 15, 4, 16], "texture": "#Secondary"},
				"east": {"uv": [0, 15, 4, 16], "texture": "#Secondary"},
				"south": {"uv": [12, 15, 13, 16], "texture": "#Secondary"},
				"west": {"uv": [12, 15, 16, 16], "texture": "#Secondary"},
				"up": {"uv": [12, 12, 13, 16], "texture": "#Secondary"},
				"down": {"uv": [12, 0, 13, 4], "texture": "#Secondary"}
			}
		},
		{
			"name": "group15",
			"from": [13, 0, 13],
			"to": [14, 1, 16],
			"rotation": {"angle": 0, "axis": "y", "origin": [21, -14, 8]},
			"faces": {
				"north": {"uv": [2, 15, 3, 16], "texture": "#Secondary"},
				"east": {"uv": [0, 15, 3, 16], "texture": "#Secondary"},
				"south": {"uv": [13, 15, 14, 16], "texture": "#Secondary"},
				"west": {"uv": [13, 15, 16, 16], "texture": "#Secondary"},
				"up": {"uv": [13, 13, 14, 16], "texture": "#Secondary"},
				"down": {"uv": [13, 0, 14, 3], "texture": "#Secondary"}
			}
		},
		{
			"name": "group16",
			"from": [14, 0, 14],
			"to": [15, 1, 16],
			"rotation": {"angle": 0, "axis": "y", "origin": [22, -14, 8]},
			"faces": {
				"north": {"uv": [1, 15, 2, 16], "texture": "#Secondary"},
				"east": {"uv": [0, 15, 2, 16], "texture": "#Secondary"},
				"south": {"uv": [14, 15, 15, 16], "texture": "#Secondary"},
				"west": {"uv": [14, 15, 16, 16], "texture": "#Secondary"},
				"up": {"uv": [14, 14, 15, 16], "texture": "#Secondary"},
				"down": {"uv": [14, 0, 15, 2], "texture": "#Secondary"}
			}
		},
		{
			"name": "group18",
			"from": [15, 15, 15],
			"to": [16, 16, 16],
			"rotation": {"angle": 0, "axis": "y", "origin": [23, 1, 8]},
			"faces": {
				"north": {"uv": [0, 0, 1, 1], "texture": "#Secondary"},
				"east": {"uv": [0, 0, 1, 1], "texture": "#Secondary"},
				"south": {"uv": [15, 0, 16, 1], "texture": "#Secondary"},
				"west": {"uv": [15, 0, 16, 1], "texture": "#Secondary"},
				"up": {"uv": [15, 15, 16, 16], "texture": "#Secondary"},
				"down": {"uv": [15, 0, 16, 1], "texture": "#Secondary"}
			}
		},
		{
			"name": "group12",
			"from": [0, 15, 9],
			"to": [10, 16, 16],
			"rotation": {"angle": 0, "axis": "y", "origin": [17, 1, 8]},
			"faces": {
				"north": {"uv": [6, 0, 16, 1], "texture": "#Secondary"},
				"east": {"uv": [0, 0, 7, 1], "texture": "#Secondary"},
				"south": {"uv": [0, 0, 10, 1], "texture": "#Secondary"},
				"west": {"uv": [9, 0, 16, 1], "texture": "#Secondary"},
				"up": {"uv": [0, 9, 10, 16], "texture": "#Secondary"},
				"down": {"uv": [0, 0, 10, 7], "texture": "#Secondary"}
			}
		},
		{
			"name": "group13",
			"from": [10, 15, 10],
			"to": [11, 16, 16],
			"rotation": {"angle": 0, "axis": "y", "origin": [18, 1, 8]},
			"faces": {
				"north": {"uv": [5, 0, 6, 1], "texture": "#Secondary"},
				"east": {"uv": [0, 0, 6, 1], "texture": "#Secondary"},
				"south": {"uv": [10, 0, 11, 1], "texture": "#Secondary"},
				"west": {"uv": [10, 0, 16, 1], "texture": "#Secondary"},
				"up": {"uv": [10, 10, 11, 16], "texture": "#Secondary"},
				"down": {"uv": [10, 0, 11, 6], "texture": "#Secondary"}
			}
		},
		{
			"name": "group14",
			"from": [11, 15, 11],
			"to": [12, 16, 16],
			"rotation": {"angle": 0, "axis": "y", "origin": [19, 1, 8]},
			"faces": {
				"north": {"uv": [4, 0, 5, 1], "texture": "#Secondary"},
				"east": {"uv": [0, 0, 5, 1], "texture": "#Secondary"},
				"south": {"uv": [11, 0, 12, 1], "texture": "#Secondary"},
				"west": {"uv": [11, 0, 16, 1], "texture": "#Secondary"},
				"up": {"uv": [11, 11, 12, 16], "texture": "#Secondary"},
				"down": {"uv": [11, 0, 12, 5], "texture": "#Secondary"}
			}
		},
		{
			"name": "group15",
			"from": [12, 15, 12],
			"to": [13, 16, 16],
			"rotation": {"angle": 0, "axis": "y", "origin": [20, 1, 8]},
			"faces": {
				"north": {"uv": [3, 0, 4, 1], "texture": "#Secondary"},
				"east": {"uv": [0, 0, 4, 1], "texture": "#Secondary"},
				"south": {"uv": [12, 0, 13, 1], "texture": "#Secondary"},
				"west": {"uv": [12, 0, 16, 1], "texture": "#Secondary"},
				"up": {"uv": [12, 12, 13, 16], "texture": "#Secondary"},
				"down": {"uv": [12, 0, 13, 4], "texture": "#Secondary"}
			}
		},
		{
			"name": "group16",
			"from": [13, 15, 13],
			"to": [14, 16, 16],
			"rotation": {"angle": 0, "axis": "y", "origin": [21, 1, 8]},
			"faces": {
				"north": {"uv": [2, 0, 3, 1], "texture": "#Secondary"},
				"east": {"uv": [0, 0, 3, 1], "texture": "#Secondary"},
				"south": {"uv": [13, 0, 14, 1], "texture": "#Secondary"},
				"west": {"uv": [13, 0, 16, 1], "texture": "#Secondary"},
				"up": {"uv": [13, 13, 14, 16], "texture": "#Secondary"},
				"down": {"uv": [13, 0, 14, 3], "texture": "#Secondary"}
			}
		},
		{
			"name": "group17",
			"from": [14, 15, 14],
			"to": [15, 16, 16],
			"rotation": {"angle": 0, "axis": "y", "origin": [22, 1, 8]},
			"faces": {
				"north": {"uv": [1, 0, 2, 1], "texture": "#Secondary"},
				"east": {"uv": [0, 0, 2, 1], "texture": "#Secondary"},
				"south": {"uv": [14, 0, 15, 1], "texture": "#Secondary"},
				"west": {"uv": [14, 0, 16, 1], "texture": "#Secondary"},
				"up": {"uv": [14, 14, 15, 16], "texture": "#Secondary"},
				"down": {"uv": [14, 0, 15, 2], "texture": "#Secondary"}
			}
		},
		{
			"name": "group4",
			"from": [15, 0, 14],
			"to": [16, 1, 15],
			"rotation": {"angle": 0, "axis": "y", "origin": [8, -14, 8]},
			"faces": {
				"north": {"uv": [0, 15, 1, 16], "texture": "#Secondary"},
				"east": {"uv": [1, 15, 2, 16], "texture": "#Secondary"},
				"south": {"uv": [15, 15, 16, 16], "texture": "#Secondary"},
				"west": {"uv": [14, 15, 15, 16], "texture": "#Secondary"},
				"up": {"uv": [1, 15, 2, 16], "rotation": 270, "texture": "#Secondary"},
				"down": {"uv": [15, 1, 16, 2], "rotation": 90, "texture": "#Secondary"}
			}
		},
		{
			"name": "group5",
			"from": [14, 0, 13],
			"to": [16, 1, 14],
			"rotation": {"angle": 0, "axis": "y", "origin": [15, 1, 13.5]},
			"faces": {
				"north": {"uv": [0, 15, 2, 16], "texture": "#Secondary"},
				"east": {"uv": [2, 15, 3, 16], "texture": "#Secondary"},
				"south": {"uv": [14, 15, 16, 16], "texture": "#Secondary"},
				"west": {"uv": [13, 15, 14, 16], "texture": "#Secondary"},
				"up": {"uv": [2, 16, 3, 14], "rotation": 90, "texture": "#Secondary"},
				"down": {"uv": [14, 2, 15, 4], "rotation": 270, "texture": "#Secondary"}
			}
		},
		{
			"name": "group6",
			"from": [13, 0, 12],
			"to": [16, 1, 13],
			"rotation": {"angle": 0, "axis": "y", "origin": [14.5, 1, 12.5]},
			"faces": {
				"north": {"uv": [0, 15, 3, 16], "texture": "#Secondary"},
				"east": {"uv": [3, 15, 4, 16], "texture": "#Secondary"},
				"south": {"uv": [13, 15, 16, 16], "texture": "#Secondary"},
				"west": {"uv": [12, 15, 13, 16], "texture": "#Secondary"},
				"up": {"uv": [3, 16, 4, 13], "rotation": 90, "texture": "#Secondary"},
				"down": {"uv": [13, 3, 14, 6], "rotation": 270, "texture": "#Secondary"}
			}
		},
		{
			"name": "group7",
			"from": [12, 0, 11],
			"to": [16, 1, 12],
			"rotation": {"angle": 0, "axis": "y", "origin": [14, 1, 11.5]},
			"faces": {
				"north": {"uv": [0, 15, 4, 16], "texture": "#Secondary"},
				"east": {"uv": [4, 15, 5, 16], "texture": "#Secondary"},
				"south": {"uv": [12, 15, 16, 16], "texture": "#Secondary"},
				"west": {"uv": [11, 15, 12, 16], "texture": "#Secondary"},
				"up": {"uv": [4, 16, 5, 12], "rotation": 90, "texture": "#Secondary"},
				"down": {"uv": [12, 4, 13, 8], "rotation": 270, "texture": "#Secondary"}
			}
		},
		{
			"name": "group8",
			"from": [11, 0, 10],
			"to": [16, 1, 11],
			"rotation": {"angle": 0, "axis": "y", "origin": [13.5, 1, 10.5]},
			"faces": {
				"north": {"uv": [0, 15, 5, 16], "texture": "#Secondary"},
				"east": {"uv": [5, 15, 6, 16], "texture": "#Secondary"},
				"south": {"uv": [11, 15, 16, 16], "texture": "#Secondary"},
				"west": {"uv": [10, 15, 11, 16], "texture": "#Secondary"},
				"up": {"uv": [5, 16, 6, 11], "rotation": 90, "texture": "#Secondary"},
				"down": {"uv": [11, 5, 12, 10], "rotation": 270, "texture": "#Secondary"}
			}
		},
		{
			"name": "group9",
			"from": [10, 0, 9],
			"to": [16, 1, 10],
			"rotation": {"angle": 0, "axis": "y", "origin": [13, 1, 9.5]},
			"faces": {
				"north": {"uv": [0, 15, 6, 16], "texture": "#Secondary"},
				"east": {"uv": [6, 15, 7, 16], "texture": "#Secondary"},
				"south": {"uv": [10, 15, 16, 16], "texture": "#Secondary"},
				"west": {"uv": [9, 15, 10, 16], "texture": "#Secondary"},
				"up": {"uv": [6, 16, 7, 10], "rotation": 90, "texture": "#Secondary"},
				"down": {"uv": [10, 6, 11, 12], "rotation": 270, "texture": "#Secondary"}
			}
		},
		{
			"name": "group10",
			"from": [9, 0, 0],
			"to": [16, 1, 9],
			"rotation": {"angle": 0, "axis": "y", "origin": [12.5, 1, 8.5]},
			"faces": {
				"north": {"uv": [0, 15, 7, 16], "texture": "#Secondary"},
				"east": {"uv": [7, 15, 16, 16], "texture": "#Secondary"},
				"south": {"uv": [9, 15, 16, 16], "texture": "#Secondary"},
				"west": {"uv": [0, 15, 9, 16], "texture": "#Secondary"},
				"up": {"uv": [9, 0, 16, 9], "rotation": 90, "texture": "#Secondary"},
				"down": {"uv": [9, 7, 16, 16], "rotation": 270, "texture": "#Secondary"}
			}
		},
		{
			"name": "group5",
			"from": [15, 15, 14],
			"to": [16, 16, 15],
			"rotation": {"angle": 0, "axis": "y", "origin": [8, 1, 8]},
			"faces": {
				"north": {"uv": [0, 0, 1, 1], "texture": "#Secondary"},
				"east": {"uv": [1, 0, 2, 1], "texture": "#Secondary"},
				"south": {"uv": [15, 0, 16, 1], "texture": "#Secondary"},
				"west": {"uv": [14, 0, 15, 1], "texture": "#Secondary"},
				"up": {"uv": [1, 15, 2, 16], "rotation": 270, "texture": "#Secondary"},
				"down": {"uv": [15, 1, 16, 2], "rotation": 90, "texture": "#Secondary"}
			}
		},
		{
			"name": "group6",
			"from": [14, 15, 13],
			"to": [16, 16, 14],
			"rotation": {"angle": 0, "axis": "y", "origin": [15, 16, 13.5]},
			"faces": {
				"north": {"uv": [0, 0, 2, 1], "texture": "#Secondary"},
				"east": {"uv": [2, 0, 3, 1], "texture": "#Secondary"},
				"south": {"uv": [14, 0, 16, 1], "texture": "#Secondary"},
				"west": {"uv": [13, 0, 14, 1], "texture": "#Secondary"},
				"up": {"uv": [2, 16, 3, 14], "rotation": 90, "texture": "#Secondary"},
				"down": {"uv": [14, 2, 15, 4], "rotation": 270, "texture": "#Secondary"}
			}
		},
		{
			"name": "group7",
			"from": [13, 15, 12],
			"to": [16, 16, 13],
			"rotation": {"angle": 0, "axis": "y", "origin": [14.5, 16, 12.5]},
			"faces": {
				"north": {"uv": [0, 0, 3, 1], "texture": "#Secondary"},
				"east": {"uv": [3, 0, 4, 1], "texture": "#Secondary"},
				"south": {"uv": [13, 0, 16, 1], "texture": "#Secondary"},
				"west": {"uv": [12, 0, 13, 1], "texture": "#Secondary"},
				"up": {"uv": [3, 16, 4, 13], "rotation": 90, "texture": "#Secondary"},
				"down": {"uv": [13, 3, 14, 6], "rotation": 270, "texture": "#Secondary"}
			}
		},
		{
			"name": "group8",
			"from": [12, 15, 11],
			"to": [16, 16, 12],
			"rotation": {"angle": 0, "axis": "y", "origin": [14, 16, 11.5]},
			"faces": {
				"north": {"uv": [0, 0, 4, 1], "texture": "#Secondary"},
				"east": {"uv": [4, 0, 5, 1], "texture": "#Secondary"},
				"south": {"uv": [12, 0, 16, 1], "texture": "#Secondary"},
				"west": {"uv": [11, 0, 12, 1], "texture": "#Secondary"},
				"up": {"uv": [4, 16, 5, 12], "rotation": 90, "texture": "#Secondary"},
				"down": {"uv": [12, 4, 13, 8], "rotation": 270, "texture": "#Secondary"}
			}
		},
		{
			"name": "group9",
			"from": [11, 15, 10],
			"to": [16, 16, 11],
			"rotation": {"angle": 0, "axis": "y", "origin": [13.5, 16, 10.5]},
			"faces": {
				"north": {"uv": [0, 0, 5, 1], "texture": "#Secondary"},
				"east": {"uv": [5, 0, 6, 1], "texture": "#Secondary"},
				"south": {"uv": [11, 0, 16, 1], "texture": "#Secondary"},
				"west": {"uv": [10, 0, 11, 1], "texture": "#Secondary"},
				"up": {"uv": [5, 16, 6, 11], "rotation": 90, "texture": "#Secondary"},
				"down": {"uv": [11, 5, 12, 10], "rotation": 270, "texture": "#Secondary"}
			}
		},
		{
			"name": "group10",
			"from": [10, 15, 9],
			"to": [16, 16, 10],
			"rotation": {"angle": 0, "axis": "y", "origin": [13, 16, 9.5]},
			"faces": {
				"north": {"uv": [0, 0, 6, 1], "texture": "#Secondary"},
				"east": {"uv": [6, 0, 7, 1], "texture": "#Secondary"},
				"south": {"uv": [10, 0, 16, 1], "texture": "#Secondary"},
				"west": {"uv": [9, 0, 10, 1], "texture": "#Secondary"},
				"up": {"uv": [6, 16, 7, 10], "rotation": 90, "texture": "#Secondary"},
				"down": {"uv": [10, 6, 11, 12], "rotation": 270, "texture": "#Secondary"}
			}
		},
		{
			"name": "group11",
			"from": [9, 15, 0],
			"to": [16, 16, 9],
			"rotation": {"angle": 0, "axis": "y", "origin": [12.5, 16, 8.5]},
			"faces": {
				"north": {"uv": [0, 0, 7, 1], "texture": "#Secondary"},
				"east": {"uv": [7, 0, 16, 1], "texture": "#Secondary"},
				"south": {"uv": [9, 0, 16, 1], "texture": "#Secondary"},
				"west": {"uv": [0, 0, 9, 1], "texture": "#Secondary"},
				"up": {"uv": [16, 16, 7, 9], "rotation": 90, "texture": "#Secondary"},
				"down": {"uv": [9, 7, 16, 16], "rotation": 270, "texture": "#Secondary"}
			}
		},
		{
			"name": "group",
			"from": [0, 1, 9],
			"to": [16, 15, 16],
			"rotation": {"angle": 0, "axis": "y", "origin": [8, 1, 8]},
			"faces": {
				"north": {"uv": [0, 1, 16, 15], "texture": "#Main"},
				"east": {"uv": [0, 1, 7, 15], "texture": "#Main"},
				"south": {"uv": [0, 1, 16, 15], "texture": "#Main"},
				"west": {"uv": [9, 1, 16, 15], "texture": "#Main"},
				"up": {"uv": [0, 9, 16, 16], "texture": "#Main"},
				"down": {"uv": [0, 0, 16, 7], "texture": "#Main"}
			}
		},
		{
			"name": "group",
			"from": [9, 1, 0],
			"to": [16, 15, 9],
			"rotation": {"angle": 0, "axis": "y", "origin": [8, 1, 7]},
			"faces": {
				"north": {"uv": [0, 1, 7, 15], "texture": "#Main"},
				"east": {"uv": [7, 1, 16, 15], "texture": "#Main"},
				"south": {"uv": [9, 1, 16, 15], "texture": "#Main"},
				"west": {"uv": [0, 1, 9, 15], "texture": "#Main"},
				"up": {"uv": [9, 0, 16, 9], "texture": "#Main"},
				"down": {"uv": [9, 7, 16, 16], "texture": "#Main"}
			}
		}
	],
	"display": {
		"thirdperson_righthand": {
			"rotation": [75, 45, 0],
			"translation": [0, 2.5, 0],
			"scale": [0.375, 0.375, 0.375]
		},
		"thirdperson_lefthand": {
			"rotation": [75, 45, 0],
			"translation": [0, 2.5, 0],
			"scale": [0.375, 0.375, 0.375]
		},
		"firstperson_righthand": {
			"rotation": [0, 135, 0],
			"scale": [0.4, 0.4, 0.4]
		},
		"firstperson_lefthand": {
			"rotation": [0, 135, 0],
			"scale": [0.4, 0.4, 0.4]
		},
		"ground": {
			"translation": [0, 3, 0],
			"scale": [0.25, 0.25, 0.25]
		},
		"gui": {
			"rotation": [30, 225, 0],
			"scale": [0.625, 0.625, 0.625]
		},
		"head": {
			"translation": [0, 0, -0.5]
		},
		"fixed": {
			"scale": [0.5, 0.5, 0.5]
		}
	},
	"groups": [
		{
			"name": "group2",
			"origin": [8, 0, 8],
			"color": 0,
			"nbt": "{}",
			"children": [
				0,
				1,
				{
					"name": "group",
					"origin": [22, 0, 8],
					"color": 0,
					"nbt": "{}",
					"children": [2, 3, 4, 5, 6, 7, 8, 9, 10, 11, 12, 13, 14, 15]
				},
				{
					"name": "group",
					"origin": [22, 0, 8],
					"color": 0,
					"nbt": "{}",
					"children": [16, 17, 18, 19, 20, 21, 22, 23, 24, 25, 26, 27, 28, 29]
				}
			]
		},
		{
			"name": "group",
			"origin": [0, 0, 0],
			"color": 1,
			"nbt": "{}",
			"children": [30, 31]
		}
	]
}