{
	"credit": "Made with Blockbench",
	"textures": {
		"Frame": "block/anvil",
		"Screen": "block/white_wool"
	},
	"elements": [
		{
			"from": [-4.5, 3.5, 10.99],
			"to": [20.5, 18.5, 11.89],
			"faces": {
				"north": {"uv": [0, 0, 16, 16], "texture": "#Screen"},
				"east": {"uv": [0, 2, 2, 12], "texture": "#Screen"},
				"south": {"uv": [0, 2, 16, 12], "texture": "#Screen"},
				"west": {"uv": [14, 2, 16, 12], "texture": "#Screen"},
				"up": {"uv": [16, 2, 0, 0], "texture": "#Screen"},
				"down": {"uv": [34, 0, 18, 2], "texture": "#Screen"}
			}
		},
		{
			"from": [2, 0, 9],
			"to": [14, 1, 13],
			"faces": {
				"north": {"uv": [2, 15, 14, 16], "texture": "#Frame"},
				"east": {"uv": [3, 15, 7, 16], "texture": "#Frame"},
				"south": {"uv": [2, 15, 14, 16], "texture": "#Frame"},
				"west": {"uv": [9, 15, 13, 16], "texture": "#Frame"},
				"up": {"uv": [2, 9, 14, 13], "texture": "#Frame"},
				"down": {"uv": [2, 3, 14, 7], "texture": "#Frame"}
			}
		},
		{
			"from": [7, 1, 11],
			"to": [9, 3, 13],
			"faces": {
				"north": {"uv": [7, 13, 9, 15], "texture": "#Frame"},
				"east": {"uv": [3, 13, 5, 15], "texture": "#Frame"},
				"south": {"uv": [7, 13, 9, 15], "texture": "#Frame"},
				"west": {"uv": [11, 13, 13, 15], "texture": "#Frame"},
				"up": {"uv": [7, 11, 9, 13], "texture": "#Frame"},
				"down": {"uv": [7, 3, 9, 5], "texture": "#Frame"}
			}
		},
		{
			"from": [16, 3, 11],
			"to": [21, 19, 13],
			"rotation": {"angle": 0, "axis": "y", "origin": [0, 3, -2]},
			"faces": {
				"north": {"uv": [11, 0, 16, 16], "texture": "#Frame"},
				"east": {"uv": [1, 0, 3, 16], "texture": "#Frame"},
				"south": {"uv": [0, 0, 5, 16], "texture": "#Frame"},
				"west": {"uv": [13, 0, 15, 16], "texture": "#Frame"},
				"up": {"uv": [0, 13, 5, 15], "texture": "#Frame"},
				"down": {"uv": [0, 1, 5, 3], "texture": "#Frame"}
			}
		},
		{
			"from": [0, 3, 11],
			"to": [16, 19, 13],
			"rotation": {"angle": 0, "axis": "y", "origin": [-5, 3, -2]},
			"faces": {
				"north": {"uv": [0, 0, 16, 16], "texture": "#Frame"},
				"east": {"uv": [1, 0, 3, 16], "texture": "#Frame"},
				"south": {"uv": [0, 0, 16, 16], "texture": "#Frame"},
				"west": {"uv": [13, 0, 15, 16], "texture": "#Frame"},
				"up": {"uv": [0, 13, 16, 15], "texture": "#Frame"},
				"down": {"uv": [0, 1, 16, 3], "texture": "#Frame"}
			}
		},
		{
			"from": [-5, 3, 11],
			"to": [0, 19, 13],
			"rotation": {"angle": 0, "axis": "y", "origin": [-13, 3, -2]},
			"faces": {
				"north": {"uv": [0, 0, 5, 16], "texture": "#Frame"},
				"east": {"uv": [1, 0, 3, 16], "texture": "#Frame"},
				"south": {"uv": [11, 0, 16, 16], "texture": "#Frame"},
				"west": {"uv": [13, 0, 15, 16], "texture": "#Frame"},
				"up": {"uv": [11, 13, 16, 15], "texture": "#Frame"},
				"down": {"uv": [11, 1, 16, 3], "texture": "#Frame"}
			}
		}
	],
	"display": {
		"thirdperson_righthand": {
			"rotation": [75, 45, 0],
			"translation": [0, 2.5, 0],
			"scale": [0.375, 0.375, 0.375]
		},
		"thirdperson_lefthand": {
			"rotation": [75, 45, 0],
			"translation": [0, 2.5, 0],
			"scale": [0.375, 0.375, 0.375]
		},
		"firstperson_righthand": {
			"rotation": [0, 135, 0],
			"scale": [0.4, 0.4, 0.4]
		},
		"firstperson_lefthand": {
			"rotation": [0, 135, 0],
			"scale": [0.4, 0.4, 0.4]
		},
		"ground": {
			"translation": [0, 3, 0],
			"scale": [0.25, 0.25, 0.25]
		},
		"gui": {
			"rotation": [30, 225, 0],
			"translation": [1.75, -2.25, 0],
			"scale": [0.625, 0.625, 0.625]
		},
		"head": {
			"translation": [0, 14.5, 0]
		},
		"fixed": {
			"translation": [0, 0, -0.75],
			"scale": [0.5, 0.5, 0.5]
		}
	},
	"groups": [
		0,
		{
			"name": "VoxelShapes",
			"origin": [8, 8, 8],
			"color": 0,
			"children": [1, 2, 3, 4, 5]
		}
	]
}