{
	"credit": "Made by LYIVX",
	"elements": [
		{
			"name": "group2",
			"from": [0, 16, 15],
			"to": [16, 18, 16],
			"rotation": {"angle": 0, "axis": "y", "origin": [8, 0, 8]},
			"faces": {
				"north": {"uv": [16, 14, 0, 16], "texture": "#Secondary"},
				"east": {"uv": [0, 14, 1, 16], "texture": "#Secondary"},
				"south": {"uv": [0, 14, 16, 16], "texture": "#Secondary"},
				"west": {"uv": [15, 14, 16, 16], "texture": "#Secondary"},
				"up": {"uv": [0, 15, 16, 16], "texture": "#Secondary"},
				"down": {"uv": [0, 0, 16, 1], "texture": "#Secondary"}
			}
		},
		{
			"name": "group2",
			"from": [0, 14, 0],
			"to": [16, 16, 16],
			"rotation": {"angle": 0, "axis": "y", "origin": [8, 0, 8]},
			"faces": {
				"north": {"uv": [16, 2, 0, 4], "texture": "#Secondary"},
				"east": {"uv": [0, 0, 16, 2], "texture": "#Secondary"},
				"south": {"uv": [0, 0, 16, 2], "texture": "#Secondary"},
				"west": {"uv": [0, 0, 16, 2], "texture": "#Secondary"},
				"up": {"uv": [0, 0, 16, 16], "texture": "#Secondary"},
				"down": {"uv": [0, 0, 16, 16], "texture": "#Secondary"}
			}
		},
		{
			"name": "group",
			"from": [0, 0, 1],
			"to": [1, 14, 16],
			"rotation": {"angle": 0, "axis": "y", "origin": [8, 0, 8]},
			"faces": {
				"north": {"uv": [15, 2, 16, 16], "texture": "#Main"},
				"east": {"uv": [0, 2, 15, 16], "texture": "#Main"},
				"south": {"uv": [0, 2, 1, 16], "texture": "#Main"},
				"west": {"uv": [1, 2, 16, 16], "texture": "#Main"},
				"up": {"uv": [0, 1, 1, 16], "texture": "#Main"},
				"down": {"uv": [0, 0, 1, 15], "texture": "#Main"}
			}
		},
		{
			"name": "group",
			"from": [15, 0, 1],
			"to": [16, 14, 16],
			"rotation": {"angle": 0, "axis": "y", "origin": [8, 0, 8]},
			"faces": {
				"north": {"uv": [0, 2, 1, 16], "texture": "#Main"},
				"east": {"uv": [0, 2, 15, 16], "texture": "#Main"},
				"south": {"uv": [15, 2, 16, 16], "texture": "#Main"},
				"west": {"uv": [1, 2, 16, 16], "texture": "#Main"},
				"up": {"uv": [15, 1, 16, 16], "texture": "#Main"},
				"down": {"uv": [15, 0, 16, 15], "texture": "#Main"}
			}
		},
		{
			"name": "group",
			"from": [1, 0, 14],
			"to": [15, 14, 16],
			"rotation": {"angle": 0, "axis": "y", "origin": [8, 0, 8]},
			"faces": {
				"north": {"uv": [1, 2, 15, 16], "texture": "#Main"},
				"east": {"uv": [0, 2, 2, 16], "texture": "#Main"},
				"south": {"uv": [1, 2, 15, 16], "texture": "#Main"},
				"west": {"uv": [14, 2, 16, 16], "texture": "#Main"},
				"up": {"uv": [1, 14, 15, 16], "texture": "#Main"},
				"down": {"uv": [1, 0, 15, 2], "texture": "#Main"}
			}
		},
		{
			"name": "group",
			"from": [1, 0, 1],
			"to": [15, 1, 3],
			"rotation": {"angle": 0, "axis": "y", "origin": [8, 0, 8]},
			"faces": {
				"north": {"uv": [1, 15, 15, 16], "texture": "#Main"},
				"east": {"uv": [13, 15, 15, 16], "texture": "#Main"},
				"south": {"uv": [1, 15, 15, 16], "texture": "#Main"},
				"west": {"uv": [1, 15, 3, 16], "texture": "#Main"},
				"up": {"uv": [1, 1, 15, 3], "texture": "#Main"},
				"down": {"uv": [1, 13, 15, 15], "texture": "#Main"}
			}
		},
		{
			"name": "group",
			"from": [1, 13, 1],
			"to": [15, 14, 3],
			"rotation": {"angle": 0, "axis": "y", "origin": [8, 0, 8]},
			"faces": {
				"north": {"uv": [1, 2, 15, 3], "texture": "#Main"},
				"east": {"uv": [13, 2, 15, 3], "texture": "#Main"},
				"south": {"uv": [1, 2, 15, 3], "texture": "#Main"},
				"west": {"uv": [1, 2, 3, 3], "texture": "#Main"},
				"up": {"uv": [1, 1, 15, 3], "texture": "#Main"},
				"down": {"uv": [1, 13, 15, 15], "texture": "#Main"}
			}
		},
		{
			"name": "group",
			"from": [1, 0, 3],
			"to": [15, 1, 14],
			"rotation": {"angle": 0, "axis": "y", "origin": [8, 0, 8]},
			"faces": {
				"north": {"uv": [1, 15, 15, 16], "texture": "#Main"},
				"east": {"uv": [2, 15, 13, 16], "texture": "#Main"},
				"south": {"uv": [1, 15, 15, 16], "texture": "#Main"},
				"west": {"uv": [3, 15, 14, 16], "texture": "#Main"},
				"up": {"uv": [1, 3, 15, 14], "texture": "#Main"},
				"down": {"uv": [1, 2, 15, 13], "texture": "#Main"}
			}
		},
		{
			"name": "group",
			"from": [1, 6.5, 2],
			"to": [15, 7.5, 14],
			"rotation": {"angle": 0, "axis": "y", "origin": [8, 0.5, 8]},
			"faces": {
				"north": {"uv": [1, 8.5, 15, 9.5], "texture": "#Main"},
				"east": {"uv": [2, 8.5, 14, 9.5], "texture": "#Main"},
				"south": {"uv": [1, 8.5, 15, 9.5], "texture": "#Main"},
				"west": {"uv": [2, 8.5, 14, 9.5], "texture": "#Main"},
				"up": {"uv": [1, 2, 15, 14], "texture": "#Main"},
				"down": {"uv": [1, 2, 15, 14], "texture": "#Main"}
			}
		},
		{
			"name": "group",
			"from": [1, 1, 2],
			"to": [15, 2, 14],
			"rotation": {"angle": 0, "axis": "y", "origin": [8, 0, 8]},
			"faces": {
				"north": {"uv": [1, 14, 15, 15], "texture": "#Main"},
				"east": {"uv": [2, 14, 14, 15], "texture": "#Main"},
				"south": {"uv": [1, 14, 15, 15], "texture": "#Main"},
				"west": {"uv": [2, 14, 14, 15], "texture": "#Main"},
				"up": {"uv": [1, 2, 15, 14], "texture": "#Main"},
				"down": {"uv": [1, 2, 15, 14], "texture": "#Main"}
			}
		},
		{
			"name": "group",
			"from": [1, 12, 2],
			"to": [15, 13, 14],
			"rotation": {"angle": 0, "axis": "y", "origin": [8, 0, 8]},
			"faces": {
				"north": {"uv": [1, 3, 15, 4], "texture": "#Main"},
				"east": {"uv": [2, 3, 14, 4], "texture": "#Main"},
				"south": {"uv": [1, 3, 15, 4], "texture": "#Main"},
				"west": {"uv": [2, 3, 14, 4], "texture": "#Main"},
				"up": {"uv": [1, 2, 15, 14], "texture": "#Main"},
				"down": {"uv": [1, 2, 15, 14], "texture": "#Main"}
			}
		},
		{
			"name": "group",
			"from": [1, 7.5, 2],
			"to": [2, 12, 3],
			"rotation": {"angle": 0, "axis": "y", "origin": [1.5, 0, 8]},
			"faces": {
				"north": {"uv": [14, 4, 15, 8.5], "texture": "#Main"},
				"east": {"uv": [13, 4, 14, 8.5], "texture": "#Main"},
				"south": {"uv": [1, 4, 2, 8.5], "texture": "#Main"},
				"west": {"uv": [2, 4, 3, 8.5], "texture": "#Main"},
				"up": {"uv": [1, 2, 2, 3], "texture": "#Main"},
				"down": {"uv": [1, 13, 2, 14], "texture": "#Main"}
			}
		},
		{
			"name": "group",
			"from": [14, 7.5, 2],
			"to": [15, 12, 3],
			"rotation": {"angle": 0, "axis": "y", "origin": [14.5, 0, 8]},
			"faces": {
				"north": {"uv": [1, 4, 2, 8.5], "texture": "#Main"},
				"east": {"uv": [13, 4, 14, 8.5], "texture": "#Main"},
				"south": {"uv": [14, 4, 15, 8.5], "texture": "#Main"},
				"west": {"uv": [2, 4, 3, 8.5], "texture": "#Main"},
				"up": {"uv": [14, 2, 15, 3], "texture": "#Main"},
				"down": {"uv": [14, 13, 15, 14], "texture": "#Main"}
			}
		},
		{
			"name": "group",
			"from": [7.5, 7.5, 2],
			"to": [8.5, 12, 3],
			"rotation": {"angle": 0, "axis": "y", "origin": [8, 0, 8]},
			"faces": {
				"north": {"uv": [7.5, 4, 8.5, 8.5], "texture": "#Main"},
				"east": {"uv": [13, 4, 14, 8.5], "texture": "#Main"},
				"south": {"uv": [7.5, 4, 8.5, 8.5], "texture": "#Main"},
				"west": {"uv": [2, 4, 3, 8.5], "texture": "#Main"},
				"up": {"uv": [7.5, 2, 8.5, 3], "texture": "#Main"},
				"down": {"uv": [7.5, 13, 8.5, 14], "texture": "#Main"}
			}
		},
		{
			"name": "group",
			"from": [7.5, 2, 2],
			"to": [8.5, 6.5, 3],
			"rotation": {"angle": 0, "axis": "y", "origin": [8, 0, 8]},
			"faces": {
				"north": {"uv": [7.5, 9.5, 8.5, 14], "texture": "#Main"},
				"east": {"uv": [13, 9.5, 14, 14], "texture": "#Main"},
				"south": {"uv": [7.5, 9.5, 8.5, 14], "texture": "#Main"},
				"west": {"uv": [2, 9.5, 3, 14], "texture": "#Main"},
				"up": {"uv": [7.5, 2, 8.5, 3], "texture": "#Main"},
				"down": {"uv": [7.5, 13, 8.5, 14], "texture": "#Main"}
			}
		},
		{
			"name": "group",
			"from": [1, 2, 2],
			"to": [2, 6.5, 3],
			"rotation": {"angle": 0, "axis": "y", "origin": [-5, 0.5, 8]},
			"faces": {
				"north": {"uv": [14, 9.5, 15, 14], "texture": "#Main"},
				"east": {"uv": [13, 9.5, 14, 14], "texture": "#Main"},
				"south": {"uv": [1, 9.5, 2, 14], "texture": "#Main"},
				"west": {"uv": [2, 9.5, 3, 14], "texture": "#Main"},
				"up": {"uv": [1, 2, 2, 3], "texture": "#Main"},
				"down": {"uv": [1, 13, 2, 14], "texture": "#Main"}
			}
		},
		{
			"name": "group",
			"from": [14, 2, 2],
			"to": [15, 6.5, 3],
			"rotation": {"angle": 0, "axis": "y", "origin": [8, 0.5, 8]},
			"faces": {
				"north": {"uv": [1, 9.5, 2, 14], "texture": "#Main"},
				"east": {"uv": [13, 9.5, 14, 14], "texture": "#Main"},
				"south": {"uv": [14, 9.5, 15, 14], "texture": "#Main"},
				"west": {"uv": [2, 9.5, 3, 14], "texture": "#Main"},
				"up": {"uv": [14, 2, 15, 3], "texture": "#Main"},
				"down": {"uv": [14, 13, 15, 14], "texture": "#Main"}
			}
		},
		{
			"name": "group",
			"from": [1, 13, 3],
			"to": [15, 14, 14],
			"rotation": {"angle": 0, "axis": "y", "origin": [8, 0, 8]},
			"faces": {
				"north": {"uv": [1, 2, 15, 3], "texture": "#Main"},
				"east": {"uv": [2, 2, 13, 3], "texture": "#Main"},
				"south": {"uv": [1, 2, 15, 3], "texture": "#Main"},
				"west": {"uv": [3, 2, 14, 3], "texture": "#Main"},
				"up": {"uv": [1, 3, 15, 14], "texture": "#Main"},
				"down": {"uv": [1, 2, 15, 13], "texture": "#Main"}
			}
		},
		{
			"name": "right",
			"from": [1.5, 1.5, 1],
			"to": [7.75, 12.5, 2],
			"rotation": {"angle": 0, "axis": "y", "origin": [1.4375, 7.5, 1.995]},
			"faces": {
				"north": {"uv": [8.25, 3.5, 14.5, 14.5], "texture": "#Secondary"},
				"east": {"uv": [14, 3.5, 15, 14.5], "texture": "#Secondary"},
				"south": {"uv": [1.5, 3.5, 7.75, 14.5], "texture": "#Secondary"},
				"west": {"uv": [1, 3.5, 2, 14.5], "texture": "#Secondary"},
				"up": {"uv": [1.5, 1, 7.75, 2], "texture": "#Secondary"},
				"down": {"uv": [1.5, 14, 7.75, 15], "texture": "#Secondary"}
			}
		},
		{
			"name": "right",
			"from": [2.75, 6, 0.99],
			"to": [6.75, 10, 0.99],
			"rotation": {"angle": 0, "axis": "y", "origin": [1.4375, 7.5, 1.995]},
			"faces": {
				"north": {"uv": [0, 0, 16, 16], "texture": "#Handle"},
				"east": {"uv": [0, 0, 16, 16], "texture": "#Handle"},
				"south": {"uv": [0, 0, 16, 16], "texture": "#Handle"},
				"west": {"uv": [0, 0, 16, 16], "texture": "#Handle"},
				"up": {"uv": [0, 0, 16, 16], "texture": "#Handle"},
				"down": {"uv": [0, 0, 16, 16], "texture": "#Handle"}
			}
		},
		{
			"name": "left",
			"from": [8.25, 1.5, 1],
			"to": [14.5, 12.5, 2],
			"rotation": {"angle": 0, "axis": "y", "origin": [14.5, 7, 1.5]},
			"faces": {
				"north": {"uv": [1.5, 3.5, 7.75, 14.5], "texture": "#Secondary"},
				"east": {"uv": [14, 3.5, 15, 14.5], "texture": "#Secondary"},
				"south": {"uv": [8.25, 3.5, 14.5, 14.5], "texture": "#Secondary"},
				"west": {"uv": [1, 3.5, 2, 14.5], "texture": "#Secondary"},
				"up": {"uv": [8.25, 1, 14.5, 2], "texture": "#Secondary"},
				"down": {"uv": [8.25, 14, 14.5, 15], "texture": "#Secondary"}
			}
		},
		{
			"name": "left",
			"from": [9.25, 6, 0.99],
			"to": [13.25, 10, 0.99],
			"rotation": {"angle": 0, "axis": "y", "origin": [14.5, 7, 1.5]},
			"faces": {
				"north": {"uv": [16, 0, 0, 16], "texture": "#Handle"},
				"east": {"uv": [0, 0, 16, 16], "texture": "#Handle"},
				"south": {"uv": [0, 0, 16, 16], "texture": "#Handle"},
				"west": {"uv": [0, 0, 16, 16], "texture": "#Handle"},
				"up": {"uv": [0, 0, 16, 16], "texture": "#Handle"},
				"down": {"uv": [0, 0, 16, 16], "texture": "#Handle"}
			}
		}
	],
	"display": {
		"thirdperson_righthand": {
			"rotation": [75, 45, 0],
			"translation": [0, 2.5, 0],
			"scale": [0.375, 0.375, 0.375]
		},
		"thirdperson_lefthand": {
			"rotation": [75, 45, 0],
			"translation": [0, 2.5, 0],
			"scale": [0.375, 0.375, 0.375]
		},
		"firstperson_righthand": {
			"rotation": [0, 135, 0],
			"scale": [0.4, 0.4, 0.4]
		},
		"firstperson_lefthand": {
			"rotation": [0, 135, 0],
			"scale": [0.4, 0.4, 0.4]
		},
		"ground": {
			"translation": [0, 3, 0],
			"scale": [0.25, 0.25, 0.25]
		},
		"gui": {
			"rotation": [30, 225, 0],
			"translation": [0, -0.5, 0],
			"scale": [0.56, 0.56, 0.56]
		},
		"head": {
			"translation": [0, 0, -0.5]
		},
		"fixed": {
			"scale": [0.5, 0.5, 0.5]
		}
	},
	"groups": [
		{
			"name": "group2",
			"origin": [8, 0, 8],
			"color": 0,
			"nbt": "{}",
			"children": [0, 1]
		},
		{
			"name": "group",
			"origin": [0, 0, 0],
			"color": 1,
			"nbt": "{}",
			"children": [2, 3, 4, 5, 6, 7, 8, 9, 10, 11, 12, 13, 14, 15, 16, 17]
		},
		{
			"name": "right",
			"origin": [2, 7.25, 2],
			"color": 2,
			"nbt": "{}",
			"children": [18, 19]
		},
		{
			"name": "left",
			"origin": [14, 7.25, 2],
			"color": 3,
			"nbt": "{}",
			"children": [20, 21]
		}
	]
}