{
	"credit": "Made by LYIVX",
	"textures": {
		"particle": "mcreator:block/bricks",
		"Bricks": "mcreator:block/bricks",
		"Iron Bars": "mcreator:block/iron_bars",
		"Black": "mcreator:block/black_concrete",
		"Fire": "mcreator:block/fire_0",
		"Stone Bricks": "mcreator:block/stone_bricks",
		"Coal": "mcreator:block/coal_block"
	},
	"elements": [
		{
			"from": [4, 4, 14.75],
			"to": [12, 12, 14.75],
			"rotation": {"angle": 0, "axis": "y", "origin": [0, 0, -0.25]},
			"faces": {
				"north": {"uv": [0, 0, 16, 16], "texture": "#Fire"},
				"east": {"uv": [0, 0, 0, 4], "texture": "#Fire"},
				"south": {"uv": [0, 0, 16, 16], "texture": "#Fire"},
				"west": {"uv": [0, 0, 0, 4], "texture": "#Fire"},
				"up": {"uv": [0, 0, 8, 0], "texture": "#Fire"},
				"down": {"uv": [0, 0, 8, 0], "texture": "#Fire"}
			}
		},
		{
			"from": [8, -0.01, 10],
			"to": [18, 2, 15.99],
			"faces": {
				"north": {"uv": [0, 14, 8, 16], "texture": "#Stone Bricks"},
				"east": {"uv": [0.01, 14, 6, 16], "texture": "#Stone Bricks"},
				"south": {"uv": [8, 14, 16, 16], "texture": "#Stone Bricks"},
				"west": {"uv": [10, 14, 15.99, 16], "texture": "#Stone Bricks"},
				"up": {"uv": [8, 10, 16, 15.99], "texture": "#Stone Bricks"},
				"down": {"uv": [8, 0.01, 16, 6], "texture": "#Stone Bricks"}
			}
		},
		{
			"from": [-2, -0.01, 10],
			"to": [8, 2, 15.99],
			"faces": {
				"north": {"uv": [8, 14, 16, 16], "texture": "#Stone Bricks"},
				"east": {"uv": [0.01, 14, 6, 16], "texture": "#Stone Bricks"},
				"south": {"uv": [0, 14, 8, 16], "texture": "#Stone Bricks"},
				"west": {"uv": [10, 14, 15.99, 16], "texture": "#Stone Bricks"},
				"up": {"uv": [0, 10, 8, 15.99], "texture": "#Stone Bricks"},
				"down": {"uv": [0, 0.01, 8, 6], "texture": "#Stone Bricks"}
			}
		},
		{
			"from": [0, 4, 12],
			"to": [4, 12, 16],
			"faces": {
				"north": {"uv": [12, 4, 16, 12], "texture": "#Bricks"},
				"east": {"uv": [0, 4, 4, 12], "texture": "#Bricks"},
				"south": {"uv": [16, 4, 12, 12], "texture": "#Bricks"},
				"west": {"uv": [12, 4, 16, 12], "texture": "#Bricks"},
				"up": {"uv": [0, 0, 4, 4], "texture": "#Bricks"},
				"down": {"uv": [0, 0, 4, 4], "texture": "#Bricks"}
			}
		},
		{
			"from": [12, 4, 12],
			"to": [16, 12, 16],
			"faces": {
				"north": {"uv": [0, 4, 4, 12], "texture": "#Bricks"},
				"east": {"uv": [0, 4, 4, 12], "texture": "#Bricks"},
				"south": {"uv": [3, 4, 7, 12], "texture": "#Bricks"},
				"west": {"uv": [12, 4, 16, 12], "texture": "#Bricks"},
				"up": {"uv": [0, 0, 4, 4], "texture": "#Bricks"},
				"down": {"uv": [0, 0, 4, 4], "texture": "#Bricks"}
			}
		},
		{
			"from": [0, 12, 12],
			"to": [16, 16, 16],
			"faces": {
				"north": {"uv": [0, 0, 16, 4], "texture": "#Bricks"},
				"east": {"uv": [0, 0, 4, 4], "texture": "#Bricks"},
				"south": {"uv": [16, 0, 0, 4], "texture": "#Bricks"},
				"west": {"uv": [12, 0, 16, 4], "texture": "#Bricks"},
				"up": {"uv": [16, 12, 0, 16], "texture": "#Bricks"},
				"down": {"uv": [0, 0, 16, 4], "texture": "#Bricks"}
			}
		},
		{
			"from": [0, 0, 12],
			"to": [16, 4, 16],
			"faces": {
				"north": {"uv": [0, 12, 16, 16], "texture": "#Bricks"},
				"east": {"uv": [0, 12, 4, 16], "texture": "#Bricks"},
				"south": {"uv": [16, 12, 0, 16], "texture": "#Bricks"},
				"west": {"uv": [12, 12, 16, 16], "texture": "#Bricks"},
				"up": {"uv": [16, 12, 0, 16], "texture": "#Bricks"},
				"down": {"uv": [0, 0, 16, 4], "texture": "#Bricks"}
			}
		},
		{
			"from": [4, 2, 14.99],
			"to": [12, 12, 15.99],
			"faces": {
				"north": {"uv": [4, 4, 12, 14], "texture": "#Black"},
				"east": {"uv": [0, 0, 0, 10], "texture": "#Black"},
				"south": {"uv": [12, 4, 4, 14], "texture": "#Bricks"},
				"west": {"uv": [0, 0, 0, 10], "texture": "#Black"},
				"up": {"uv": [0, 0, 8, 0], "texture": "#Black"},
				"down": {"uv": [0, 0, 8, 0], "texture": "#Black"}
			}
		},
		{
			"from": [4, 4, 13],
			"to": [12, 8, 13],
			"faces": {
				"north": {"uv": [0, 0, 16, 8], "texture": "#Iron Bars"},
				"east": {"uv": [0, 0, 0, 4], "texture": "#Iron Bars"},
				"south": {"uv": [0, 0, 16, 8], "texture": "#Iron Bars"},
				"west": {"uv": [0, 0, 0, 4], "texture": "#Iron Bars"},
				"up": {"uv": [0, 0, 8, 0], "texture": "#Iron Bars"},
				"down": {"uv": [0, 0, 8, 0], "texture": "#Iron Bars"}
			}
		},
		{
			"from": [4, 3.1, 13.1],
			"to": [12, 4.1, 15.1],
			"faces": {
				"north": {"uv": [4, 11.9, 12, 12.9], "texture": "#Coal"},
				"east": {"uv": [0.9, 11.9, 2.9, 12.9], "texture": "#Coal"},
				"south": {"uv": [4, 11.9, 12, 12.9], "texture": "#Coal"},
				"west": {"uv": [13.1, 11.9, 15.1, 12.9], "texture": "#Coal"},
				"up": {"uv": [4, 13.1, 12, 15.1], "texture": "#Coal"},
				"down": {"uv": [4, 0.9, 12, 2.9], "texture": "#Coal"}
			}
		}
	],
	"display": {
		"thirdperson_righthand": {
			"rotation": [75, 45, 0],
			"translation": [0, 2.5, 0],
			"scale": [0.375, 0.375, 0.375]
		},
		"thirdperson_lefthand": {
			"rotation": [75, 45, 0],
			"translation": [0, 2.5, 0],
			"scale": [0.375, 0.375, 0.375]
		},
		"firstperson_righthand": {
			"rotation": [0, 135, 0],
			"scale": [0.4, 0.4, 0.4]
		},
		"firstperson_lefthand": {
			"rotation": [0, 135, 0],
			"scale": [0.4, 0.4, 0.4]
		},
		"ground": {
			"translation": [0, 3, 0],
			"scale": [0.25, 0.25, 0.25]
		},
		"gui": {
			"rotation": [30, 225, 0],
			"translation": [2.25, -0.75, 0],
			"scale": [0.625, 0.625, 0.625]
		},
		"head": {
			"translation": [0, 0, -11.5]
		},
		"fixed": {
			"translation": [0, 0, -3.25],
			"scale": [0.5, 0.5, 0.5]
		}
	},
	"groups": [
		0,
		{
			"name": "VoxelShapes",
			"origin": [0, 0, 0],
			"color": 0,
			"children": [1, 2, 3, 4, 5, 6, 7, 8, 9]
		}
	]
}