{
	"credit": "Made by LYIVX",
	"textures": {
		"particle": "block/stripped_oak_log",
		"Stripped": "block/stripped_oak_log",
		"Log": "block/oak_log"
	},
	"elements": [
		{
			"name": "lower bar",
			"from": [7.25, 2.25, 0],
			"to": [8.75, 5.75, 2],
			"faces": {
				"north": {"uv": [7.25, 10.25, 8.75, 13.75], "texture": "#Log", "cullface": "north"},
				"east": {"uv": [14, 10.25, 16, 13.75], "texture": "#Log"},
				"west": {"uv": [0, 10.25, 2, 13.75], "texture": "#Log"},
				"up": {"uv": [7.25, 0, 8.75, 2], "texture": "#Log"},
				"down": {"uv": [7.25, 14, 8.75, 16], "texture": "#Log"}
			}
		},
		{
			"from": [7, 0, 1.5],
			"to": [9, 15, 6.5],
			"faces": {
				"north": {"uv": [7, 1, 9, 16], "texture": "#Stripped"},
				"east": {"uv": [9.5, 1, 14.5, 16], "texture": "#Stripped"},
				"south": {"uv": [7, 1, 9, 16], "texture": "#Stripped"},
				"west": {"uv": [1.5, 1, 6.5, 16], "texture": "#Stripped"},
				"up": {"uv": [7, 1.5, 9, 6.5], "texture": "#Stripped"},
				"down": {"uv": [7, 9.5, 9, 14.5], "texture": "#Stripped"}
			}
		},
		{
			"name": "lower bar",
			"from": [7.25, 9.25, 0],
			"to": [8.75, 12.75, 2],
			"faces": {
				"north": {"uv": [7.25, 3.25, 8.75, 6.75], "texture": "#Log", "cullface": "north"},
				"east": {"uv": [14, 3.25, 16, 6.75], "texture": "#Log"},
				"west": {"uv": [0, 3.25, 2, 6.75], "texture": "#Log"},
				"up": {"uv": [7.25, 0, 8.75, 2], "texture": "#Log"},
				"down": {"uv": [7.25, 14, 8.75, 16], "texture": "#Log"}
			}
		}
	]
}