{
	"credit": "Made by LYIVX",
	"parent": "block/block",
	"textures": {
		"particle": "mcreator:block/stripped_oak_log",
		"Log": "mcreator:block/oak_log",
		"Stripped": "mcreator:block/stripped_oak_log"
	},
	"elements": [
		{
			"name": "lower bar",
			"from": [7.25, 2.25, 4],
			"to": [8.75, 5.75, 6],
			"faces": {
				"north": {"uv": [7.25, 10.25, 8.75, 13.75], "texture": "#Log", "cullface": "north"},
				"east": {"uv": [10, 10.25, 12, 13.75], "texture": "#Log"},
				"west": {"uv": [4, 10.25, 6, 13.75], "texture": "#Log"},
				"up": {"uv": [7.25, 4, 8.75, 6], "texture": "#Log"},
				"down": {"uv": [7.25, 10, 8.75, 12], "texture": "#Log"}
			}
		},
		{
			"name": "lower bar",
			"from": [7.25, 2.25, 10],
			"to": [8.75, 5.75, 12],
			"faces": {
				"north": {"uv": [7.25, 10.25, 8.75, 13.75], "texture": "#Log", "cullface": "north"},
				"east": {"uv": [4, 10.25, 6, 13.75], "texture": "#Log"},
				"west": {"uv": [10, 10.25, 12, 13.75], "texture": "#Log"},
				"up": {"uv": [7.25, 10, 8.75, 12], "texture": "#Log"},
				"down": {"uv": [7.25, 4, 8.75, 6], "texture": "#Log"}
			}
		},
		{
			"name": "lower bar",
			"from": [7.25, 9.25, 4],
			"to": [8.75, 12.75, 6],
			"faces": {
				"north": {"uv": [7.25, 3.25, 8.75, 6.75], "texture": "#Log", "cullface": "north"},
				"east": {"uv": [10, 3.25, 12, 6.75], "texture": "#Log"},
				"west": {"uv": [4, 3.25, 6, 6.75], "texture": "#Log"},
				"up": {"uv": [7.25, 4, 8.75, 6], "texture": "#Log"},
				"down": {"uv": [7.25, 10, 8.75, 12], "texture": "#Log"}
			}
		},
		{
			"name": "lower bar",
			"from": [7.25, 2.25, -2],
			"to": [8.75, 5.75, 0],
			"faces": {
				"north": {"uv": [7.25, 10.25, 8.75, 13.75], "texture": "#Log", "cullface": "north"},
				"east": {"uv": [14, 10.25, 16, 13.75], "texture": "#Log"},
				"west": {"uv": [0, 10.25, 2, 13.75], "texture": "#Log"},
				"up": {"uv": [7.25, 0, 8.75, 2], "texture": "#Log"},
				"down": {"uv": [7.25, 14, 8.75, 16], "texture": "#Log"}
			}
		},
		{
			"name": "lower bar",
			"from": [7.25, 9.25, -2],
			"to": [8.75, 12.75, 0],
			"faces": {
				"north": {"uv": [7.25, 3.25, 8.75, 6.75], "texture": "#Log", "cullface": "north"},
				"east": {"uv": [14, 3.25, 16, 6.75], "texture": "#Log"},
				"west": {"uv": [0, 3.25, 2, 6.75], "texture": "#Log"},
				"up": {"uv": [7.25, 0, 8.75, 2], "texture": "#Log"},
				"down": {"uv": [7.25, 14, 8.75, 16], "texture": "#Log"}
			}
		},
		{
			"name": "lower bar",
			"from": [7.25, 9.25, 10],
			"to": [8.75, 12.75, 12],
			"faces": {
				"north": {"uv": [7.25, 3.25, 8.75, 6.75], "texture": "#Log", "cullface": "north"},
				"east": {"uv": [4, 3.25, 6, 6.75], "texture": "#Log"},
				"west": {"uv": [10, 3.25, 12, 6.75], "texture": "#Log"},
				"up": {"uv": [7.25, 10, 8.75, 12], "texture": "#Log"},
				"down": {"uv": [7.25, 4, 8.75, 6], "texture": "#Log"}
			}
		},
		{
			"name": "lower bar",
			"from": [7.25, 9.25, 16],
			"to": [8.75, 12.75, 18],
			"faces": {
				"north": {"uv": [7.25, 3.25, 8.75, 6.75], "texture": "#Log", "cullface": "north"},
				"east": {"uv": [0, 3.25, 2, 6.75], "texture": "#Log"},
				"west": {"uv": [14, 3.25, 16, 6.75], "texture": "#Log"},
				"up": {"uv": [7.25, 14, 8.75, 16], "texture": "#Log"},
				"down": {"uv": [7.25, 0, 8.75, 2], "texture": "#Log"}
			}
		},
		{
			"name": "lower bar",
			"from": [7.25, 2.25, 16],
			"to": [8.75, 5.75, 18],
			"faces": {
				"north": {"uv": [7.25, 10.25, 8.75, 13.75], "texture": "#Log", "cullface": "north"},
				"east": {"uv": [0, 10.25, 2, 13.75], "texture": "#Log"},
				"west": {"uv": [14, 10.25, 16, 13.75], "texture": "#Log"},
				"up": {"uv": [7.25, 14, 8.75, 16], "texture": "#Log"},
				"down": {"uv": [7.25, 0, 8.75, 2], "texture": "#Log"}
			}
		},
		{
			"from": [7, 0, 5.5],
			"to": [9, 15, 10.5],
			"faces": {
				"north": {"uv": [7, 1, 9, 16], "texture": "#Stripped"},
				"east": {"uv": [5.5, 1, 10.5, 16], "texture": "#Stripped"},
				"south": {"uv": [7, 1, 9, 16], "texture": "#Stripped"},
				"west": {"uv": [5.5, 1, 10.5, 16], "texture": "#Stripped"},
				"up": {"uv": [7, 5.5, 9, 10.5], "texture": "#Stripped"},
				"down": {"uv": [7, 5.5, 9, 10.5], "texture": "#Stripped"}
			}
		},
		{
			"name": "Center post",
			"from": [6, 0, 12],
			"to": [10, 16, 16],
			"faces": {
				"north": {"uv": [6, 0, 10, 16], "texture": "#Log"},
				"east": {"uv": [0, 0, 4, 16], "texture": "#Log"},
				"south": {"uv": [6, 0, 10, 16], "texture": "#Log"},
				"west": {"uv": [12, 0, 16, 16], "texture": "#Log"},
				"up": {"uv": [6, 12, 10, 16], "texture": "#Log", "cullface": "up"},
				"down": {"uv": [6, 0, 10, 4], "texture": "#Log", "cullface": "down"}
			}
		},
		{
			"name": "Center post",
			"from": [6, 0, 0],
			"to": [10, 16, 4],
			"faces": {
				"north": {"uv": [6, 0, 10, 16], "texture": "#Log"},
				"east": {"uv": [12, 0, 16, 16], "texture": "#Log"},
				"south": {"uv": [6, 0, 10, 16], "texture": "#Log"},
				"west": {"uv": [0, 0, 4, 16], "texture": "#Log"},
				"up": {"uv": [6, 0, 10, 4], "texture": "#Log", "cullface": "up"},
				"down": {"uv": [6, 12, 10, 16], "texture": "#Log", "cullface": "down"}
			}
		}
	],
	"display": {
		"gui": {
			"rotation": [30, 135, 0],
			"scale": [0.625, 0.625, 0.625]
		},
		"fixed": {
			"rotation": [0, 90, 0],
			"scale": [0.5, 0.5, 0.5]
		}
	}
}