{
	"credit": "Made by LYIVX",
	"textures": {
		"particle": "mcreator:block/oak_log",
		"Log": "mcreator:block/oak_log"
	},
	"elements": [
		{
			"name": "Center post",
			"from": [6, 0, 6],
			"to": [10, 16, 10],
			"faces": {
				"north": {"uv": [6, 0, 10, 16], "texture": "#Log"},
				"east": {"uv": [6, 0, 10, 16], "texture": "#Log"},
				"south": {"uv": [6, 0, 10, 16], "texture": "#Log"},
				"west": {"uv": [6, 0, 10, 16], "texture": "#Log"},
				"up": {"uv": [6, 6, 10, 10], "texture": "#Log", "cullface": "up"},
				"down": {"uv": [6, 6, 10, 10], "texture": "#Log", "cullface": "down"}
			}
		}
	],
	"display": {}
}