{
	"credit": "Made by LYIVX",
	"textures": {
		"Secondary": "block/oak_log",
		"particle": "block/stripped_oak_log",
		"Main": "block/stripped_oak_log",
		"Anvil": "block/anvil"
	},
	"elements": [
		{
			"from": [2, 14, 2],
			"to": [14, 15, 14],
			"rotation": {"angle": 0, "axis": "x", "origin": [8, 15, 14]},
			"faces": {
				"north": {"uv": [2, 1, 14, 2], "texture": "#Main"},
				"east": {"uv": [2, 1, 14, 2], "texture": "#Main"},
				"south": {"uv": [2, 1, 14, 2], "texture": "#Main"},
				"west": {"uv": [2, 1, 14, 2], "texture": "#Main"},
				"up": {"uv": [2, 2, 14, 14], "texture": "#Main"},
				"down": {"uv": [2, 2, 14, 14], "texture": "#Main"}
			}
		},
		{
			"from": [6, 15, 3],
			"to": [10, 16, 4],
			"rotation": {"angle": 0, "axis": "y", "origin": [7, 14, 2]},
			"faces": {
				"north": {"uv": [6, 0, 10, 1], "texture": "#Anvil"},
				"east": {"uv": [12, 0, 13, 1], "texture": "#Anvil"},
				"south": {"uv": [6, 0, 10, 1], "texture": "#Anvil"},
				"west": {"uv": [3, 0, 4, 1], "texture": "#Anvil"},
				"up": {"uv": [6, 3, 10, 4], "texture": "#Anvil"},
				"down": {"uv": [6, 12, 10, 13], "texture": "#Anvil"}
			}
		},
		{
			"from": [1, 2, 1],
			"to": [15, 14, 2],
			"rotation": {"angle": 0, "axis": "y", "origin": [1, 1, 1]},
			"faces": {
				"north": {"uv": [1, 2, 15, 14], "texture": "#Main"},
				"east": {"uv": [14, 2, 15, 14], "texture": "#Main"},
				"south": {"uv": [1, 2, 15, 14], "texture": "#Main"},
				"west": {"uv": [1, 2, 2, 14], "texture": "#Main"},
				"up": {"uv": [1, 1, 15, 2], "texture": "#Main"},
				"down": {"uv": [1, 14, 15, 15], "texture": "#Main"}
			}
		},
		{
			"from": [1, 2, 14],
			"to": [15, 14, 15],
			"rotation": {"angle": 0, "axis": "y", "origin": [1, 1, 14]},
			"faces": {
				"north": {"uv": [1, 2, 15, 14], "texture": "#Main"},
				"east": {"uv": [1, 2, 2, 14], "texture": "#Main"},
				"south": {"uv": [1, 2, 15, 14], "texture": "#Main"},
				"west": {"uv": [14, 2, 15, 14], "texture": "#Main"},
				"up": {"uv": [1, 14, 15, 15], "texture": "#Main"},
				"down": {"uv": [1, 1, 15, 2], "texture": "#Main"}
			}
		},
		{
			"from": [1, 2, 2],
			"to": [2, 14, 14],
			"rotation": {"angle": 0, "axis": "y", "origin": [1, 1, 2]},
			"faces": {
				"north": {"uv": [14, 2, 15, 14], "texture": "#Main"},
				"east": {"uv": [2, 2, 14, 14], "texture": "#Main"},
				"south": {"uv": [1, 2, 2, 14], "texture": "#Main"},
				"west": {"uv": [2, 2, 14, 14], "texture": "#Main"},
				"up": {"uv": [1, 2, 2, 14], "texture": "#Main"},
				"down": {"uv": [1, 2, 2, 14], "texture": "#Main"}
			}
		},
		{
			"from": [14, 2, 2],
			"to": [15, 14, 14],
			"rotation": {"angle": 0, "axis": "y", "origin": [14, 1, 2]},
			"faces": {
				"north": {"uv": [1, 2, 2, 14], "texture": "#Main"},
				"east": {"uv": [2, 2, 14, 14], "texture": "#Main"},
				"south": {"uv": [14, 2, 15, 14], "texture": "#Main"},
				"west": {"uv": [2, 2, 14, 14], "texture": "#Main"},
				"up": {"uv": [14, 2, 15, 14], "texture": "#Main"},
				"down": {"uv": [14, 2, 15, 14], "texture": "#Main"}
			}
		},
		{
			"from": [2, 1, 2],
			"to": [14, 2, 14],
			"rotation": {"angle": 0, "axis": "y", "origin": [2, 0, 2]},
			"faces": {
				"north": {"uv": [2, 14, 14, 15], "texture": "#Main"},
				"east": {"uv": [2, 14, 14, 15], "texture": "#Main"},
				"south": {"uv": [2, 14, 14, 15], "texture": "#Main"},
				"west": {"uv": [2, 14, 14, 15], "texture": "#Main"},
				"up": {"uv": [2, 2, 14, 14], "texture": "#Main"},
				"down": {"uv": [2, 2, 14, 14], "texture": "#Main"}
			}
		},
		{
			"from": [0, 0, 0],
			"to": [2, 16, 2],
			"faces": {
				"north": {"uv": [14, 0, 16, 16], "texture": "#Secondary"},
				"east": {"uv": [14, 0, 16, 16], "texture": "#Secondary"},
				"south": {"uv": [0, 0, 2, 16], "texture": "#Secondary"},
				"west": {"uv": [0, 0, 2, 16], "texture": "#Secondary"},
				"up": {"uv": [0, 0, 2, 2], "texture": "#Secondary"},
				"down": {"uv": [0, 14, 2, 16], "texture": "#Secondary"}
			}
		},
		{
			"from": [0, 0, 14],
			"to": [2, 16, 16],
			"rotation": {"angle": 0, "axis": "y", "origin": [0, 0, 14]},
			"faces": {
				"north": {"uv": [14, 0, 16, 16], "texture": "#Secondary"},
				"east": {"uv": [0, 0, 2, 16], "texture": "#Secondary"},
				"south": {"uv": [0, 0, 2, 16], "texture": "#Secondary"},
				"west": {"uv": [14, 0, 16, 16], "texture": "#Secondary"},
				"up": {"uv": [0, 14, 2, 16], "texture": "#Secondary"},
				"down": {"uv": [0, 0, 2, 2], "texture": "#Secondary"}
			}
		},
		{
			"from": [14, 0, 14],
			"to": [16, 16, 16],
			"rotation": {"angle": 0, "axis": "y", "origin": [14, 0, 14]},
			"faces": {
				"north": {"uv": [0, 0, 2, 16], "texture": "#Secondary"},
				"east": {"uv": [0, 0, 2, 16], "texture": "#Secondary"},
				"south": {"uv": [14, 0, 16, 16], "texture": "#Secondary"},
				"west": {"uv": [14, 0, 16, 16], "texture": "#Secondary"},
				"up": {"uv": [14, 14, 16, 16], "texture": "#Secondary"},
				"down": {"uv": [14, 0, 16, 2], "texture": "#Secondary"}
			}
		},
		{
			"from": [14, 0, 0],
			"to": [16, 16, 2],
			"rotation": {"angle": 0, "axis": "y", "origin": [14, 0, 0]},
			"faces": {
				"north": {"uv": [0, 0, 2, 16], "texture": "#Secondary"},
				"east": {"uv": [14, 0, 16, 16], "texture": "#Secondary"},
				"south": {"uv": [14, 0, 16, 16], "texture": "#Secondary"},
				"west": {"uv": [0, 0, 2, 16], "texture": "#Secondary"},
				"up": {"uv": [14, 0, 16, 2], "texture": "#Secondary"},
				"down": {"uv": [14, 14, 16, 16], "texture": "#Secondary"}
			}
		},
		{
			"from": [2, 0, 0],
			"to": [14, 2, 2],
			"rotation": {"angle": 0, "axis": "y", "origin": [2, 0, 0]},
			"faces": {
				"north": {"uv": [2, 14, 14, 16], "texture": "#Secondary"},
				"east": {"uv": [14, 14, 16, 16], "texture": "#Secondary"},
				"south": {"uv": [2, 14, 14, 16], "texture": "#Secondary"},
				"west": {"uv": [0, 14, 2, 16], "texture": "#Secondary"},
				"up": {"uv": [2, 0, 14, 2], "texture": "#Secondary"},
				"down": {"uv": [2, 14, 14, 16], "texture": "#Secondary"}
			}
		},
		{
			"from": [2, 0, 14],
			"to": [14, 2, 16],
			"rotation": {"angle": 0, "axis": "y", "origin": [2, 0, 14]},
			"faces": {
				"north": {"uv": [2, 14, 14, 16], "texture": "#Secondary"},
				"east": {"uv": [0, 14, 2, 16], "texture": "#Secondary"},
				"south": {"uv": [2, 14, 14, 16], "texture": "#Secondary"},
				"west": {"uv": [14, 14, 16, 16], "texture": "#Secondary"},
				"up": {"uv": [2, 14, 14, 16], "texture": "#Secondary"},
				"down": {"uv": [2, 0, 14, 2], "texture": "#Secondary"}
			}
		},
		{
			"from": [0, 0, 2],
			"to": [2, 2, 14],
			"rotation": {"angle": 0, "axis": "y", "origin": [0, 0, 12]},
			"faces": {
				"north": {"uv": [14, 14, 16, 16], "texture": "#Secondary"},
				"east": {"uv": [2, 14, 14, 16], "texture": "#Secondary"},
				"south": {"uv": [0, 14, 2, 16], "texture": "#Secondary"},
				"west": {"uv": [2, 14, 14, 16], "texture": "#Secondary"},
				"up": {"uv": [0, 2, 2, 14], "texture": "#Secondary"},
				"down": {"uv": [0, 2, 2, 14], "texture": "#Secondary"}
			}
		},
		{
			"from": [14, 0, 2],
			"to": [16, 2, 14],
			"rotation": {"angle": 0, "axis": "y", "origin": [14, 0, 12]},
			"faces": {
				"north": {"uv": [0, 14, 2, 16], "texture": "#Secondary"},
				"east": {"uv": [2, 14, 14, 16], "texture": "#Secondary"},
				"south": {"uv": [14, 14, 16, 16], "texture": "#Secondary"},
				"west": {"uv": [2, 14, 14, 16], "texture": "#Secondary"},
				"up": {"uv": [14, 2, 16, 14], "texture": "#Secondary"},
				"down": {"uv": [14, 2, 16, 14], "texture": "#Secondary"}
			}
		},
		{
			"from": [14, 14, 2],
			"to": [16, 16, 14],
			"rotation": {"angle": 0, "axis": "y", "origin": [14, 14, 12]},
			"faces": {
				"north": {"uv": [0, 0, 2, 2], "texture": "#Secondary"},
				"east": {"uv": [2, 0, 14, 2], "texture": "#Secondary"},
				"south": {"uv": [14, 0, 16, 2], "texture": "#Secondary"},
				"west": {"uv": [2, 0, 14, 2], "texture": "#Secondary"},
				"up": {"uv": [14, 2, 16, 14], "texture": "#Secondary"},
				"down": {"uv": [14, 2, 16, 14], "texture": "#Secondary"}
			}
		},
		{
			"from": [2, 14, 0],
			"to": [14, 16, 2],
			"rotation": {"angle": 0, "axis": "y", "origin": [2, 14, 0]},
			"faces": {
				"north": {"uv": [2, 0, 14, 2], "texture": "#Secondary"},
				"east": {"uv": [14, 0, 16, 2], "texture": "#Secondary"},
				"south": {"uv": [2, 0, 14, 2], "texture": "#Secondary"},
				"west": {"uv": [0, 0, 2, 2], "texture": "#Secondary"},
				"up": {"uv": [2, 0, 14, 2], "texture": "#Secondary"},
				"down": {"uv": [2, 14, 14, 16], "texture": "#Secondary"}
			}
		},
		{
			"from": [0, 14, 2],
			"to": [2, 16, 14],
			"rotation": {"angle": 0, "axis": "y", "origin": [0, 14, 12]},
			"faces": {
				"north": {"uv": [14, 0, 16, 2], "texture": "#Secondary"},
				"east": {"uv": [2, 0, 14, 2], "texture": "#Secondary"},
				"south": {"uv": [0, 0, 2, 2], "texture": "#Secondary"},
				"west": {"uv": [2, 0, 14, 2], "texture": "#Secondary"},
				"up": {"uv": [0, 2, 2, 14], "texture": "#Secondary"},
				"down": {"uv": [0, 2, 2, 14], "texture": "#Secondary"}
			}
		},
		{
			"from": [2, 14, 14],
			"to": [14, 16, 16],
			"rotation": {"angle": 0, "axis": "y", "origin": [2, 14, 14]},
			"faces": {
				"north": {"uv": [2, 0, 14, 2], "texture": "#Secondary"},
				"east": {"uv": [0, 0, 2, 2], "texture": "#Secondary"},
				"south": {"uv": [2, 0, 14, 2], "texture": "#Secondary"},
				"west": {"uv": [14, 0, 16, 2], "texture": "#Secondary"},
				"up": {"uv": [2, 14, 14, 16], "texture": "#Secondary"},
				"down": {"uv": [2, 0, 14, 2], "texture": "#Secondary"}
			}
		},
		{
			"from": [1.7, 1, 0.1],
			"to": [2.7, 19, 1.1],
			"rotation": {"angle": -45, "axis": "z", "origin": [2.7, 2, 0.1]},
			"faces": {
				"north": {"uv": [0, 0, 16, 1], "rotation": 90, "texture": "#Secondary"},
				"east": {"uv": [0, 0, 16, 1], "rotation": 90, "texture": "#Secondary"},
				"south": {"uv": [0, 0, 16, 1], "rotation": 90, "texture": "#Secondary"},
				"west": {"uv": [0, 0, 16, 1], "rotation": 90, "texture": "#Secondary"},
				"up": {"uv": [0, 0, 1, 1], "texture": "#Secondary"},
				"down": {"uv": [0, 0, 1, 1], "texture": "#Secondary"}
			}
		},
		{
			"from": [13.3, 1, 14.9],
			"to": [14.3, 19, 15.9],
			"rotation": {"angle": 45, "axis": "z", "origin": [13.3, 2, 13.9]},
			"faces": {
				"north": {"uv": [0, 0, 16, 1], "rotation": 90, "texture": "#Secondary"},
				"east": {"uv": [0, 0, 16, 1], "rotation": 90, "texture": "#Secondary"},
				"south": {"uv": [0, 0, 16, 1], "rotation": 90, "texture": "#Secondary"},
				"west": {"uv": [0, 0, 16, 1], "rotation": 90, "texture": "#Secondary"},
				"up": {"uv": [0, 0, 1, 1], "texture": "#Secondary"},
				"down": {"uv": [0, 0, 1, 1], "texture": "#Secondary"}
			}
		},
		{
			"from": [14.9, 2, 1.3],
			"to": [15.9, 20, 2.3],
			"rotation": {"angle": 45, "axis": "x", "origin": [14.9, 2, 1.3]},
			"faces": {
				"north": {"uv": [0, 0, 16, 1], "rotation": 90, "texture": "#Secondary"},
				"east": {"uv": [0, 0, 16, 1], "rotation": 90, "texture": "#Secondary"},
				"south": {"uv": [0, 0, 16, 1], "rotation": 90, "texture": "#Secondary"},
				"west": {"uv": [0, 0, 16, 1], "rotation": 90, "texture": "#Secondary"},
				"up": {"uv": [0, 0, 1, 1], "texture": "#Secondary"},
				"down": {"uv": [0, 0, 1, 1], "texture": "#Secondary"}
			}
		},
		{
			"from": [0.1, 2, 13.7],
			"to": [1.1, 20, 14.7],
			"rotation": {"angle": -45, "axis": "x", "origin": [0.1, 2, 14.7]},
			"faces": {
				"north": {"uv": [0, 0, 16, 1], "rotation": 90, "texture": "#Secondary"},
				"east": {"uv": [0, 0, 16, 1], "rotation": 90, "texture": "#Secondary"},
				"south": {"uv": [0, 0, 16, 1], "rotation": 90, "texture": "#Secondary"},
				"west": {"uv": [0, 0, 16, 1], "rotation": 90, "texture": "#Secondary"},
				"up": {"uv": [0, 0, 1, 1], "texture": "#Secondary"},
				"down": {"uv": [0, 0, 1, 1], "texture": "#Secondary"}
			}
		},
		{
			"from": [2, 0.1, 13.7],
			"to": [20, 1.1, 14.7],
			"rotation": {"angle": 45, "axis": "y", "origin": [2, 0.1, 14.7]},
			"faces": {
				"north": {"uv": [0, 0, 16, 1], "texture": "#Secondary"},
				"east": {"uv": [0, 0, 1, 1], "texture": "#Secondary"},
				"south": {"uv": [0, 0, 16, 1], "texture": "#Secondary"},
				"west": {"uv": [0, 0, 1, 1], "texture": "#Secondary"},
				"up": {"uv": [0, 0, 16, 1], "texture": "#Secondary"},
				"down": {"uv": [0, 0, 16, 1], "texture": "#Secondary"}
			}
		}
	],
	"display": {
		"thirdperson_righthand": {
			"rotation": [75, 45, 0],
			"translation": [0, 2.5, 0],
			"scale": [0.375, 0.375, 0.375]
		},
		"thirdperson_lefthand": {
			"rotation": [75, 45, 0],
			"translation": [0, 2.5, 0],
			"scale": [0.375, 0.375, 0.375]
		},
		"firstperson_righthand": {
			"rotation": [0, 45, 0],
			"scale": [0.4, 0.4, 0.4]
		},
		"firstperson_lefthand": {
			"rotation": [0, 225, 0],
			"scale": [0.4, 0.4, 0.4]
		},
		"ground": {
			"translation": [0, 3, 0],
			"scale": [0.25, 0.25, 0.25]
		},
		"gui": {
			"rotation": [30, 225, 0],
			"scale": [0.625, 0.625, 0.625]
		},
		"fixed": {
			"scale": [0.5, 0.5, 0.5]
		}
	},
	"groups": [
		{
			"name": "group",
			"origin": [8, 15, 14],
			"color": 0,
			"children": [0, 1]
		},
		2,
		3,
		4,
		5,
		6,
		7,
		8,
		9,
		10,
		11,
		12,
		13,
		14,
		15,
		16,
		17,
		18,
		19,
		20,
		21,
		22,
		23
	]
}