{
	"credit": "Made by LYIVX",
	"parent": "block/block",
	"textures": {
		"Log": "block/oak_log",
		"Chain": "block/chain"
	},
	"elements": [
		{
			"name": "Center post",
			"from": [14, 0, 7],
			"to": [16, 16, 9],
			"rotation": {"angle": 0, "axis": "y", "origin": [8, 7.5, 8]},
			"faces": {
				"north": {"uv": [0, 0, 2, 16], "texture": "#Log"},
				"east": {"uv": [7, 0, 9, 16], "texture": "#Log"},
				"south": {"uv": [14, 0, 16, 16], "texture": "#Log"},
				"west": {"uv": [7, 0, 9, 16], "texture": "#Log"},
				"up": {"uv": [14, 7, 16, 9], "rotation": 270, "texture": "#Log", "cullface": "up"},
				"down": {"uv": [14, 7, 16, 9], "rotation": 90, "texture": "#Log", "cullface": "down"}
			}
		},
		{
			"name": "Center post",
			"from": [0, 0, 7],
			"to": [2, 16, 9],
			"rotation": {"angle": 0, "axis": "y", "origin": [8, 7.5, 8]},
			"faces": {
				"north": {"uv": [14, 0, 16, 16], "texture": "#Log"},
				"east": {"uv": [7, 0, 9, 16], "texture": "#Log"},
				"south": {"uv": [0, 0, 2, 16], "texture": "#Log"},
				"west": {"uv": [7, 0, 9, 16], "texture": "#Log"},
				"up": {"uv": [0, 7, 2, 9], "rotation": 270, "texture": "#Log", "cullface": "up"},
				"down": {"uv": [0, 7, 2, 9], "rotation": 90, "texture": "#Log", "cullface": "down"}
			}
		},
		{
			"from": [8, 0, 7.5],
			"to": [9, 16, 8.5],
			"rotation": {"angle": 0, "axis": "y", "origin": [14, 8.5, 8]},
			"faces": {
				"north": {"uv": [7, 0, 8, 16], "texture": "#Log"},
				"east": {"uv": [7.5, 0, 8.5, 16], "texture": "#Log"},
				"south": {"uv": [8, 0, 9, 16], "texture": "#Log"},
				"west": {"uv": [7.5, 0, 8.5, 16], "texture": "#Log"},
				"up": {"uv": [8, 7.5, 9, 8.5], "rotation": 270, "texture": "#Log"},
				"down": {"uv": [8, 7.5, 9, 8.5], "rotation": 90, "texture": "#Log"}
			}
		},
		{
			"from": [9, 0, 7.999],
			"to": [14, 16, 7.999],
			"rotation": {"angle": 0, "axis": "y", "origin": [14, 8, 8]},
			"faces": {
				"north": {"uv": [0, 0, 5, 16], "texture": "#Chain"},
				"south": {"uv": [0, 0, 5, 16], "texture": "#Chain"}
			}
		},
		{
			"from": [7, 0, 7.5],
			"to": [8, 16, 8.5],
			"rotation": {"angle": 0, "axis": "y", "origin": [2, 6.5, 8]},
			"faces": {
				"north": {"uv": [8, 0, 9, 16], "texture": "#Log"},
				"east": {"uv": [7.5, 0, 8.5, 16], "texture": "#Log"},
				"south": {"uv": [7, 0, 8, 16], "texture": "#Log"},
				"west": {"uv": [7.5, 0, 8.5, 16], "texture": "#Log"},
				"up": {"uv": [7, 7.5, 8, 8.5], "rotation": 270, "texture": "#Log"},
				"down": {"uv": [7, 7.5, 8, 8.5], "rotation": 90, "texture": "#Log"}
			}
		},
		{
			"from": [2, 0, 7.999],
			"to": [7, 16, 7.999],
			"rotation": {"angle": 0, "axis": "y", "origin": [2, 0, 8]},
			"faces": {
				"north": {"uv": [0, 0, 5, 16], "texture": "#Chain"},
				"south": {"uv": [0, 0, 5, 16], "texture": "#Chain"}
			}
		}
	],
	"display": {
		"thirdperson_righthand": {
			"rotation": [75, 45, 0],
			"translation": [0, 2.5, 0],
			"scale": [0.375, 0.375, 0.375]
		},
		"thirdperson_lefthand": {
			"rotation": [75, 45, 0],
			"translation": [0, 2.5, 0],
			"scale": [0.375, 0.375, 0.375]
		},
		"firstperson_righthand": {
			"rotation": [0, 45, 0],
			"scale": [0.4, 0.4, 0.4]
		},
		"firstperson_lefthand": {
			"rotation": [0, 225, 0],
			"scale": [0.4, 0.4, 0.4]
		},
		"ground": {
			"translation": [0, 3, 0],
			"scale": [0.25, 0.25, 0.25]
		},
		"gui": {
			"rotation": [30, 225, 0],
			"scale": [0.625, 0.625, 0.625]
		},
		"head": {
			"translation": [0, -3, -6]
		},
		"fixed": {
			"scale": [0.5, 0.5, 0.5]
		}
	},
	"groups": [
		0,
		1,
		{
			"name": "l",
			"origin": [16, 0, 0],
			"color": 0,
			"children": [2, 3]
		},
		{
			"name": "r",
			"origin": [6.5, 0, 0],
			"color": 0,
			"children": [4, 5]
		}
	]
}