{
	"credit": "Made by LYIVX",
	"textures": {
		"Main": "block/stripped_oak_log",
		"Handle": "ls_furniture:block/handle_oak",
		"particle": "block/oak_log",
		"Secondary": "block/oak_log"
	},
	"elements": [
		{
			"name": "group2",
			"from": [0, -2, 15],
			"to": [16, 0, 16],
			"rotation": {"angle": 0, "axis": "y", "origin": [8, 0, 8]},
			"faces": {
				"north": {"uv": [0, 0, 16, 2], "texture": "#Secondary"},
				"east": {"uv": [0, 0, 1, 2], "texture": "#Secondary"},
				"south": {"uv": [0, 0, 16, 2], "texture": "#Secondary"},
				"west": {"uv": [15, 0, 16, 2], "texture": "#Secondary"},
				"up": {"uv": [0, 15, 16, 16], "texture": "#Secondary"},
				"down": {"uv": [0, 0, 16, 1], "texture": "#Secondary"}
			}
		},
		{
			"name": "group2",
			"from": [0, 0, 9],
			"to": [16, 1, 16],
			"rotation": {"angle": 0, "axis": "y", "origin": [8, 0, 8]},
			"faces": {
				"north": {"uv": [0, 15, 16, 16], "texture": "#Secondary"},
				"east": {"uv": [0, 15, 7, 16], "texture": "#Secondary"},
				"south": {"uv": [0, 15, 16, 16], "texture": "#Secondary"},
				"west": {"uv": [9, 15, 16, 16], "texture": "#Secondary"},
				"up": {"uv": [0, 9, 16, 16], "texture": "#Secondary"},
				"down": {"uv": [0, 0, 16, 7], "texture": "#Secondary"}
			}
		},
		{
			"name": "group2",
			"from": [0, 15, 9],
			"to": [16, 16, 16],
			"rotation": {"angle": 0, "axis": "y", "origin": [8, 0, 8]},
			"faces": {
				"north": {"uv": [0, 0, 16, 1], "texture": "#Secondary"},
				"east": {"uv": [0, 0, 7, 1], "texture": "#Secondary"},
				"south": {"uv": [0, 0, 16, 1], "texture": "#Secondary"},
				"west": {"uv": [9, 0, 16, 1], "texture": "#Secondary"},
				"up": {"uv": [0, 9, 16, 16], "texture": "#Secondary"},
				"down": {"uv": [0, 0, 16, 7], "texture": "#Secondary"}
			}
		},
		{
			"name": "group",
			"from": [0, 1, 9],
			"to": [1, 15, 16],
			"rotation": {"angle": 0, "axis": "y", "origin": [8, 0, 8]},
			"faces": {
				"north": {"uv": [15, 1, 16, 15], "texture": "#Main"},
				"east": {"uv": [0, 1, 7, 15], "texture": "#Main"},
				"south": {"uv": [0, 1, 1, 15], "texture": "#Main"},
				"west": {"uv": [9, 1, 16, 15], "texture": "#Main"},
				"up": {"uv": [0, 9, 1, 16], "texture": "#Main"},
				"down": {"uv": [0, 0, 1, 7], "texture": "#Main"}
			}
		},
		{
			"name": "group",
			"from": [15, 1, 9],
			"to": [16, 15, 16],
			"rotation": {"angle": 0, "axis": "y", "origin": [8, 0, 8]},
			"faces": {
				"north": {"uv": [0, 1, 1, 15], "texture": "#Main"},
				"east": {"uv": [0, 1, 7, 15], "texture": "#Main"},
				"south": {"uv": [15, 1, 16, 15], "texture": "#Main"},
				"west": {"uv": [9, 1, 16, 15], "texture": "#Main"},
				"up": {"uv": [15, 9, 16, 16], "texture": "#Main"},
				"down": {"uv": [15, 0, 16, 7], "texture": "#Main"}
			}
		},
		{
			"name": "group",
			"from": [1, 1, 14],
			"to": [15, 15, 16],
			"rotation": {"angle": 0, "axis": "y", "origin": [8, 0, 8]},
			"faces": {
				"north": {"uv": [1, 1, 15, 15], "texture": "#Main"},
				"east": {"uv": [0, 1, 2, 15], "texture": "#Main"},
				"south": {"uv": [1, 1, 15, 15], "texture": "#Main"},
				"west": {"uv": [14, 1, 16, 15], "texture": "#Main"},
				"up": {"uv": [1, 14, 15, 16], "texture": "#Main"},
				"down": {"uv": [1, 0, 15, 2], "texture": "#Main"}
			}
		},
		{
			"name": "group",
			"from": [1, 1, 9],
			"to": [15, 2, 10],
			"rotation": {"angle": 0, "axis": "y", "origin": [8, 0, 8]},
			"faces": {
				"north": {"uv": [1, 14, 15, 15], "texture": "#Main"},
				"east": {"uv": [6, 14, 7, 15], "texture": "#Main"},
				"south": {"uv": [1, 14, 15, 15], "texture": "#Main"},
				"west": {"uv": [9, 14, 10, 15], "texture": "#Main"},
				"up": {"uv": [1, 9, 15, 10], "texture": "#Main"},
				"down": {"uv": [1, 6, 15, 7], "texture": "#Main"}
			}
		},
		{
			"name": "group",
			"from": [1, 14, 9],
			"to": [15, 15, 10],
			"rotation": {"angle": 0, "axis": "y", "origin": [8, 0, 8]},
			"faces": {
				"north": {"uv": [1, 1, 15, 2], "texture": "#Main"},
				"east": {"uv": [6, 1, 7, 2], "texture": "#Main"},
				"south": {"uv": [1, 1, 15, 2], "texture": "#Main"},
				"west": {"uv": [9, 1, 10, 2], "texture": "#Main"},
				"up": {"uv": [1, 9, 15, 10], "texture": "#Main"},
				"down": {"uv": [1, 6, 15, 7], "texture": "#Main"}
			}
		},
		{
			"name": "group",
			"from": [1, 1, 10],
			"to": [15, 2, 14],
			"rotation": {"angle": 0, "axis": "y", "origin": [8, 0, 8]},
			"faces": {
				"north": {"uv": [1, 14, 15, 15], "texture": "#Main"},
				"east": {"uv": [2, 14, 6, 15], "texture": "#Main"},
				"south": {"uv": [1, 14, 15, 15], "texture": "#Main"},
				"west": {"uv": [10, 14, 14, 15], "texture": "#Main"},
				"up": {"uv": [1, 10, 15, 14], "texture": "#Main"},
				"down": {"uv": [1, 2, 15, 6], "texture": "#Main"}
			}
		},
		{
			"name": "group",
			"from": [1, 14, 10],
			"to": [15, 15, 14],
			"rotation": {"angle": 0, "axis": "y", "origin": [8, 0, 8]},
			"faces": {
				"north": {"uv": [1, 1, 15, 2], "texture": "#Main"},
				"east": {"uv": [2, 1, 6, 2], "texture": "#Main"},
				"south": {"uv": [1, 1, 15, 2], "texture": "#Main"},
				"west": {"uv": [10, 1, 14, 2], "texture": "#Main"},
				"up": {"uv": [1, 10, 15, 14], "texture": "#Main"},
				"down": {"uv": [1, 2, 15, 6], "texture": "#Main"}
			}
		},
		{
			"name": "group",
			"from": [14, 8, 10],
			"to": [15, 13, 11],
			"rotation": {"angle": 0, "axis": "y", "origin": [8, 0, 9]},
			"faces": {
				"north": {"uv": [1, 3, 2, 8], "texture": "#Main"},
				"east": {"uv": [5, 3, 6, 8], "texture": "#Main"},
				"south": {"uv": [14, 3, 15, 8], "texture": "#Main"},
				"west": {"uv": [10, 3, 11, 8], "texture": "#Main"},
				"up": {"uv": [14, 10, 15, 11], "texture": "#Main"},
				"down": {"uv": [14, 5, 15, 6], "texture": "#Main"}
			}
		},
		{
			"name": "group",
			"from": [1, 8, 10],
			"to": [2, 13, 11],
			"rotation": {"angle": 0, "axis": "y", "origin": [8, 0, 9]},
			"faces": {
				"north": {"uv": [14, 3, 15, 8], "texture": "#Main"},
				"east": {"uv": [5, 3, 6, 8], "texture": "#Main"},
				"south": {"uv": [1, 3, 2, 8], "texture": "#Main"},
				"west": {"uv": [10, 3, 11, 8], "texture": "#Main"},
				"up": {"uv": [1, 10, 2, 11], "texture": "#Main"},
				"down": {"uv": [1, 5, 2, 6], "texture": "#Main"}
			}
		},
		{
			"name": "group",
			"from": [1, 3, 10],
			"to": [2, 7, 11],
			"rotation": {"angle": 0, "axis": "y", "origin": [8, 0, 9]},
			"faces": {
				"north": {"uv": [14, 9, 15, 13], "texture": "#Main"},
				"east": {"uv": [5, 9, 6, 13], "texture": "#Main"},
				"south": {"uv": [1, 9, 2, 13], "texture": "#Main"},
				"west": {"uv": [10, 9, 11, 13], "texture": "#Main"},
				"up": {"uv": [1, 10, 2, 11], "texture": "#Main"},
				"down": {"uv": [1, 5, 2, 6], "texture": "#Main"}
			}
		},
		{
			"name": "group",
			"from": [14, 3, 10],
			"to": [15, 7, 11],
			"rotation": {"angle": 0, "axis": "y", "origin": [8, 0, 9]},
			"faces": {
				"north": {"uv": [1, 9, 2, 13], "texture": "#Main"},
				"east": {"uv": [5, 9, 6, 13], "texture": "#Main"},
				"south": {"uv": [14, 9, 15, 13], "texture": "#Main"},
				"west": {"uv": [10, 9, 11, 13], "texture": "#Main"},
				"up": {"uv": [14, 10, 15, 11], "texture": "#Main"},
				"down": {"uv": [14, 5, 15, 6], "texture": "#Main"}
			}
		},
		{
			"name": "group",
			"from": [7.5, 2, 10],
			"to": [8.5, 7, 11],
			"rotation": {"angle": 0, "axis": "y", "origin": [8, 0, 9]},
			"faces": {
				"north": {"uv": [7.5, 9, 8.5, 14], "texture": "#Main"},
				"east": {"uv": [5, 9, 6, 14], "texture": "#Main"},
				"south": {"uv": [7.5, 9, 8.5, 14], "texture": "#Main"},
				"west": {"uv": [10, 9, 11, 14], "texture": "#Main"},
				"up": {"uv": [7.5, 10, 8.5, 11], "texture": "#Main"},
				"down": {"uv": [7.5, 5, 8.5, 6], "texture": "#Main"}
			}
		},
		{
			"name": "group",
			"from": [7.5, 8, 10],
			"to": [8.5, 14, 11],
			"rotation": {"angle": 0, "axis": "y", "origin": [8, 0, 9]},
			"faces": {
				"north": {"uv": [7.5, 2, 8.5, 8], "texture": "#Main"},
				"east": {"uv": [5, 2, 6, 8], "texture": "#Main"},
				"south": {"uv": [7.5, 2, 8.5, 8], "texture": "#Main"},
				"west": {"uv": [10, 2, 11, 8], "texture": "#Main"},
				"up": {"uv": [7.5, 10, 8.5, 11], "texture": "#Main"},
				"down": {"uv": [7.5, 5, 8.5, 6], "texture": "#Main"}
			}
		},
		{
			"name": "group",
			"from": [1, 13, 10],
			"to": [15, 14, 14],
			"rotation": {"angle": 0, "axis": "y", "origin": [8, 0, 8]},
			"faces": {
				"north": {"uv": [1, 2, 15, 3], "texture": "#Main"},
				"east": {"uv": [2, 2, 6, 3], "texture": "#Main"},
				"south": {"uv": [1, 2, 15, 3], "texture": "#Main"},
				"west": {"uv": [10, 2, 14, 3], "texture": "#Main"},
				"up": {"uv": [1, 10, 15, 14], "texture": "#Main"},
				"down": {"uv": [1, 2, 15, 6], "texture": "#Main"}
			}
		},
		{
			"name": "group",
			"from": [1, 2, 10],
			"to": [15, 3, 14],
			"rotation": {"angle": 0, "axis": "y", "origin": [8, 0, 8]},
			"faces": {
				"north": {"uv": [1, 13, 15, 14], "texture": "#Main"},
				"east": {"uv": [2, 13, 6, 14], "texture": "#Main"},
				"south": {"uv": [1, 13, 15, 14], "texture": "#Main"},
				"west": {"uv": [10, 13, 14, 14], "texture": "#Main"},
				"up": {"uv": [1, 10, 15, 14], "texture": "#Main"},
				"down": {"uv": [1, 2, 15, 6], "texture": "#Main"}
			}
		},
		{
			"name": "group",
			"from": [1, 7, 10],
			"to": [15, 8, 14],
			"rotation": {"angle": 0, "axis": "y", "origin": [8, 0, 8]},
			"faces": {
				"north": {"uv": [1, 8, 15, 9], "texture": "#Main"},
				"east": {"uv": [2, 8, 6, 9], "texture": "#Main"},
				"south": {"uv": [1, 8, 15, 9], "texture": "#Main"},
				"west": {"uv": [10, 8, 14, 9], "texture": "#Main"},
				"up": {"uv": [1, 10, 15, 14], "texture": "#Main"},
				"down": {"uv": [1, 2, 15, 6], "texture": "#Main"}
			}
		},
		{
			"name": "right",
			"from": [1.5, 2.5, 9],
			"to": [7.75, 13.5, 10],
			"rotation": {"angle": 45, "axis": "y", "origin": [1.5, 7, 10]},
			"faces": {
				"north": {"uv": [8.25, 2.5, 14.5, 13.5], "texture": "#Secondary"},
				"east": {"uv": [6, 2.5, 7, 13.5], "texture": "#Secondary"},
				"south": {"uv": [1.5, 2.5, 7.75, 13.5], "texture": "#Secondary"},
				"west": {"uv": [9, 2.5, 10, 13.5], "texture": "#Secondary"},
				"up": {"uv": [1.5, 9, 7.75, 10], "texture": "#Secondary"},
				"down": {"uv": [1.5, 6, 7.75, 7], "texture": "#Secondary"}
			}
		},
		{
			"name": "right",
			"from": [2.75, 7, 8.99],
			"to": [6.75, 11, 8.99],
			"rotation": {"angle": 45, "axis": "y", "origin": [1.5, 7, 10]},
			"faces": {
				"north": {"uv": [0, 0, 16, 16], "texture": "#Handle"},
				"east": {"uv": [0, 0, 16, 16], "texture": "#Handle"},
				"south": {"uv": [0, 0, 16, 16], "texture": "#Handle"},
				"west": {"uv": [0, 0, 16, 16], "texture": "#Handle"},
				"up": {"uv": [0, 0, 16, 16], "texture": "#Handle"},
				"down": {"uv": [0, 0, 16, 16], "texture": "#Handle"}
			}
		},
		{
			"name": "left",
			"from": [14, 2.5, 3.25],
			"to": [15, 13.5, 9.5],
			"rotation": {"angle": 22.5, "axis": "y", "origin": [14.5, 7, 9.5]},
			"faces": {
				"north": {"uv": [9, 2.5, 10, 13.5], "texture": "#Secondary"},
				"east": {"uv": [1.5, 2.5, 7.75, 13.5], "texture": "#Secondary"},
				"south": {"uv": [6, 2.5, 7, 13.5], "texture": "#Secondary"},
				"west": {"uv": [8.25, 2.5, 14.5, 13.5], "texture": "#Secondary"},
				"up": {"uv": [8.25, 9, 14.5, 10], "rotation": 90, "texture": "#Secondary"},
				"down": {"uv": [8.25, 6, 14.5, 7], "rotation": 270, "texture": "#Secondary"}
			}
		},
		{
			"name": "left",
			"from": [15.01, 7, 4.25],
			"to": [15.01, 11, 8.25],
			"rotation": {"angle": 22.5, "axis": "y", "origin": [14.5, 7, 9.5]},
			"faces": {
				"north": {"uv": [0, 0, 16, 16], "texture": "#Handle"},
				"east": {"uv": [16, 0, 0, 16], "texture": "#Handle"},
				"south": {"uv": [0, 0, 16, 16], "texture": "#Handle"},
				"west": {"uv": [0, 0, 16, 16], "texture": "#Handle"},
				"up": {"uv": [0, 0, 16, 16], "rotation": 90, "texture": "#Handle"},
				"down": {"uv": [0, 0, 16, 16], "rotation": 270, "texture": "#Handle"}
			}
		}
	],
	"display": {
		"thirdperson_righthand": {
			"rotation": [75, 45, 0],
			"translation": [0, 2.5, 0],
			"scale": [0.375, 0.375, 0.375]
		},
		"thirdperson_lefthand": {
			"rotation": [75, 45, 0],
			"translation": [0, 2.5, 0],
			"scale": [0.375, 0.375, 0.375]
		},
		"firstperson_righthand": {
			"rotation": [0, 135, 0],
			"scale": [0.4, 0.4, 0.4]
		},
		"firstperson_lefthand": {
			"rotation": [0, 135, 0],
			"scale": [0.4, 0.4, 0.4]
		},
		"ground": {
			"translation": [0, 3, 0],
			"scale": [0.25, 0.25, 0.25]
		},
		"gui": {
			"rotation": [30, 225, 0],
			"translation": [2.25, -1, 0],
			"scale": [0.7, 0.7, 0.7]
		},
		"head": {
			"translation": [0, 0, -6.5]
		},
		"fixed": {
			"translation": [0, 0, -3],
			"scale": [0.5, 0.5, 0.5]
		}
	},
	"groups": [
		{
			"name": "group2",
			"origin": [8, 0, 8],
			"color": 0,
			"nbt": "{}",
			"children": [0, 1, 2]
		},
		{
			"name": "group",
			"origin": [0, 1, 0],
			"color": 1,
			"nbt": "{}",
			"children": [3, 4, 5, 6, 7, 8, 9]
		},
		{
			"name": "group",
			"origin": [0, 0, 0],
			"color": 1,
			"nbt": "{}",
			"children": [10, 11, 12, 13, 14, 15, 16, 17, 18]
		},
		{
			"name": "right",
			"origin": [2, 7.25, 2],
			"color": 2,
			"nbt": "{}",
			"children": [19, 20]
		},
		{
			"name": "left",
			"origin": [14, 7.25, 2],
			"color": 3,
			"nbt": "{}",
			"children": [21, 22]
		}
	]
}