{
	"credit": "Made by LYIVX",
	"parent": "minecraft:block/block",
	"elements": [
		{
			"from": [0, 14, 8],
			"to": [16, 16, 16],
			"faces": {
				"north": {"uv": [0, 0, 16, 2], "texture": "#Main"},
				"east": {"uv": [0, 0, 8, 2], "texture": "#Main"},
				"south": {"uv": [0, 0, 16, 2], "texture": "#Main"},
				"west": {"uv": [8, 0, 16, 2], "texture": "#Main"},
				"up": {"uv": [0, 8, 16, 16], "texture": "#Main"},
				"down": {"uv": [0, 0, 16, 8], "texture": "#Main"}
			}
		}
	],
	"display": {
		"thirdperson_righthand": {
			"rotation": [75, 45, 0],
			"translation": [0, 2.5, 0],
			"scale": [0.375, 0.375, 0.375]
		},
		"thirdperson_lefthand": {
			"rotation": [75, 45, 0],
			"translation": [0, 2.5, 0],
			"scale": [0.375, 0.375, 0.375]
		},
		"firstperson_righthand": {
			"rotation": [0, 45, 0],
			"scale": [0.4, 0.4, 0.4]
		},
		"firstperson_lefthand": {
			"rotation": [0, 45, 0],
			"scale": [0.4, 0.4, 0.4]
		},
		"ground": {
			"translation": [0, 3, 0],
			"scale": [0.25, 0.25, 0.25]
		},
		"gui": {
			"rotation": [30, 225, 0],
			"translation": [3.25, -1.75, 0],
			"scale": [0.9, 0.9, 0.9]
		},
		"head": {
			"translation": [0, 4.5, 0]
		},
		"fixed": {
			"translation": [0, 0, -3],
			"scale": [0.5, 0.5, 0.5]
		}
	}
}