{
	"credit": "Made by LYIVX",
	"parent": "minecraft:block/block",
	"elements": [
		{
			"from": [0, 14, 8],
			"to": [16, 16, 16],
			"faces": {
				"north": {"uv": [0, 0, 16, 2], "texture": "#Main"},
				"east": {"uv": [0, 0, 8, 2], "texture": "#Main"},
				"south": {"uv": [0, 0, 16, 2], "texture": "#Main"},
				"west": {"uv": [8, 0, 16, 2], "texture": "#Main"},
				"up": {"uv": [0, 8, 16, 16], "texture": "#Main"},
				"down": {"uv": [0, 0, 16, 8], "texture": "#Main"}
			}
		},
		{
			"from": [1.5, 10, 14],
			"to": [3.5, 14, 16],
			"rotation": {"angle": 0, "axis": "y", "origin": [0, -2, 0]},
			"faces": {
				"north": {"uv": [12.5, 2, 14.5, 6], "texture": "#Secondary"},
				"east": {"uv": [0, 2, 2, 6], "texture": "#Secondary"},
				"south": {"uv": [1.5, 2, 3.5, 6], "texture": "#Secondary", "cullface": "south"},
				"west": {"uv": [14, 2, 16, 6], "texture": "#Secondary", "cullface": "west"},
				"down": {"uv": [1.5, 0, 3.5, 2], "texture": "#Secondary"}
			}
		},
		{
			"from": [12.5, 10, 14],
			"to": [14.5, 14, 16],
			"rotation": {"angle": 0, "axis": "y", "origin": [0, -2, 0]},
			"faces": {
				"north": {"uv": [1.5, 2, 3.5, 6], "texture": "#Secondary"},
				"east": {"uv": [0, 2, 2, 6], "texture": "#Secondary", "cullface": "east"},
				"south": {"uv": [12.5, 2, 14.5, 6], "texture": "#Secondary", "cullface": "south"},
				"west": {"uv": [14, 2, 16, 6], "texture": "#Secondary"},
				"down": {"uv": [12.5, 0, 14.5, 2], "texture": "#Secondary"}
			}
		},
		{
			"from": [13, 7.30294, 13.87452],
			"to": [14, 12.30294, 14.87452],
			"rotation": {"angle": -45, "axis": "x", "origin": [2, 9.30294, 9.47452]},
			"faces": {
				"north": {"uv": [2, 3, 3, 8], "texture": "#Secondary"},
				"east": {"uv": [2, 3, 3, 8], "texture": "#Secondary"},
				"south": {"uv": [13, 3, 14, 8], "texture": "#Secondary"},
				"west": {"uv": [13, 3, 14, 8], "texture": "#Secondary"}
			}
		},
		{
			"from": [2, 7.30294, 13.87452],
			"to": [3, 12.30294, 14.87452],
			"rotation": {"angle": -45, "axis": "x", "origin": [2, 9.30294, 9.47452]},
			"faces": {
				"north": {"uv": [13, 3, 14, 8], "texture": "#Secondary"},
				"east": {"uv": [2, 3, 3, 8], "texture": "#Secondary"},
				"south": {"uv": [2, 3, 3, 8], "texture": "#Secondary"},
				"west": {"uv": [13, 3, 14, 8], "texture": "#Secondary"}
			}
		}
	],
	"display": {
		"thirdperson_righthand": {
			"rotation": [75, 45, 0],
			"translation": [0, 2.5, 0],
			"scale": [0.375, 0.375, 0.375]
		},
		"thirdperson_lefthand": {
			"rotation": [75, 45, 0],
			"translation": [0, 2.5, 0],
			"scale": [0.375, 0.375, 0.375]
		},
		"firstperson_righthand": {
			"rotation": [0, 45, 0],
			"scale": [0.4, 0.4, 0.4]
		},
		"firstperson_lefthand": {
			"rotation": [0, 45, 0],
			"scale": [0.4, 0.4, 0.4]
		},
		"ground": {
			"translation": [0, 3, 0],
			"scale": [0.25, 0.25, 0.25]
		},
		"gui": {
			"rotation": [30, 225, 0],
			"translation": [2.25, -5.5, 0],
			"scale": [0.8, 0.8, 0.8]
		},
		"head": {
			"translation": [0, 4.5, 0]
		},
		"fixed": {
			"translation": [0, 0, -3],
			"scale": [0.5, 0.5, 0.5]
		}
	}
}