{
	"credit": "Made by LYIVX",
	"elements": [
		{
			"from": [0, 0, 0],
			"to": [16, 1, 16],
			"faces": {
				"north": {"uv": [0, 15, 16, 16], "texture": "#wool"},
				"east": {"uv": [0, 15, 16, 16], "texture": "#wool"},
				"south": {"uv": [0, 15, 16, 16], "texture": "#wool"},
				"west": {"uv": [0, 15, 16, 16], "texture": "#wool"},
				"up": {"uv": [0, 0, 16, 16], "texture": "#wool"},
				"down": {"uv": [0, 0, 16, 16], "texture": "#wool"}
			}
		},
		{
			"from": [16, 0.5, 1],
			"to": [17, 0.5, 2],
			"rotation": {"angle": 0, "axis": "y", "origin": [0, 0.5, 2]},
			"faces": {
				"north": {"uv": [0, 0, 16, 16], "texture": "#wool"},
				"east": {"uv": [0, 0, 16, 16], "texture": "#wool"},
				"south": {"uv": [0, 0, 16, 16], "texture": "#wool"},
				"west": {"uv": [0, 0, 16, 16], "texture": "#wool"},
				"up": {"uv": [15, 1, 16, 2], "texture": "#wool"},
				"down": {"uv": [15, 14, 16, 15], "texture": "#wool"}
			}
		},
		{
			"from": [16, 0.5, -1],
			"to": [17, 0.5, 0],
			"rotation": {"angle": 0, "axis": "y", "origin": [0, 0.5, 0]},
			"faces": {
				"north": {"uv": [0, 0, 16, 16], "texture": "#wool"},
				"east": {"uv": [0, 0, 16, 16], "texture": "#wool"},
				"south": {"uv": [0, 0, 16, 16], "texture": "#wool"},
				"west": {"uv": [0, 0, 16, 16], "texture": "#wool"},
				"up": {"uv": [15, 0, 16, 1], "texture": "#wool"},
				"down": {"uv": [15, 15, 16, 16], "texture": "#wool"}
			}
		},
		{
			"from": [14, 0.5, -1],
			"to": [15, 0.5, 0],
			"rotation": {"angle": 0, "axis": "y", "origin": [-2, 0.5, 0]},
			"faces": {
				"north": {"uv": [0, 0, 16, 16], "texture": "#wool"},
				"east": {"uv": [0, 0, 16, 16], "texture": "#wool"},
				"south": {"uv": [0, 0, 16, 16], "texture": "#wool"},
				"west": {"uv": [0, 0, 16, 16], "texture": "#wool"},
				"up": {"uv": [14, 0, 15, 1], "texture": "#wool"},
				"down": {"uv": [14, 15, 15, 16], "texture": "#wool"}
			}
		},
		{
			"from": [12, 0.5, -1],
			"to": [13, 0.5, 0],
			"rotation": {"angle": 0, "axis": "y", "origin": [-4, 0.5, 0]},
			"faces": {
				"north": {"uv": [0, 0, 16, 16], "texture": "#wool"},
				"east": {"uv": [0, 0, 16, 16], "texture": "#wool"},
				"south": {"uv": [0, 0, 16, 16], "texture": "#wool"},
				"west": {"uv": [0, 0, 16, 16], "texture": "#wool"},
				"up": {"uv": [12, 0, 13, 1], "texture": "#wool"},
				"down": {"uv": [12, 15, 13, 16], "texture": "#wool"}
			}
		},
		{
			"from": [10, 0.5, -1],
			"to": [11, 0.5, 0],
			"rotation": {"angle": 0, "axis": "y", "origin": [-6, 0.5, 0]},
			"faces": {
				"north": {"uv": [0, 0, 16, 16], "texture": "#wool"},
				"east": {"uv": [0, 0, 16, 16], "texture": "#wool"},
				"south": {"uv": [0, 0, 16, 16], "texture": "#wool"},
				"west": {"uv": [0, 0, 16, 16], "texture": "#wool"},
				"up": {"uv": [10, 0, 11, 1], "texture": "#wool"},
				"down": {"uv": [10, 15, 11, 16], "texture": "#wool"}
			}
		},
		{
			"from": [8, 0.5, -1],
			"to": [9, 0.5, 0],
			"rotation": {"angle": 0, "axis": "y", "origin": [-8, 0.5, 0]},
			"faces": {
				"north": {"uv": [0, 0, 16, 16], "texture": "#wool"},
				"east": {"uv": [0, 0, 16, 16], "texture": "#wool"},
				"south": {"uv": [0, 0, 16, 16], "texture": "#wool"},
				"west": {"uv": [0, 0, 16, 16], "texture": "#wool"},
				"up": {"uv": [8, 0, 9, 1], "texture": "#wool"},
				"down": {"uv": [8, 15, 9, 16], "texture": "#wool"}
			}
		},
		{
			"from": [6, 0.5, -1],
			"to": [7, 0.5, 0],
			"rotation": {"angle": 0, "axis": "y", "origin": [-10, 0.5, 0]},
			"faces": {
				"north": {"uv": [0, 0, 16, 16], "texture": "#wool"},
				"east": {"uv": [0, 0, 16, 16], "texture": "#wool"},
				"south": {"uv": [0, 0, 16, 16], "texture": "#wool"},
				"west": {"uv": [0, 0, 16, 16], "texture": "#wool"},
				"up": {"uv": [6, 0, 7, 1], "texture": "#wool"},
				"down": {"uv": [6, 15, 7, 16], "texture": "#wool"}
			}
		},
		{
			"from": [4, 0.5, -1],
			"to": [5, 0.5, 0],
			"rotation": {"angle": 0, "axis": "y", "origin": [-12, 0.5, 0]},
			"faces": {
				"north": {"uv": [0, 0, 16, 16], "texture": "#wool"},
				"east": {"uv": [0, 0, 16, 16], "texture": "#wool"},
				"south": {"uv": [0, 0, 16, 16], "texture": "#wool"},
				"west": {"uv": [0, 0, 16, 16], "texture": "#wool"},
				"up": {"uv": [4, 0, 5, 1], "texture": "#wool"},
				"down": {"uv": [4, 15, 5, 16], "texture": "#wool"}
			}
		},
		{
			"from": [2, 0.5, -1],
			"to": [3, 0.5, 0],
			"rotation": {"angle": 0, "axis": "y", "origin": [-14, 0.5, 0]},
			"faces": {
				"north": {"uv": [0, 0, 16, 16], "texture": "#wool"},
				"east": {"uv": [0, 0, 16, 16], "texture": "#wool"},
				"south": {"uv": [0, 0, 16, 16], "texture": "#wool"},
				"west": {"uv": [0, 0, 16, 16], "texture": "#wool"},
				"up": {"uv": [2, 0, 3, 1], "texture": "#wool"},
				"down": {"uv": [2, 15, 3, 16], "texture": "#wool"}
			}
		},
		{
			"from": [0, 0.5, -1],
			"to": [1, 0.5, 0],
			"rotation": {"angle": 0, "axis": "y", "origin": [-16, 0.5, 0]},
			"faces": {
				"north": {"uv": [0, 0, 16, 16], "texture": "#wool"},
				"east": {"uv": [0, 0, 16, 16], "texture": "#wool"},
				"south": {"uv": [0, 0, 16, 16], "texture": "#wool"},
				"west": {"uv": [0, 0, 16, 16], "texture": "#wool"},
				"up": {"uv": [0, 0, 1, 1], "texture": "#wool"},
				"down": {"uv": [0, 15, 1, 16], "texture": "#wool"}
			}
		},
		{
			"from": [-1, 0.5, 0],
			"to": [0, 0.5, 1],
			"rotation": {"angle": 0, "axis": "y", "origin": [-17, 0.5, 1]},
			"faces": {
				"north": {"uv": [0, 0, 16, 16], "texture": "#wool"},
				"east": {"uv": [0, 0, 16, 16], "texture": "#wool"},
				"south": {"uv": [0, 0, 16, 16], "texture": "#wool"},
				"west": {"uv": [0, 0, 16, 16], "texture": "#wool"},
				"up": {"uv": [0, 0, 1, 1], "texture": "#wool"},
				"down": {"uv": [0, 15, 1, 16], "texture": "#wool"}
			}
		},
		{
			"from": [-1, 0.5, 2],
			"to": [0, 0.5, 3],
			"rotation": {"angle": 0, "axis": "y", "origin": [-17, 0.5, 3]},
			"faces": {
				"north": {"uv": [0, 0, 16, 16], "texture": "#wool"},
				"east": {"uv": [0, 0, 16, 16], "texture": "#wool"},
				"south": {"uv": [0, 0, 16, 16], "texture": "#wool"},
				"west": {"uv": [0, 0, 16, 16], "texture": "#wool"},
				"up": {"uv": [0, 2, 1, 3], "texture": "#wool"},
				"down": {"uv": [0, 13, 1, 14], "texture": "#wool"}
			}
		},
		{
			"from": [-1, 0.5, 4],
			"to": [0, 0.5, 5],
			"rotation": {"angle": 0, "axis": "y", "origin": [-17, 0.5, 5]},
			"faces": {
				"north": {"uv": [0, 0, 16, 16], "texture": "#wool"},
				"east": {"uv": [0, 0, 16, 16], "texture": "#wool"},
				"south": {"uv": [0, 0, 16, 16], "texture": "#wool"},
				"west": {"uv": [0, 0, 16, 16], "texture": "#wool"},
				"up": {"uv": [0, 4, 1, 5], "texture": "#wool"},
				"down": {"uv": [0, 11, 1, 12], "texture": "#wool"}
			}
		},
		{
			"from": [-1, 0.5, 6],
			"to": [0, 0.5, 7],
			"rotation": {"angle": 0, "axis": "y", "origin": [-17, 0.5, 7]},
			"faces": {
				"north": {"uv": [0, 0, 16, 16], "texture": "#wool"},
				"east": {"uv": [0, 0, 16, 16], "texture": "#wool"},
				"south": {"uv": [0, 0, 16, 16], "texture": "#wool"},
				"west": {"uv": [0, 0, 16, 16], "texture": "#wool"},
				"up": {"uv": [0, 6, 1, 7], "texture": "#wool"},
				"down": {"uv": [0, 9, 1, 10], "texture": "#wool"}
			}
		},
		{
			"from": [-1, 0.5, 8],
			"to": [0, 0.5, 9],
			"rotation": {"angle": 0, "axis": "y", "origin": [-17, 0.5, 9]},
			"faces": {
				"north": {"uv": [0, 0, 16, 16], "texture": "#wool"},
				"east": {"uv": [0, 0, 16, 16], "texture": "#wool"},
				"south": {"uv": [0, 0, 16, 16], "texture": "#wool"},
				"west": {"uv": [0, 0, 16, 16], "texture": "#wool"},
				"up": {"uv": [0, 8, 1, 9], "texture": "#wool"},
				"down": {"uv": [0, 7, 1, 8], "texture": "#wool"}
			}
		},
		{
			"from": [-1, 0.5, 10],
			"to": [0, 0.5, 11],
			"rotation": {"angle": 0, "axis": "y", "origin": [-17, 0.5, 11]},
			"faces": {
				"north": {"uv": [0, 0, 16, 16], "texture": "#wool"},
				"east": {"uv": [0, 0, 16, 16], "texture": "#wool"},
				"south": {"uv": [0, 0, 16, 16], "texture": "#wool"},
				"west": {"uv": [0, 0, 16, 16], "texture": "#wool"},
				"up": {"uv": [0, 10, 1, 11], "texture": "#wool"},
				"down": {"uv": [0, 5, 1, 6], "texture": "#wool"}
			}
		},
		{
			"from": [-1, 0.5, 12],
			"to": [0, 0.5, 13],
			"rotation": {"angle": 0, "axis": "y", "origin": [-17, 0.5, 13]},
			"faces": {
				"north": {"uv": [0, 0, 16, 16], "texture": "#wool"},
				"east": {"uv": [0, 0, 16, 16], "texture": "#wool"},
				"south": {"uv": [0, 0, 16, 16], "texture": "#wool"},
				"west": {"uv": [0, 0, 16, 16], "texture": "#wool"},
				"up": {"uv": [0, 12, 1, 13], "texture": "#wool"},
				"down": {"uv": [0, 3, 1, 4], "texture": "#wool"}
			}
		},
		{
			"from": [-1, 0.5, 14],
			"to": [0, 0.5, 15],
			"rotation": {"angle": 0, "axis": "y", "origin": [-17, 0.5, 15]},
			"faces": {
				"north": {"uv": [0, 0, 16, 16], "texture": "#wool"},
				"east": {"uv": [0, 0, 16, 16], "texture": "#wool"},
				"south": {"uv": [0, 0, 16, 16], "texture": "#wool"},
				"west": {"uv": [0, 0, 16, 16], "texture": "#wool"},
				"up": {"uv": [0, 14, 1, 15], "texture": "#wool"},
				"down": {"uv": [0, 1, 1, 2], "texture": "#wool"}
			}
		},
		{
			"from": [-1, 0.5, 16],
			"to": [0, 0.5, 17],
			"rotation": {"angle": 0, "axis": "y", "origin": [-17, 0.5, 17]},
			"faces": {
				"north": {"uv": [0, 0, 16, 16], "texture": "#wool"},
				"east": {"uv": [0, 0, 16, 16], "texture": "#wool"},
				"south": {"uv": [0, 0, 16, 16], "texture": "#wool"},
				"west": {"uv": [0, 0, 16, 16], "texture": "#wool"},
				"up": {"uv": [0, 15, 1, 16], "texture": "#wool"},
				"down": {"uv": [0, 0, 1, 1], "texture": "#wool"}
			}
		},
		{
			"from": [1, 0.5, 16],
			"to": [2, 0.5, 17],
			"rotation": {"angle": 0, "axis": "y", "origin": [-15, 0.5, 17]},
			"faces": {
				"north": {"uv": [0, 0, 16, 16], "texture": "#wool"},
				"east": {"uv": [0, 0, 16, 16], "texture": "#wool"},
				"south": {"uv": [0, 0, 16, 16], "texture": "#wool"},
				"west": {"uv": [0, 0, 16, 16], "texture": "#wool"},
				"up": {"uv": [1, 15, 2, 16], "texture": "#wool"},
				"down": {"uv": [1, 0, 2, 1], "texture": "#wool"}
			}
		},
		{
			"from": [3, 0.5, 16],
			"to": [4, 0.5, 17],
			"rotation": {"angle": 0, "axis": "y", "origin": [-13, 0.5, 17]},
			"faces": {
				"north": {"uv": [0, 0, 16, 16], "texture": "#wool"},
				"east": {"uv": [0, 0, 16, 16], "texture": "#wool"},
				"south": {"uv": [0, 0, 16, 16], "texture": "#wool"},
				"west": {"uv": [0, 0, 16, 16], "texture": "#wool"},
				"up": {"uv": [3, 15, 4, 16], "texture": "#wool"},
				"down": {"uv": [3, 0, 4, 1], "texture": "#wool"}
			}
		},
		{
			"from": [5, 0.5, 16],
			"to": [6, 0.5, 17],
			"rotation": {"angle": 0, "axis": "y", "origin": [-11, 0.5, 17]},
			"faces": {
				"north": {"uv": [0, 0, 16, 16], "texture": "#wool"},
				"east": {"uv": [0, 0, 16, 16], "texture": "#wool"},
				"south": {"uv": [0, 0, 16, 16], "texture": "#wool"},
				"west": {"uv": [0, 0, 16, 16], "texture": "#wool"},
				"up": {"uv": [5, 15, 6, 16], "texture": "#wool"},
				"down": {"uv": [5, 0, 6, 1], "texture": "#wool"}
			}
		},
		{
			"from": [7, 0.5, 16],
			"to": [8, 0.5, 17],
			"rotation": {"angle": 0, "axis": "y", "origin": [-9, 0.5, 17]},
			"faces": {
				"north": {"uv": [0, 0, 16, 16], "texture": "#wool"},
				"east": {"uv": [0, 0, 16, 16], "texture": "#wool"},
				"south": {"uv": [0, 0, 16, 16], "texture": "#wool"},
				"west": {"uv": [0, 0, 16, 16], "texture": "#wool"},
				"up": {"uv": [7, 15, 8, 16], "texture": "#wool"},
				"down": {"uv": [7, 0, 8, 1], "texture": "#wool"}
			}
		},
		{
			"from": [9, 0.5, 16],
			"to": [10, 0.5, 17],
			"rotation": {"angle": 0, "axis": "y", "origin": [-7, 0.5, 17]},
			"faces": {
				"north": {"uv": [0, 0, 16, 16], "texture": "#wool"},
				"east": {"uv": [0, 0, 16, 16], "texture": "#wool"},
				"south": {"uv": [0, 0, 16, 16], "texture": "#wool"},
				"west": {"uv": [0, 0, 16, 16], "texture": "#wool"},
				"up": {"uv": [9, 15, 10, 16], "texture": "#wool"},
				"down": {"uv": [9, 0, 10, 1], "texture": "#wool"}
			}
		},
		{
			"from": [11, 0.5, 16],
			"to": [12, 0.5, 17],
			"rotation": {"angle": 0, "axis": "y", "origin": [-5, 0.5, 17]},
			"faces": {
				"north": {"uv": [0, 0, 16, 16], "texture": "#wool"},
				"east": {"uv": [0, 0, 16, 16], "texture": "#wool"},
				"south": {"uv": [0, 0, 16, 16], "texture": "#wool"},
				"west": {"uv": [0, 0, 16, 16], "texture": "#wool"},
				"up": {"uv": [11, 15, 12, 16], "texture": "#wool"},
				"down": {"uv": [11, 0, 12, 1], "texture": "#wool"}
			}
		},
		{
			"from": [13, 0.5, 16],
			"to": [14, 0.5, 17],
			"rotation": {"angle": 0, "axis": "y", "origin": [-3, 0.5, 17]},
			"faces": {
				"north": {"uv": [0, 0, 16, 16], "texture": "#wool"},
				"east": {"uv": [0, 0, 16, 16], "texture": "#wool"},
				"south": {"uv": [0, 0, 16, 16], "texture": "#wool"},
				"west": {"uv": [0, 0, 16, 16], "texture": "#wool"},
				"up": {"uv": [13, 15, 14, 16], "texture": "#wool"},
				"down": {"uv": [13, 0, 14, 1], "texture": "#wool"}
			}
		},
		{
			"from": [15, 0.5, 16],
			"to": [16, 0.5, 17],
			"rotation": {"angle": 0, "axis": "y", "origin": [-1, 0.5, 17]},
			"faces": {
				"north": {"uv": [0, 0, 16, 16], "texture": "#wool"},
				"east": {"uv": [0, 0, 16, 16], "texture": "#wool"},
				"south": {"uv": [0, 0, 16, 16], "texture": "#wool"},
				"west": {"uv": [0, 0, 16, 16], "texture": "#wool"},
				"up": {"uv": [15, 15, 16, 16], "texture": "#wool"},
				"down": {"uv": [15, 0, 16, 1], "texture": "#wool"}
			}
		},
		{
			"from": [16, 0.5, 15],
			"to": [17, 0.5, 16],
			"rotation": {"angle": 0, "axis": "y", "origin": [0, 0.5, 16]},
			"faces": {
				"north": {"uv": [0, 0, 16, 16], "texture": "#wool"},
				"east": {"uv": [0, 0, 16, 16], "texture": "#wool"},
				"south": {"uv": [0, 0, 16, 16], "texture": "#wool"},
				"west": {"uv": [0, 0, 16, 16], "texture": "#wool"},
				"up": {"uv": [15, 15, 16, 16], "texture": "#wool"},
				"down": {"uv": [15, 0, 16, 1], "texture": "#wool"}
			}
		},
		{
			"from": [16, 0.5, 13],
			"to": [17, 0.5, 14],
			"rotation": {"angle": 0, "axis": "y", "origin": [0, 0.5, 14]},
			"faces": {
				"north": {"uv": [0, 0, 16, 16], "texture": "#wool"},
				"east": {"uv": [0, 0, 16, 16], "texture": "#wool"},
				"south": {"uv": [0, 0, 16, 16], "texture": "#wool"},
				"west": {"uv": [0, 0, 16, 16], "texture": "#wool"},
				"up": {"uv": [15, 13, 16, 14], "texture": "#wool"},
				"down": {"uv": [15, 2, 16, 3], "texture": "#wool"}
			}
		},
		{
			"from": [16, 0.5, 11],
			"to": [17, 0.5, 12],
			"rotation": {"angle": 0, "axis": "y", "origin": [0, 0.5, 12]},
			"faces": {
				"north": {"uv": [0, 0, 16, 16], "texture": "#wool"},
				"east": {"uv": [0, 0, 16, 16], "texture": "#wool"},
				"south": {"uv": [0, 0, 16, 16], "texture": "#wool"},
				"west": {"uv": [0, 0, 16, 16], "texture": "#wool"},
				"up": {"uv": [15, 11, 16, 12], "texture": "#wool"},
				"down": {"uv": [15, 4, 16, 5], "texture": "#wool"}
			}
		},
		{
			"from": [16, 0.5, 9],
			"to": [17, 0.5, 10],
			"rotation": {"angle": 0, "axis": "y", "origin": [0, 0.5, 10]},
			"faces": {
				"north": {"uv": [0, 0, 16, 16], "texture": "#wool"},
				"east": {"uv": [0, 0, 16, 16], "texture": "#wool"},
				"south": {"uv": [0, 0, 16, 16], "texture": "#wool"},
				"west": {"uv": [0, 0, 16, 16], "texture": "#wool"},
				"up": {"uv": [15, 9, 16, 10], "texture": "#wool"},
				"down": {"uv": [15, 6, 16, 7], "texture": "#wool"}
			}
		},
		{
			"from": [16, 0.5, 7],
			"to": [17, 0.5, 8],
			"rotation": {"angle": 0, "axis": "y", "origin": [0, 0.5, 8]},
			"faces": {
				"north": {"uv": [0, 0, 16, 16], "texture": "#wool"},
				"east": {"uv": [0, 0, 16, 16], "texture": "#wool"},
				"south": {"uv": [0, 0, 16, 16], "texture": "#wool"},
				"west": {"uv": [0, 0, 16, 16], "texture": "#wool"},
				"up": {"uv": [15, 7, 16, 8], "texture": "#wool"},
				"down": {"uv": [15, 8, 16, 9], "texture": "#wool"}
			}
		},
		{
			"from": [16, 0.5, 5],
			"to": [17, 0.5, 6],
			"rotation": {"angle": 0, "axis": "y", "origin": [0, 0.5, 6]},
			"faces": {
				"north": {"uv": [0, 0, 16, 16], "texture": "#wool"},
				"east": {"uv": [0, 0, 16, 16], "texture": "#wool"},
				"south": {"uv": [0, 0, 16, 16], "texture": "#wool"},
				"west": {"uv": [0, 0, 16, 16], "texture": "#wool"},
				"up": {"uv": [15, 5, 16, 6], "texture": "#wool"},
				"down": {"uv": [15, 10, 16, 11], "texture": "#wool"}
			}
		},
		{
			"from": [16, 0.5, 3],
			"to": [17, 0.5, 4],
			"rotation": {"angle": 0, "axis": "y", "origin": [0, 0.5, 4]},
			"faces": {
				"north": {"uv": [0, 0, 16, 16], "texture": "#wool"},
				"east": {"uv": [0, 0, 16, 16], "texture": "#wool"},
				"south": {"uv": [0, 0, 16, 16], "texture": "#wool"},
				"west": {"uv": [0, 0, 16, 16], "texture": "#wool"},
				"up": {"uv": [15, 3, 16, 4], "texture": "#wool"},
				"down": {"uv": [15, 12, 16, 13], "texture": "#wool"}
			}
		}
	],
	"display": {
		"thirdperson_righthand": {
			"rotation": [75, 45, 0],
			"translation": [0, 2.5, 2.5],
			"scale": [0.375, 0.375, 0.375]
		},
		"thirdperson_lefthand": {
			"rotation": [75, 45, 0],
			"translation": [0, 2.5, 2.5],
			"scale": [0.375, 0.375, 0.375]
		},
		"firstperson_righthand": {
			"rotation": [0, 45, 0],
			"translation": [0, 2.5, 0],
			"scale": [0.4, 0.4, 0.4]
		},
		"firstperson_lefthand": {
			"rotation": [0, 225, 0],
			"translation": [0, 2.5, 0],
			"scale": [0.4, 0.4, 0.4]
		},
		"ground": {
			"translation": [0, 3, 0],
			"scale": [0.25, 0.25, 0.25]
		},
		"gui": {
			"rotation": [30, 225, 0],
			"scale": [0.625, 0.625, 0.625]
		},
		"head": {
			"translation": [0, 14.5, 0]
		},
		"fixed": {
			"rotation": [-90, 0, 0],
			"translation": [0, 0, -3],
			"scale": [0.5, 0.5, 0.5]
		}
	},
	"groups": [
		0,
		{
			"name": "fluf",
			"origin": [0, 0.5, 4],
			"color": 0,
			"children": [1, 2, 3, 4, 5, 6, 7, 8, 9, 10, 11, 12, 13, 14, 15, 16, 17, 18, 19, 20, 21, 22, 23, 24, 25, 26, 27, 28, 29, 30, 31, 32, 33, 34]
		}
	]
}