{
	"credit": "Made by LYIVX",
	"textures": {
		"Main": "block/iron_block",
		"Secondary": "ls_furniture:block/log_oak",
		"Coal": "block/coal_block",
		"Hob": "ls_furniture:block/anvil",
		"particle": "block/glass",
		"Glass": "block/glass"
	},
	"elements": [
		{
			"name": "group",
			"from": [0, 16, 15],
			"to": [16, 18, 16],
			"rotation": {"angle": 0, "axis": "y", "origin": [8, 0, 8]},
			"faces": {
				"north": {"uv": [16, 14, 0, 16], "texture": "#Secondary"},
				"east": {"uv": [0, 14, 1, 16], "texture": "#Secondary"},
				"south": {"uv": [0, 14, 16, 16], "texture": "#Secondary"},
				"west": {"uv": [15, 14, 16, 16], "texture": "#Secondary"},
				"up": {"uv": [0, 15, 16, 16], "texture": "#Secondary"},
				"down": {"uv": [0, 0, 16, 1], "texture": "#Secondary"}
			}
		},
		{
			"name": "group",
			"from": [0, 14, 0],
			"to": [16, 16, 16],
			"rotation": {"angle": 0, "axis": "y", "origin": [8, 0, 8]},
			"faces": {
				"north": {"uv": [16, 2, 0, 4], "texture": "#Secondary"},
				"east": {"uv": [16, 2, 0, 4], "texture": "#Secondary"},
				"south": {"uv": [0, 2, 16, 4], "texture": "#Secondary"},
				"west": {"uv": [0, 2, 16, 4], "texture": "#Secondary"},
				"up": {"uv": [0, 0, 16, 16], "texture": "#Secondary"},
				"down": {"uv": [0, 0, 16, 16], "texture": "#Secondary"}
			}
		},
		{
			"name": "group",
			"from": [0, 0, 1],
			"to": [2, 14, 16],
			"rotation": {"angle": 0, "axis": "y", "origin": [8, 0, 8]},
			"faces": {
				"north": {"uv": [14, 2, 16, 16], "texture": "#Main"},
				"east": {"uv": [0, 2, 15, 16], "texture": "#Main"},
				"south": {"uv": [0, 2, 2, 16], "texture": "#Main"},
				"west": {"uv": [1, 2, 16, 16], "texture": "#Main"},
				"up": {"uv": [0, 1, 2, 16], "texture": "#Main"},
				"down": {"uv": [0, 0, 2, 15], "texture": "#Main"}
			}
		},
		{
			"name": "group",
			"from": [14, 0, 1],
			"to": [16, 14, 16],
			"rotation": {"angle": 0, "axis": "y", "origin": [8, 0, 8]},
			"faces": {
				"north": {"uv": [0, 2, 2, 16], "texture": "#Main"},
				"east": {"uv": [0, 2, 15, 16], "texture": "#Main"},
				"south": {"uv": [14, 2, 16, 16], "texture": "#Main"},
				"west": {"uv": [1, 2, 16, 16], "texture": "#Main"},
				"up": {"uv": [14, 1, 16, 16], "texture": "#Main"},
				"down": {"uv": [14, 0, 16, 15], "texture": "#Main"}
			}
		},
		{
			"name": "group",
			"from": [13, 4, 2],
			"to": [14, 5, 15],
			"rotation": {"angle": 0, "axis": "y", "origin": [8, -2, 8]},
			"faces": {
				"north": {"uv": [2, 9, 3, 10], "texture": "#Main"},
				"east": {"uv": [1, 9, 14, 10], "texture": "#Main"},
				"south": {"uv": [13, 9, 14, 10], "texture": "#Main"},
				"west": {"uv": [2, 9, 15, 10], "texture": "#Main"},
				"up": {"uv": [13, 2, 14, 15], "texture": "#Main"},
				"down": {"uv": [13, 1, 14, 14], "texture": "#Main"}
			}
		},
		{
			"name": "group",
			"from": [2, 4, 2],
			"to": [3, 5, 15],
			"rotation": {"angle": 0, "axis": "y", "origin": [8, -2, 8]},
			"faces": {
				"north": {"uv": [13, 9, 14, 10], "texture": "#Main"},
				"east": {"uv": [1, 9, 14, 10], "texture": "#Main"},
				"south": {"uv": [2, 9, 3, 10], "texture": "#Main"},
				"west": {"uv": [2, 9, 15, 10], "texture": "#Main"},
				"up": {"uv": [2, 2, 3, 15], "texture": "#Main"},
				"down": {"uv": [2, 1, 3, 14], "texture": "#Main"}
			}
		},
		{
			"name": "group",
			"from": [2, 0, 14],
			"to": [14, 14, 16],
			"rotation": {"angle": 0, "axis": "y", "origin": [8, 0, 8]},
			"faces": {
				"north": {"uv": [2, 2, 14, 16], "texture": "#Main"},
				"east": {"uv": [0, 2, 2, 16], "texture": "#Main"},
				"south": {"uv": [2, 2, 14, 16], "texture": "#Main"},
				"west": {"uv": [14, 2, 16, 16], "texture": "#Main"},
				"up": {"uv": [2, 14, 14, 16], "texture": "#Main"},
				"down": {"uv": [2, 0, 14, 2], "texture": "#Main"}
			}
		},
		{
			"name": "group",
			"from": [2, 0, 1],
			"to": [14, 2, 3],
			"rotation": {"angle": 0, "axis": "y", "origin": [8, 0, 8]},
			"faces": {
				"north": {"uv": [2, 14, 14, 16], "texture": "#Main"},
				"east": {"uv": [13, 14, 15, 16], "texture": "#Main"},
				"south": {"uv": [2, 14, 14, 16], "texture": "#Main"},
				"west": {"uv": [1, 14, 3, 16], "texture": "#Main"},
				"up": {"uv": [2, 1, 14, 3], "texture": "#Main"},
				"down": {"uv": [2, 13, 14, 15], "texture": "#Main"}
			}
		},
		{
			"name": "group",
			"from": [2, 12, 1],
			"to": [14, 14, 3],
			"rotation": {"angle": 0, "axis": "y", "origin": [8, 0, 8]},
			"faces": {
				"north": {"uv": [2, 2, 14, 4], "texture": "#Main"},
				"east": {"uv": [13, 2, 15, 4], "texture": "#Main"},
				"south": {"uv": [2, 2, 14, 4], "texture": "#Main"},
				"west": {"uv": [1, 2, 3, 4], "texture": "#Main"},
				"up": {"uv": [2, 1, 14, 3], "texture": "#Main"},
				"down": {"uv": [2, 13, 14, 15], "texture": "#Main"}
			}
		},
		{
			"name": "group",
			"from": [2, 0, 3],
			"to": [14, 2, 14],
			"rotation": {"angle": 0, "axis": "y", "origin": [8, 0, 8]},
			"faces": {
				"north": {"uv": [2, 14, 14, 16], "texture": "#Main"},
				"east": {"uv": [2, 14, 13, 16], "texture": "#Main"},
				"south": {"uv": [2, 14, 14, 16], "texture": "#Main"},
				"west": {"uv": [3, 14, 14, 16], "texture": "#Main"},
				"up": {"uv": [2, 3, 14, 14], "texture": "#Main"},
				"down": {"uv": [2, 2, 14, 13], "texture": "#Main"}
			}
		},
		{
			"name": "group",
			"from": [2, 12, 3],
			"to": [14, 14, 14],
			"rotation": {"angle": 0, "axis": "y", "origin": [8, 0, 8]},
			"faces": {
				"north": {"uv": [2, 2, 14, 4], "texture": "#Main"},
				"east": {"uv": [2, 2, 13, 4], "texture": "#Main"},
				"south": {"uv": [2, 2, 14, 4], "texture": "#Main"},
				"west": {"uv": [3, 2, 14, 4], "texture": "#Main"},
				"up": {"uv": [2, 3, 14, 14], "texture": "#Main"},
				"down": {"uv": [2, 2, 14, 13], "texture": "#Main"}
			}
		},
		{
			"name": "door",
			"from": [2.001, 1.999, -9.001],
			"to": [13.991, 2.999, 0.999],
			"rotation": {"angle": 22.5, "axis": "x", "origin": [8, 2, 1]},
			"faces": {
				"north": {"uv": [2.001, 0, 13.991, 1], "rotation": 180, "texture": "#Glass"},
				"east": {"uv": [15, 3.999, 16, 13.999], "rotation": 90, "texture": "#Glass"},
				"south": {"uv": [2.001, 15, 13.991, 16], "texture": "#Glass"},
				"west": {"uv": [0, 3.999, 1, 13.999], "rotation": 270, "texture": "#Glass"},
				"up": {"uv": [0, 0, 16, 16], "texture": "#Glass"},
				"down": {"uv": [0, 0, 16, 16], "rotation": 180, "texture": "#Glass"}
			}
		},
		{
			"name": "door",
			"from": [3, 0, -9],
			"to": [4, 2, -8],
			"rotation": {"angle": 22.5, "axis": "x", "origin": [8, 2, 1]},
			"faces": {
				"north": {"uv": [3, 0, 4, 2], "rotation": 180, "texture": "#Main"},
				"east": {"uv": [14, 4, 16, 5], "rotation": 90, "texture": "#Main"},
				"south": {"uv": [3, 14, 4, 16], "texture": "#Main"},
				"west": {"uv": [0, 4, 2, 5], "rotation": 270, "texture": "#Main"},
				"up": {"uv": [0, 0, 16, 16], "texture": "#Glass"},
				"down": {"uv": [12, 4, 13, 5], "rotation": 180, "texture": "#Main"}
			}
		},
		{
			"name": "door",
			"from": [12, 0, -9],
			"to": [13, 2, -8],
			"rotation": {"angle": 22.5, "axis": "x", "origin": [8, 2, 1]},
			"faces": {
				"north": {"uv": [12, 0, 13, 2], "rotation": 180, "texture": "#Main"},
				"east": {"uv": [14, 4, 16, 5], "rotation": 90, "texture": "#Main"},
				"south": {"uv": [12, 14, 13, 16], "texture": "#Main"},
				"west": {"uv": [0, 4, 2, 5], "rotation": 270, "texture": "#Main"},
				"up": {"uv": [0, 0, 16, 16], "texture": "#Glass"},
				"down": {"uv": [3, 4, 4, 5], "rotation": 180, "texture": "#Main"}
			}
		},
		{
			"name": "door",
			"from": [4, 0, -9],
			"to": [12, 1, -8],
			"rotation": {"angle": 22.5, "axis": "x", "origin": [8, 2, 1]},
			"faces": {
				"north": {"uv": [4, 0, 12, 1], "rotation": 180, "texture": "#Main"},
				"east": {"uv": [15, 4, 16, 5], "rotation": 90, "texture": "#Main"},
				"south": {"uv": [4, 15, 12, 16], "texture": "#Main"},
				"west": {"uv": [0, 4, 1, 5], "rotation": 270, "texture": "#Main"},
				"up": {"uv": [0, 0, 16, 16], "texture": "#Glass"},
				"down": {"uv": [4, 4, 12, 5], "rotation": 180, "texture": "#Main"}
			}
		},
		{
			"name": "tray",
			"from": [13, 5, -3.9],
			"to": [14, 6, 9],
			"rotation": {"angle": 0, "axis": "y", "origin": [8, -2, 2]},
			"faces": {
				"north": {"uv": [2, 8, 3, 9], "texture": "#Hob"},
				"east": {"uv": [1, 8, 13.9, 9], "texture": "#Hob"},
				"south": {"uv": [13, 8, 14, 9], "texture": "#Hob"},
				"west": {"uv": [2.1, 8, 15, 9], "texture": "#Hob"},
				"up": {"uv": [13, 2.1, 14, 15], "texture": "#Hob"},
				"down": {"uv": [13, 1, 14, 13.9], "texture": "#Hob"}
			}
		},
		{
			"name": "tray",
			"from": [2, 5, -3.9],
			"to": [3, 6, 9],
			"rotation": {"angle": 0, "axis": "y", "origin": [8, -2, 2]},
			"faces": {
				"north": {"uv": [13, 8, 14, 9], "texture": "#Hob"},
				"east": {"uv": [1, 8, 13.9, 9], "texture": "#Hob"},
				"south": {"uv": [2, 8, 3, 9], "texture": "#Hob"},
				"west": {"uv": [2.1, 8, 15, 9], "texture": "#Hob"},
				"up": {"uv": [2, 2.1, 3, 15], "texture": "#Hob"},
				"down": {"uv": [2, 1, 3, 13.9], "texture": "#Hob"}
			}
		},
		{
			"name": "tray",
			"from": [3, 5, -3.9],
			"to": [13, 6, -2.9],
			"rotation": {"angle": 0, "axis": "y", "origin": [8, -2, 2]},
			"faces": {
				"north": {"uv": [3, 8, 13, 9], "texture": "#Hob"},
				"east": {"uv": [13, 8, 14, 9], "texture": "#Hob"},
				"south": {"uv": [3, 8, 13, 9], "texture": "#Hob"},
				"west": {"uv": [2, 8, 3, 9], "texture": "#Hob"},
				"up": {"uv": [3, 2, 13, 3], "texture": "#Hob"},
				"down": {"uv": [3, 13, 13, 14], "texture": "#Hob"}
			}
		},
		{
			"name": "tray",
			"from": [3, 5, -2],
			"to": [13, 6, -1],
			"rotation": {"angle": 0, "axis": "y", "origin": [8, -2, 2]},
			"faces": {
				"north": {"uv": [3, 8, 13, 9], "texture": "#Hob"},
				"east": {"uv": [11, 8, 12, 9], "texture": "#Hob"},
				"south": {"uv": [3, 8, 13, 9], "texture": "#Hob"},
				"west": {"uv": [4, 8, 5, 9], "texture": "#Hob"},
				"up": {"uv": [3, 4, 13, 5], "texture": "#Hob"},
				"down": {"uv": [3, 11, 13, 12], "texture": "#Hob"}
			}
		},
		{
			"name": "tray",
			"from": [3, 5, 0],
			"to": [13, 6, 1],
			"rotation": {"angle": 0, "axis": "y", "origin": [8, -2, 2]},
			"faces": {
				"north": {"uv": [3, 8, 13, 9], "texture": "#Hob"},
				"east": {"uv": [9, 8, 10, 9], "texture": "#Hob"},
				"south": {"uv": [3, 8, 13, 9], "texture": "#Hob"},
				"west": {"uv": [6, 8, 7, 9], "texture": "#Hob"},
				"up": {"uv": [3, 6, 13, 7], "texture": "#Hob"},
				"down": {"uv": [3, 9, 13, 10], "texture": "#Hob"}
			}
		},
		{
			"name": "tray",
			"from": [3, 5, 2],
			"to": [13, 6, 3],
			"rotation": {"angle": 0, "axis": "y", "origin": [8, -2, 2]},
			"faces": {
				"north": {"uv": [3, 8, 13, 9], "texture": "#Hob"},
				"east": {"uv": [7, 8, 8, 9], "texture": "#Hob"},
				"south": {"uv": [3, 8, 13, 9], "texture": "#Hob"},
				"west": {"uv": [8, 8, 9, 9], "texture": "#Hob"},
				"up": {"uv": [3, 8, 13, 9], "texture": "#Hob"},
				"down": {"uv": [3, 7, 13, 8], "texture": "#Hob"}
			}
		},
		{
			"name": "tray",
			"from": [3, 5, 4],
			"to": [13, 6, 5],
			"rotation": {"angle": 0, "axis": "y", "origin": [8, -2, 2]},
			"faces": {
				"north": {"uv": [3, 8, 13, 9], "texture": "#Hob"},
				"east": {"uv": [5, 8, 6, 9], "texture": "#Hob"},
				"south": {"uv": [3, 8, 13, 9], "texture": "#Hob"},
				"west": {"uv": [10, 8, 11, 9], "texture": "#Hob"},
				"up": {"uv": [3, 10, 13, 11], "texture": "#Hob"},
				"down": {"uv": [3, 5, 13, 6], "texture": "#Hob"}
			}
		},
		{
			"name": "tray",
			"from": [3, 5, 6],
			"to": [13, 6, 7],
			"rotation": {"angle": 0, "axis": "y", "origin": [8, -2, 2]},
			"faces": {
				"north": {"uv": [3, 8, 13, 9], "texture": "#Hob"},
				"east": {"uv": [3, 8, 4, 9], "texture": "#Hob"},
				"south": {"uv": [3, 8, 13, 9], "texture": "#Hob"},
				"west": {"uv": [12, 8, 13, 9], "texture": "#Hob"},
				"up": {"uv": [3, 12, 13, 13], "texture": "#Hob"},
				"down": {"uv": [3, 3, 13, 4], "texture": "#Hob"}
			}
		},
		{
			"name": "tray",
			"from": [3, 5, 7.9],
			"to": [13, 6, 8.9],
			"rotation": {"angle": 0, "axis": "y", "origin": [8, -2, 2]},
			"faces": {
				"north": {"uv": [3, 8, 13, 9], "texture": "#Hob"},
				"east": {"uv": [1.1, 8, 2.1, 9], "texture": "#Hob"},
				"south": {"uv": [3, 8, 13, 9], "texture": "#Hob"},
				"west": {"uv": [13.9, 8, 14.9, 9], "texture": "#Hob"},
				"up": {"uv": [3, 13.9, 13, 14.9], "texture": "#Hob"},
				"down": {"uv": [3, 1.1, 13, 2.1], "texture": "#Hob"}
			}
		},
		{
			"name": "bone",
			"from": [2, 16, 2],
			"to": [7, 17, 7],
			"rotation": {"angle": 0, "axis": "y", "origin": [8, 0, 8]},
			"faces": {
				"north": {"uv": [9, 0, 14, 1], "texture": "#Hob"},
				"east": {"uv": [9, 0, 14, 1], "texture": "#Hob"},
				"south": {"uv": [2, 0, 7, 1], "texture": "#Hob"},
				"west": {"uv": [2, 0, 7, 1], "texture": "#Hob"},
				"up": {"uv": [2, 2, 7, 7], "texture": "#Hob"},
				"down": {"uv": [2, 9, 7, 14], "texture": "#Hob"}
			}
		},
		{
			"name": "bone",
			"from": [2.5, 16, 8.5],
			"to": [6.5, 17, 12.5],
			"rotation": {"angle": 0, "axis": "y", "origin": [8, 0, 8]},
			"faces": {
				"north": {"uv": [9.5, 0, 13.5, 1], "texture": "#Hob"},
				"east": {"uv": [3.5, 0, 7.5, 1], "texture": "#Hob"},
				"south": {"uv": [2.5, 0, 6.5, 1], "texture": "#Hob"},
				"west": {"uv": [8.5, 0, 12.5, 1], "texture": "#Hob"},
				"up": {"uv": [2.5, 8.5, 6.5, 12.5], "texture": "#Hob"},
				"down": {"uv": [2.5, 3.5, 6.5, 7.5], "texture": "#Hob"}
			}
		},
		{
			"name": "bone",
			"from": [9, 16, 8],
			"to": [14, 17, 13],
			"rotation": {"angle": 0, "axis": "y", "origin": [8, 0, 8]},
			"faces": {
				"north": {"uv": [2, 0, 7, 1], "texture": "#Hob"},
				"east": {"uv": [3, 0, 8, 1], "texture": "#Hob"},
				"south": {"uv": [9, 0, 14, 1], "texture": "#Hob"},
				"west": {"uv": [8, 0, 13, 1], "texture": "#Hob"},
				"up": {"uv": [9, 8, 14, 13], "texture": "#Hob"},
				"down": {"uv": [9, 3, 14, 8], "texture": "#Hob"}
			}
		},
		{
			"name": "bone",
			"from": [9.5, 16, 2.5],
			"to": [13.5, 17, 6.5],
			"rotation": {"angle": 0, "axis": "y", "origin": [8, 0, 8]},
			"faces": {
				"north": {"uv": [2.5, 0, 6.5, 1], "texture": "#Hob"},
				"east": {"uv": [9.5, 0, 13.5, 1], "texture": "#Hob"},
				"south": {"uv": [9.5, 0, 13.5, 1], "texture": "#Hob"},
				"west": {"uv": [2.5, 0, 6.5, 1], "texture": "#Hob"},
				"up": {"uv": [9.5, 2.5, 13.5, 6.5], "texture": "#Hob"},
				"down": {"uv": [9.5, 9.5, 13.5, 13.5], "texture": "#Hob"}
			}
		},
		{
			"from": [3, 2, 2],
			"to": [13, 3, 13],
			"rotation": {"angle": 0, "axis": "x", "origin": [3, 2, 2]},
			"faces": {
				"north": {"uv": [3, 13, 13, 14], "texture": "#Coal"},
				"east": {"uv": [3, 13, 14, 14], "texture": "#Coal"},
				"south": {"uv": [3, 13, 13, 14], "texture": "#Coal"},
				"west": {"uv": [2, 13, 13, 14], "texture": "#Coal"},
				"up": {"uv": [3, 2, 13, 13], "texture": "#Coal"},
				"down": {"uv": [3, 3, 13, 14], "texture": "#Coal"}
			}
		}
	],
	"display": {
		"thirdperson_righthand": {
			"rotation": [75, 45, 0],
			"translation": [0, 2.5, 0],
			"scale": [0.375, 0.375, 0.375]
		},
		"thirdperson_lefthand": {
			"rotation": [75, 45, 0],
			"translation": [0, 2.5, 0],
			"scale": [0.375, 0.375, 0.375]
		},
		"firstperson_righthand": {
			"rotation": [0, 135, 0],
			"scale": [0.4, 0.4, 0.4]
		},
		"firstperson_lefthand": {
			"rotation": [0, 135, 0],
			"scale": [0.4, 0.4, 0.4]
		},
		"ground": {
			"translation": [0, 3, 0],
			"scale": [0.25, 0.25, 0.25]
		},
		"gui": {
			"rotation": [30, 225, 0],
			"translation": [0, -0.25, 0],
			"scale": [0.625, 0.625, 0.625]
		},
		"head": {
			"translation": [0, 0, -0.25]
		},
		"fixed": {
			"translation": [0, 0, -3],
			"scale": [0.5, 0.5, 0.5]
		}
	},
	"groups": [
		{
			"name": "group",
			"origin": [8, 0, 8],
			"color": 0,
			"nbt": "{}",
			"children": [0, 1]
		},
		{
			"name": "group",
			"origin": [0, 0, 0],
			"color": 0,
			"nbt": "{}",
			"children": [2, 3, 4, 5, 6, 7, 8, 9, 10]
		},
		{
			"name": "door",
			"origin": [8, 2, 0.999],
			"color": 1,
			"nbt": "{}",
			"children": [
				11,
				{
					"name": "handle",
					"origin": [8, 0, 8],
					"color": 0,
					"nbt": "{}",
					"children": [12, 13, 14]
				}
			]
		},
		{
			"name": "tray",
			"origin": [8, 7.5, 8.48889],
			"color": 2,
			"nbt": "{}",
			"children": [15, 16, 17, 18, 19, 20, 21, 22, 23]
		},
		{
			"name": "hob",
			"origin": [0, 0, 0],
			"color": 3,
			"nbt": "{}",
			"children": [24, 25, 26, 27]
		},
		28
	]
}