{
	"credit": "Made by LYIVX",
	"textures": {
		"Main": "block/stripped_oak_log",
		"Secondary": "block/oak_log",
		"Handle": "ls_furniture:block/handle_big_oak"
	},
	"elements": [
		{
			"name": "legs",
			"from": [13, 0, 1],
			"to": [15, 2, 3],
			"rotation": {"angle": 0, "axis": "y", "origin": [8, 0, 8]},
			"faces": {
				"north": {"uv": [1, 14, 3, 16], "texture": "#Secondary"},
				"east": {"uv": [13, 14, 15, 16], "texture": "#Secondary"},
				"south": {"uv": [13, 14, 15, 16], "texture": "#Secondary"},
				"west": {"uv": [1, 14, 3, 16], "texture": "#Secondary"},
				"up": {"uv": [13, 1, 15, 3], "texture": "#Secondary"},
				"down": {"uv": [13, 13, 15, 15], "texture": "#Secondary"}
			}
		},
		{
			"name": "legs",
			"from": [1, 0, 1],
			"to": [3, 2, 3],
			"rotation": {"angle": 0, "axis": "y", "origin": [8, 0, 8]},
			"faces": {
				"north": {"uv": [13, 14, 15, 16], "texture": "#Secondary"},
				"east": {"uv": [13, 14, 15, 16], "texture": "#Secondary"},
				"south": {"uv": [1, 14, 3, 16], "texture": "#Secondary"},
				"west": {"uv": [1, 14, 3, 16], "texture": "#Secondary"},
				"up": {"uv": [1, 1, 3, 3], "texture": "#Secondary"},
				"down": {"uv": [1, 13, 3, 15], "texture": "#Secondary"}
			}
		},
		{
			"name": "legs",
			"from": [1, 0, 13],
			"to": [3, 2, 15],
			"rotation": {"angle": 0, "axis": "y", "origin": [8, 0, 8]},
			"faces": {
				"north": {"uv": [13, 14, 15, 16], "texture": "#Secondary"},
				"east": {"uv": [1, 14, 3, 16], "texture": "#Secondary"},
				"south": {"uv": [1, 14, 3, 16], "texture": "#Secondary"},
				"west": {"uv": [13, 14, 15, 16], "texture": "#Secondary"},
				"up": {"uv": [1, 13, 3, 15], "texture": "#Secondary"},
				"down": {"uv": [1, 1, 3, 3], "texture": "#Secondary"}
			}
		},
		{
			"name": "legs",
			"from": [13, 0, 13],
			"to": [15, 2, 15],
			"rotation": {"angle": 0, "axis": "y", "origin": [8, 0, 8]},
			"faces": {
				"north": {"uv": [1, 14, 3, 16], "texture": "#Secondary"},
				"east": {"uv": [1, 14, 3, 16], "texture": "#Secondary"},
				"south": {"uv": [13, 14, 15, 16], "texture": "#Secondary"},
				"west": {"uv": [13, 14, 15, 16], "texture": "#Secondary"},
				"up": {"uv": [13, 13, 15, 15], "texture": "#Secondary"},
				"down": {"uv": [13, 1, 15, 3], "texture": "#Secondary"}
			}
		},
		{
			"name": "draw1",
			"from": [6, 10, -3.01],
			"to": [10, 14, -3.01],
			"rotation": {"angle": 0, "axis": "y", "origin": [8, 0, 8]},
			"faces": {
				"north": {"uv": [0, 0, 16, 16], "texture": "#Handle"},
				"east": {"uv": [16, 3.5, 16, 4.5], "texture": "#Handle"},
				"south": {"uv": [7.5, 3.5, 8.5, 4.5], "texture": "#Handle"},
				"west": {"uv": [0, 3.5, 0, 4.5], "texture": "#Handle"},
				"up": {"uv": [7.5, 0, 8.5, 0], "texture": "#Handle"},
				"down": {"uv": [7.5, 16, 8.5, 16], "texture": "#Handle"}
			}
		},
		{
			"name": "draw1",
			"from": [1.5, 9.5, -3],
			"to": [14.5, 14.5, -2],
			"rotation": {"angle": 0, "axis": "y", "origin": [8, 0, 8]},
			"faces": {
				"north": {"uv": [1.5, 1.5, 14.5, 6.5], "texture": "#Secondary"},
				"east": {"uv": [15, 1.5, 16, 6.5], "texture": "#Secondary"},
				"south": {"uv": [1.5, 1.5, 14.5, 6.5], "texture": "#Secondary"},
				"west": {"uv": [0, 1.5, 1, 6.5], "texture": "#Secondary"},
				"up": {"uv": [1.5, 0, 14.5, 1], "texture": "#Secondary"},
				"down": {"uv": [1.5, 15, 14.5, 16], "texture": "#Secondary"}
			}
		},
		{
			"name": "draw1",
			"from": [3, 11, 10],
			"to": [13, 14, 11],
			"rotation": {"angle": 0, "axis": "y", "origin": [8, 0, 8]},
			"faces": {
				"north": {"uv": [3, 2, 13, 5], "texture": "#Main"},
				"east": {"uv": [2, 2, 3, 5], "texture": "#Main"},
				"south": {"uv": [3, 2, 13, 5], "texture": "#Main"},
				"west": {"uv": [13, 2, 14, 5], "texture": "#Main"},
				"up": {"uv": [3, 13, 13, 14], "texture": "#Main"},
				"down": {"uv": [3, 2, 13, 3], "texture": "#Main"}
			}
		},
		{
			"name": "draw1",
			"from": [13, 11, -2],
			"to": [14, 14, 11],
			"rotation": {"angle": 0, "axis": "y", "origin": [8, 0, 8]},
			"faces": {
				"north": {"uv": [2, 2, 3, 5], "texture": "#Main"},
				"east": {"uv": [2, 2, 15, 5], "texture": "#Main"},
				"south": {"uv": [13, 2, 14, 5], "texture": "#Main"},
				"west": {"uv": [1, 2, 14, 5], "texture": "#Main"},
				"up": {"uv": [13, 1, 14, 14], "texture": "#Main"},
				"down": {"uv": [13, 2, 14, 15], "texture": "#Main"}
			}
		},
		{
			"name": "draw1",
			"from": [2, 11, -2],
			"to": [3, 14, 11],
			"rotation": {"angle": 0, "axis": "y", "origin": [8, 0, 8]},
			"faces": {
				"north": {"uv": [13, 2, 14, 5], "texture": "#Main"},
				"east": {"uv": [2, 2, 15, 5], "texture": "#Main"},
				"south": {"uv": [2, 2, 3, 5], "texture": "#Main"},
				"west": {"uv": [1, 2, 14, 5], "texture": "#Main"},
				"up": {"uv": [2, 1, 3, 14], "texture": "#Main"},
				"down": {"uv": [2, 2, 3, 15], "texture": "#Main"}
			}
		},
		{
			"name": "draw1",
			"from": [2, 10, -2],
			"to": [14, 11, 11],
			"rotation": {"angle": 0, "axis": "y", "origin": [8, 0, 8]},
			"faces": {
				"north": {"uv": [2, 5, 14, 6], "texture": "#Main"},
				"east": {"uv": [2, 5, 15, 6], "texture": "#Main"},
				"south": {"uv": [2, 5, 14, 6], "texture": "#Main"},
				"west": {"uv": [1, 5, 14, 6], "texture": "#Main"},
				"up": {"uv": [2, 1, 14, 14], "texture": "#Main"},
				"down": {"uv": [2, 2, 14, 15], "texture": "#Main"}
			}
		},
		{
			"name": "draw2",
			"from": [6, 4, -6.01],
			"to": [10, 8, -6.01],
			"rotation": {"angle": 0, "axis": "y", "origin": [8, 0, 8]},
			"faces": {
				"north": {"uv": [0, 0, 16, 16], "texture": "#Handle"},
				"east": {"uv": [15.75385, 8.26923, 16, 16], "texture": "#Handle"},
				"south": {"uv": [7.5, 9.5, 8.5, 10.5], "texture": "#Handle"},
				"west": {"uv": [0, 7.03846, 0.24615, 16], "texture": "#Handle"},
				"up": {"uv": [6, 0, 10.56923, 2.21538], "texture": "#Handle"},
				"down": {"uv": [6, 13.90769, 10.93846, 16], "texture": "#Handle"}
			}
		},
		{
			"name": "draw2",
			"from": [1.5, 3.5, -6],
			"to": [14.5, 8.5, -5],
			"rotation": {"angle": 0, "axis": "y", "origin": [8, 0, 8]},
			"faces": {
				"north": {"uv": [1.5, 7.5, 14.5, 12.5], "texture": "#Secondary"},
				"east": {"uv": [15, 7.5, 16, 12.5], "texture": "#Secondary"},
				"south": {"uv": [1.5, 7.5, 14.5, 12.5], "texture": "#Secondary"},
				"west": {"uv": [0, 7.5, 1, 12.5], "texture": "#Secondary"},
				"up": {"uv": [1.5, 0, 14.5, 1], "texture": "#Secondary"},
				"down": {"uv": [1.5, 15, 14.5, 16], "texture": "#Secondary"}
			}
		},
		{
			"name": "draw2",
			"from": [2, 4, -5],
			"to": [14, 5, 8],
			"rotation": {"angle": 0, "axis": "y", "origin": [8, 0, 8]},
			"faces": {
				"north": {"uv": [2, 11, 14, 12], "texture": "#Main"},
				"east": {"uv": [2, 11, 15, 12], "texture": "#Main"},
				"south": {"uv": [2, 11, 14, 12], "texture": "#Main"},
				"west": {"uv": [1, 11, 14, 12], "texture": "#Main"},
				"up": {"uv": [2, 1, 14, 14], "texture": "#Main"},
				"down": {"uv": [2, 2, 14, 15], "texture": "#Main"}
			}
		},
		{
			"name": "draw2",
			"from": [2, 5, -5],
			"to": [3, 8, 8],
			"rotation": {"angle": 0, "axis": "y", "origin": [8, 0, 8]},
			"faces": {
				"north": {"uv": [13, 8, 14, 11], "texture": "#Main"},
				"east": {"uv": [2, 8, 15, 11], "texture": "#Main"},
				"south": {"uv": [2, 8, 3, 11], "texture": "#Main"},
				"west": {"uv": [1, 8, 14, 11], "texture": "#Main"},
				"up": {"uv": [2, 1, 3, 14], "texture": "#Main"},
				"down": {"uv": [2, 2, 3, 15], "texture": "#Main"}
			}
		},
		{
			"name": "draw2",
			"from": [13, 5, -5],
			"to": [14, 8, 8],
			"rotation": {"angle": 0, "axis": "y", "origin": [8, 0, 8]},
			"faces": {
				"north": {"uv": [2, 8, 3, 11], "texture": "#Main"},
				"east": {"uv": [2, 8, 15, 11], "texture": "#Main"},
				"south": {"uv": [13, 8, 14, 11], "texture": "#Main"},
				"west": {"uv": [1, 8, 14, 11], "texture": "#Main"},
				"up": {"uv": [13, 1, 14, 14], "texture": "#Main"},
				"down": {"uv": [13, 2, 14, 15], "texture": "#Main"}
			}
		},
		{
			"name": "draw2",
			"from": [3, 5, 7],
			"to": [13, 8, 8],
			"rotation": {"angle": 0, "axis": "y", "origin": [8, 0, 8]},
			"faces": {
				"north": {"uv": [3, 8, 13, 11], "texture": "#Main"},
				"east": {"uv": [2, 8, 3, 11], "texture": "#Main"},
				"south": {"uv": [3, 8, 13, 11], "texture": "#Main"},
				"west": {"uv": [13, 8, 14, 11], "texture": "#Main"},
				"up": {"uv": [3, 13, 13, 14], "texture": "#Main"},
				"down": {"uv": [3, 2, 13, 3], "texture": "#Main"}
			}
		},
		{
			"name": "bone",
			"from": [0, 2, 0],
			"to": [16, 3, 16],
			"rotation": {"angle": 0, "axis": "y", "origin": [8, 0, 8]},
			"faces": {
				"north": {"uv": [0, 13, 16, 14], "texture": "#Main"},
				"east": {"uv": [0, 13, 16, 14], "texture": "#Main"},
				"south": {"uv": [0, 13, 16, 14], "texture": "#Main"},
				"west": {"uv": [0, 13, 16, 14], "texture": "#Main"},
				"up": {"uv": [0, 0, 16, 16], "texture": "#Main"},
				"down": {"uv": [0, 0, 16, 16], "texture": "#Main"}
			}
		},
		{
			"name": "bone",
			"from": [0, 15, 0],
			"to": [16, 16, 16],
			"rotation": {"angle": 0, "axis": "y", "origin": [8, 0, 8]},
			"faces": {
				"north": {"uv": [0, 0, 16, 1], "texture": "#Main"},
				"east": {"uv": [0, 0, 16, 1], "texture": "#Main"},
				"south": {"uv": [0, 0, 16, 1], "texture": "#Main"},
				"west": {"uv": [0, 0, 16, 1], "texture": "#Main"},
				"up": {"uv": [0, 0, 16, 16], "texture": "#Main"},
				"down": {"uv": [0, 0, 16, 16], "texture": "#Main"}
			}
		},
		{
			"name": "bone",
			"from": [0, 3, 0],
			"to": [1, 15, 16],
			"rotation": {"angle": 0, "axis": "y", "origin": [8, 0, 8]},
			"faces": {
				"north": {"uv": [15, 1, 16, 13], "texture": "#Main"},
				"east": {"uv": [0, 1, 16, 13], "texture": "#Main"},
				"south": {"uv": [0, 1, 1, 13], "texture": "#Main"},
				"west": {"uv": [0, 1, 16, 13], "texture": "#Main"},
				"up": {"uv": [0, 0, 1, 16], "texture": "#Main"},
				"down": {"uv": [0, 0, 1, 16], "texture": "#Main"}
			}
		},
		{
			"name": "bone",
			"from": [15, 3, 0],
			"to": [16, 15, 16],
			"rotation": {"angle": 0, "axis": "y", "origin": [8, 0, 8]},
			"faces": {
				"north": {"uv": [0, 1, 1, 13], "texture": "#Main"},
				"east": {"uv": [0, 1, 16, 13], "texture": "#Main"},
				"south": {"uv": [15, 1, 16, 13], "texture": "#Main"},
				"west": {"uv": [0, 1, 16, 13], "texture": "#Main"},
				"up": {"uv": [15, 0, 16, 16], "texture": "#Main"},
				"down": {"uv": [15, 0, 16, 16], "texture": "#Main"}
			}
		},
		{
			"name": "bone",
			"from": [1, 3, 14],
			"to": [15, 15, 15],
			"rotation": {"angle": 0, "axis": "y", "origin": [8, 0, 8]},
			"faces": {
				"north": {"uv": [1, 1, 15, 13], "texture": "#Main"},
				"east": {"uv": [1, 1, 2, 13], "texture": "#Main"},
				"south": {"uv": [1, 1, 15, 13], "texture": "#Main"},
				"west": {"uv": [14, 1, 15, 13], "texture": "#Main"},
				"up": {"uv": [1, 14, 15, 15], "texture": "#Main"},
				"down": {"uv": [1, 1, 15, 2], "texture": "#Main"}
			}
		},
		{
			"name": "group",
			"from": [2, 3, 1],
			"to": [14, 4, 2],
			"rotation": {"angle": 0, "axis": "y", "origin": [8, 0, 8]},
			"faces": {
				"north": {"uv": [2, 12, 14, 13], "texture": "#Main"},
				"east": {"uv": [14, 12, 15, 13], "texture": "#Main"},
				"south": {"uv": [2, 12, 14, 13], "texture": "#Main"},
				"west": {"uv": [1, 12, 2, 13], "texture": "#Main"},
				"up": {"uv": [2, 1, 14, 2], "texture": "#Main"},
				"down": {"uv": [2, 14, 14, 15], "texture": "#Main"}
			}
		},
		{
			"name": "group",
			"from": [1, 3, 1],
			"to": [2, 15, 2],
			"rotation": {"angle": 0, "axis": "y", "origin": [8, 0, 8]},
			"faces": {
				"north": {"uv": [14, 1, 15, 13], "texture": "#Main"},
				"east": {"uv": [14, 1, 15, 13], "texture": "#Main"},
				"south": {"uv": [1, 1, 2, 13], "texture": "#Main"},
				"west": {"uv": [1, 1, 2, 13], "texture": "#Main"},
				"up": {"uv": [1, 1, 2, 2], "texture": "#Main"},
				"down": {"uv": [1, 14, 2, 15], "texture": "#Main"}
			}
		},
		{
			"name": "group",
			"from": [2, 8, 1],
			"to": [14, 10, 2],
			"rotation": {"angle": 0, "axis": "y", "origin": [8, 0, 8]},
			"faces": {
				"north": {"uv": [2, 6, 14, 8], "texture": "#Main"},
				"east": {"uv": [14, 6, 15, 8], "texture": "#Main"},
				"south": {"uv": [2, 6, 14, 8], "texture": "#Main"},
				"west": {"uv": [1, 6, 2, 8], "texture": "#Main"},
				"up": {"uv": [2, 1, 14, 2], "texture": "#Main"},
				"down": {"uv": [2, 14, 14, 15], "texture": "#Main"}
			}
		},
		{
			"name": "group",
			"from": [14, 3, 1],
			"to": [15, 15, 2],
			"rotation": {"angle": 0, "axis": "y", "origin": [8, 0, 8]},
			"faces": {
				"north": {"uv": [1, 1, 2, 13], "texture": "#Main"},
				"east": {"uv": [14, 1, 15, 13], "texture": "#Main"},
				"south": {"uv": [14, 1, 15, 13], "texture": "#Main"},
				"west": {"uv": [1, 1, 2, 13], "texture": "#Main"},
				"up": {"uv": [14, 1, 15, 2], "texture": "#Main"},
				"down": {"uv": [14, 14, 15, 15], "texture": "#Main"}
			}
		},
		{
			"name": "group",
			"from": [2, 14, 1],
			"to": [14, 15, 2],
			"rotation": {"angle": 0, "axis": "y", "origin": [8, 0, 8]},
			"faces": {
				"north": {"uv": [2, 1, 14, 2], "texture": "#Main"},
				"east": {"uv": [14, 1, 15, 2], "texture": "#Main"},
				"south": {"uv": [2, 1, 14, 2], "texture": "#Main"},
				"west": {"uv": [1, 1, 2, 2], "texture": "#Main"},
				"up": {"uv": [2, 1, 14, 2], "texture": "#Main"},
				"down": {"uv": [2, 14, 14, 15], "texture": "#Main"}
			}
		}
	],
	"groups": [
		{
			"name": "legs",
			"origin": [0, 0, 0],
			"color": 0,
			"nbt": "{}",
			"children": [0, 1, 2, 3]
		},
		{
			"name": "draw1",
			"origin": [8, 12, 6],
			"color": 1,
			"nbt": "{}",
			"children": [4, 5, 6, 7, 8, 9]
		},
		{
			"name": "draw2",
			"origin": [8, 6, 6],
			"color": 2,
			"nbt": "{}",
			"children": [10, 11, 12, 13, 14, 15]
		},
		{
			"name": "bone",
			"origin": [0, 0, 0],
			"color": 3,
			"nbt": "{}",
			"children": [16, 17, 18, 19, 20]
		},
		{
			"name": "group",
			"origin": [8, 0, 8],
			"color": 4,
			"nbt": "{}",
			"children": [21, 22, 23, 24, 25]
		}
	]
}