{
	"credit": "Made by LYIVX",
	"elements": [
		{
			"from": [2, 0, -0.01],
			"to": [20.625, 2, 15.965],
			"rotation": {"angle": 45, "axis": "z", "origin": [0, 0, 16]},
			"faces": {
				"north": {"uv": [0, 14, 16, 16], "texture": "#Secondary"},
				"east": {"uv": [0, 14, 16, 16], "texture": "#Secondary"},
				"south": {"uv": [0, 14, 16, 16], "texture": "#Secondary"},
				"west": {"uv": [0, 14, 16, 16], "texture": "#Secondary"},
				"up": {"uv": [0, 0, 16, 16], "rotation": 270, "texture": "#Secondary"},
				"down": {"uv": [0, 0, 16, 16], "rotation": 90, "texture": "#Secondary"}
			}
		},
		{
			"from": [20.625, 0, -0.01],
			"to": [22.625, 2, 14.565],
			"rotation": {"angle": 45, "axis": "z", "origin": [0, 0, 16]},
			"faces": {
				"north": {"uv": [0, 14, 2, 16], "texture": "#Secondary"},
				"east": {"uv": [0, 14, 16, 16], "texture": "#Secondary"},
				"south": {"uv": [14, 14, 16, 16], "texture": "#Secondary"},
				"west": {"uv": [0, 14, 16, 16], "texture": "#Secondary"},
				"up": {"uv": [1.425, 0, 16, 2], "rotation": 270, "texture": "#Secondary"},
				"down": {"uv": [0, 0, 16, 16], "rotation": 90, "texture": "#Secondary"}
			}
		},
		{
			"from": [-0.01, 2, -2],
			"to": [15.99, 20.625, 0],
			"rotation": {"angle": 45, "axis": "x", "origin": [0, 0, 0]},
			"faces": {
				"north": {"uv": [0, 0, 16, 16], "rotation": 180, "texture": "#Secondary"},
				"east": {"uv": [0, 0, 16, 2], "rotation": 90, "texture": "#Secondary"},
				"south": {"uv": [0, 0, 16, 16], "texture": "#Secondary"},
				"west": {"uv": [0, 0, 16, 2], "rotation": 270, "texture": "#Secondary"},
				"up": {"uv": [0, 0, 16, 2], "texture": "#Secondary"},
				"down": {"uv": [0, 0, 16, 2], "rotation": 180, "texture": "#Secondary"}
			}
		},
		{
			"from": [-0.01, 20.625, -2],
			"to": [14.565, 22.625, 0],
			"rotation": {"angle": 45, "axis": "x", "origin": [0, 0, 0]},
			"faces": {
				"north": {"uv": [1.425, 0, 16, 2], "rotation": 180, "texture": "#Secondary"},
				"east": {"uv": [14, 0, 16, 2], "rotation": 90, "texture": "#Secondary"},
				"south": {"uv": [0, 0, 16, 16], "texture": "#Secondary"},
				"west": {"uv": [0, 0, 2, 2], "rotation": 270, "texture": "#Secondary"},
				"up": {"uv": [0, 0, 16, 2], "texture": "#Secondary"},
				"down": {"uv": [0, 0, 16, 2], "rotation": 180, "texture": "#Secondary"}
			}
		},
		{
			"from": [0, 0, 0],
			"to": [16, 4, 16],
			"faces": {
				"north": {"uv": [0, 12, 16, 16], "texture": "#Main"},
				"east": {"uv": [0, 12, 16, 16], "texture": "#Main"},
				"south": {"uv": [0, 12, 16, 16], "texture": "#Main"},
				"west": {"uv": [0, 12, 16, 16], "texture": "#Main"},
				"up": {"uv": [0, 0, 16, 16], "texture": "#Main"},
				"down": {"uv": [0, 0, 16, 16], "texture": "#Main"}
			}
		},
		{
			"from": [0, 4, 4],
			"to": [16, 8, 16],
			"rotation": {"angle": 0, "axis": "y", "origin": [0, 4, 0]},
			"faces": {
				"north": {"uv": [0, 8, 16, 12], "texture": "#Main"},
				"east": {"uv": [0, 8, 12, 12], "texture": "#Main"},
				"south": {"uv": [0, 8, 16, 12], "texture": "#Main"},
				"west": {"uv": [4, 8, 16, 12], "texture": "#Main"},
				"up": {"uv": [0, 4, 16, 16], "texture": "#Main"},
				"down": {"uv": [0, 0, 16, 12], "texture": "#Main"}
			}
		},
		{
			"from": [4, 4, 0],
			"to": [16, 8, 4],
			"rotation": {"angle": 0, "axis": "y", "origin": [0, 4, -4]},
			"faces": {
				"north": {"uv": [0, 0, 12, 4], "texture": "#Main"},
				"east": {"uv": [12, 8, 16, 12], "texture": "#Main"},
				"south": {"uv": [4, 8, 16, 12], "texture": "#Main"},
				"west": {"uv": [0, 8, 4, 12], "texture": "#Main"},
				"up": {"uv": [4, 0, 16, 4], "texture": "#Main"},
				"down": {"uv": [4, 12, 16, 16], "texture": "#Main"}
			}
		},
		{
			"from": [8, 8, 0],
			"to": [16, 12, 8],
			"rotation": {"angle": 0, "axis": "y", "origin": [0, 8, -4]},
			"faces": {
				"north": {"uv": [0, 0, 8, 4], "texture": "#Main"},
				"east": {"uv": [8, 4, 16, 8], "texture": "#Main"},
				"south": {"uv": [8, 4, 16, 8], "texture": "#Main"},
				"west": {"uv": [0, 4, 8, 8], "texture": "#Main"},
				"up": {"uv": [8, 0, 16, 8], "texture": "#Main"},
				"down": {"uv": [8, 8, 16, 16], "texture": "#Main"}
			}
		},
		{
			"from": [12, 12, 0],
			"to": [16, 16, 12],
			"rotation": {"angle": 0, "axis": "y", "origin": [0, 12, -4]},
			"faces": {
				"north": {"uv": [0, 0, 4, 4], "texture": "#Main"},
				"east": {"uv": [4, 0, 16, 4], "texture": "#Main"},
				"south": {"uv": [12, 0, 16, 4], "texture": "#Main"},
				"west": {"uv": [0, 0, 12, 4], "texture": "#Main"},
				"up": {"uv": [12, 0, 16, 12], "texture": "#Main"},
				"down": {"uv": [12, 4, 16, 16], "texture": "#Main"}
			}
		},
		{
			"from": [0, 8, 8],
			"to": [16, 12, 16],
			"rotation": {"angle": 0, "axis": "y", "origin": [0, 8, 0]},
			"faces": {
				"north": {"uv": [0, 0, 16, 4], "texture": "#Main"},
				"east": {"uv": [0, 4, 8, 8], "texture": "#Main"},
				"south": {"uv": [0, 4, 16, 8], "texture": "#Main"},
				"west": {"uv": [8, 4, 16, 8], "texture": "#Main"},
				"up": {"uv": [0, 8, 16, 16], "texture": "#Main"},
				"down": {"uv": [0, 0, 16, 8], "texture": "#Main"}
			}
		},
		{
			"from": [0, 12, 12],
			"to": [16, 16, 16],
			"rotation": {"angle": 0, "axis": "y", "origin": [0, 12, 0]},
			"faces": {
				"north": {"uv": [0, 0, 16, 4], "texture": "#Main"},
				"east": {"uv": [0, 0, 4, 4], "texture": "#Main"},
				"south": {"uv": [0, 0, 16, 4], "texture": "#Main"},
				"west": {"uv": [12, 0, 16, 4], "texture": "#Main"},
				"up": {"uv": [0, 12, 16, 16], "texture": "#Main"},
				"down": {"uv": [0, 0, 16, 4], "texture": "#Main"}
			}
		},
		{
			"from": [14.575, 16, 14.575],
			"to": [16, 16, 16],
			"rotation": {"angle": 0, "axis": "y", "origin": [14, 16, 14]},
			"faces": {
				"north": {"uv": [0, 0, 1.425, 0], "texture": "#missing"},
				"east": {"uv": [0, 0, 1.425, 0], "texture": "#missing"},
				"south": {"uv": [0, 0, 1.425, 0], "texture": "#missing"},
				"west": {"uv": [0, 0, 1.425, 0], "texture": "#missing"},
				"up": {"uv": [14.575, 14.575, 16, 16], "texture": "#Secondary"},
				"down": {"uv": [0, 0, 1.425, 1.425], "texture": "#missing"}
			}
		}
	]
}