{
	"credit": "Made by LYIVX",
	"elements": [
		{
			"from": [9.4038, -0.53147, -0.01],
			"to": [11.4038, 8.19353, 15.99],
			"rotation": {"angle": -22.5, "axis": "z", "origin": [11.03785, 8.2903, 7.705]},
			"faces": {
				"north": {"uv": [0, 0, 9, 2], "rotation": 90, "texture": "#Secondary"},
				"east": {"uv": [0, 0, 8.725, 16], "rotation": 270, "texture": "#Secondary"},
				"south": {"uv": [0, 0, 8.725, 2], "rotation": 270, "texture": "#Secondary"},
				"west": {"uv": [0, 7.275, 16, 16], "texture": "#Secondary"},
				"up": {"uv": [0, 0, 16, 2], "rotation": 270, "texture": "#Secondary"},
				"down": {"uv": [0, 0, 16, 2], "rotation": 270, "texture": "#Secondary"}
			}
		},
		{
			"from": [10.6719, 8.18707, -0.01],
			"to": [12.6719, 17.31207, 15.99],
			"rotation": {"angle": -22.5, "axis": "z", "origin": [11.03785, 8.2903, 7.705]},
			"faces": {
				"north": {"uv": [7, 0, 16, 2], "rotation": 90, "texture": "#Secondary"},
				"east": {"uv": [0, 0, 9.125, 16], "rotation": 270, "texture": "#Secondary"},
				"south": {"uv": [0, 0, 9, 2], "rotation": 270, "texture": "#Secondary"},
				"west": {"uv": [0, 0, 16, 9.125], "texture": "#Secondary"},
				"up": {"uv": [0, 0, 16, 2], "rotation": 270, "texture": "#Secondary"},
				"down": {"uv": [0, 0, 16, 2], "rotation": 270, "texture": "#Secondary"}
			}
		},
		{
			"from": [-0.01, -0.5189, 9.4063],
			"to": [15.99, 8.2061, 11.4063],
			"rotation": {"angle": 22.5, "axis": "x", "origin": [8.04785, 8.30287, 11.0075]},
			"faces": {
				"north": {"uv": [0, 7.275, 16, 16], "texture": "#Secondary"},
				"east": {"uv": [0, 0, 8.725, 2], "rotation": 90, "texture": "#Secondary"},
				"south": {"uv": [0, 0, 8.725, 16], "rotation": 270, "texture": "#Secondary"},
				"west": {"uv": [0, 0, 9, 2], "rotation": 270, "texture": "#Secondary"},
				"up": {"uv": [0, 0, 16, 2], "texture": "#Secondary"},
				"down": {"uv": [0, 0, 16, 2], "rotation": 180, "texture": "#Secondary"}
			}
		},
		{
			"from": [-0.01, 8.18707, 10.6719],
			"to": [15.99, 17.31207, 12.6719],
			"rotation": {"angle": 22.5, "axis": "x", "origin": [8.03785, 8.2903, 11.005]},
			"faces": {
				"north": {"uv": [0, 0, 16, 9.125], "texture": "#Secondary"},
				"east": {"uv": [0, 0, 9.125, 2], "rotation": 90, "texture": "#Secondary"},
				"south": {"uv": [0, 0, 9.125, 16], "rotation": 270, "texture": "#Secondary"},
				"west": {"uv": [7, 0, 16, 2], "rotation": 270, "texture": "#Secondary"},
				"up": {"uv": [0, 0, 16, 2], "texture": "#Secondary"},
				"down": {"uv": [0, 0, 16, 2], "rotation": 180, "texture": "#Secondary"}
			}
		},
		{
			"from": [8, 0, 0],
			"to": [8.325, 1, 8.325],
			"rotation": {"angle": 0, "axis": "y", "origin": [11, 4.25, 8]},
			"faces": {
				"north": {"uv": [15.675, 15, 16, 16], "texture": "#Main"},
				"east": {"uv": [0, 15, 16, 16], "texture": "#Main"},
				"south": {"uv": [0, 15, 0.325, 16], "texture": "#Main"},
				"west": {"uv": [0, 15, 16, 16], "texture": "#Main"},
				"up": {"uv": [0, 0, 0.325, 16], "texture": "#Main"},
				"down": {"uv": [8, 7.675, 8.325, 16], "texture": "#Main"}
			}
		},
		{
			"from": [0, 0, 8],
			"to": [8, 1, 8.325],
			"rotation": {"angle": 0, "axis": "y", "origin": [8, 4.25, 11]},
			"faces": {
				"north": {"uv": [0, 15, 16, 16], "texture": "#Main"},
				"east": {"uv": [15.675, 15, 16, 16], "texture": "#Main"},
				"south": {"uv": [0, 15, 16, 16], "texture": "#Main"},
				"west": {"uv": [0, 15, 0.325, 16], "texture": "#Main"},
				"up": {"uv": [0, 0, 0.325, 16], "rotation": 90, "texture": "#Main"},
				"down": {"uv": [0, 7.675, 8, 8], "texture": "#Main"}
			}
		},
		{
			"from": [6.675, 1, 0],
			"to": [8.325, 4, 15],
			"rotation": {"angle": 0, "axis": "y", "origin": [11, 4.25, 8]},
			"faces": {
				"north": {"uv": [14.35, 12, 16, 15], "texture": "#Main"},
				"east": {"uv": [0, 12, 16, 15], "texture": "#Main"},
				"south": {"uv": [0, 12, 1.65, 15], "texture": "#Main"},
				"west": {"uv": [0, 12, 16, 15], "texture": "#Main"},
				"up": {"uv": [0, 0, 1.65, 16], "texture": "#Main"},
				"down": {"uv": [0, 0, 1.65, 16], "texture": "#Main"}
			}
		},
		{
			"from": [8.325, 0, 0],
			"to": [11.35, 8, 11.35],
			"rotation": {"angle": 0, "axis": "y", "origin": [11, 4.25, 8]},
			"faces": {
				"north": {"uv": [12.65, 8, 15.675, 16], "texture": "#Main"},
				"east": {"uv": [0, 8, 16, 16], "texture": "#Main"},
				"south": {"uv": [0.325, 8, 3.35, 16], "texture": "#Main"},
				"west": {"uv": [0, 8, 16, 16], "texture": "#Main"},
				"up": {"uv": [0.325, 0, 3.35, 16], "texture": "#Main"},
				"down": {"uv": [8.325, 4.65, 11.35, 16], "texture": "#Main"}
			}
		},
		{
			"from": [11.35, 0, 0],
			"to": [13, 12, 13],
			"rotation": {"angle": 0, "axis": "y", "origin": [11, 4.25, 8]},
			"faces": {
				"north": {"uv": [11, 4, 12.65, 16], "texture": "#Main"},
				"east": {"uv": [0, 4, 16, 16], "texture": "#Main"},
				"south": {"uv": [3.35, 4, 5, 16], "texture": "#Main"},
				"west": {"uv": [0, 4, 16, 16], "texture": "#Main"},
				"up": {"uv": [3.35, 0, 5, 16], "texture": "#Main"},
				"down": {"uv": [11.35, 3, 13, 16], "texture": "#Main"}
			}
		},
		{
			"from": [13, 0, 0],
			"to": [16, 16, 16],
			"rotation": {"angle": 0, "axis": "y", "origin": [11, 4.25, 8]},
			"faces": {
				"north": {"uv": [8, 0, 11, 16], "texture": "#Main"},
				"east": {"uv": [0, 0, 16, 16], "texture": "#Main"},
				"south": {"uv": [5, 0, 8, 16], "texture": "#Main"},
				"west": {"uv": [0, 0, 16, 16], "texture": "#Main"},
				"up": {"uv": [5, 0, 8, 16], "texture": "#Main"},
				"down": {"uv": [13, 0, 16, 16], "texture": "#Main"}
			}
		},
		{
			"from": [0, 1, 6.675],
			"to": [6.675, 4, 8.325],
			"rotation": {"angle": 0, "axis": "y", "origin": [8, 4.25, 11]},
			"faces": {
				"north": {"uv": [9.325, 12, 16, 15], "texture": "#Main"},
				"east": {"uv": [7.675, 12, 9.325, 15], "texture": "#Main"},
				"south": {"uv": [0, 12, 6.675, 15], "texture": "#Main"},
				"west": {"uv": [6.675, 12, 8.325, 15], "texture": "#Main"},
				"up": {"uv": [0, 6.675, 1.65, 13.35], "rotation": 90, "texture": "#Main"},
				"down": {"uv": [0, 7.675, 1.65, 14.35], "rotation": 270, "texture": "#Main"}
			}
		},
		{
			"from": [0, 0, 8.325],
			"to": [8.325, 8, 11.375],
			"rotation": {"angle": 0, "axis": "y", "origin": [8, 4.25, 11]},
			"faces": {
				"north": {"uv": [7.675, 8, 16, 16], "texture": "#Main"},
				"east": {"uv": [4.65, 8, 7.675, 16], "texture": "#Main"},
				"south": {"uv": [0, 8, 8.325, 16], "texture": "#Main"},
				"west": {"uv": [8.325, 8, 11.35, 16], "texture": "#Main"},
				"up": {"uv": [0, 7.675, 3.025, 16], "rotation": 90, "texture": "#Main"},
				"down": {"uv": [0, 4.625, 8.325, 7.675], "texture": "#Main"}
			}
		},
		{
			"from": [0, 0, 11.35],
			"to": [11.35, 12, 13],
			"rotation": {"angle": 0, "axis": "y", "origin": [8, 4.25, 11]},
			"faces": {
				"north": {"uv": [4.65, 4, 16, 16], "texture": "#Main"},
				"east": {"uv": [3, 4, 4.65, 16], "texture": "#Main"},
				"south": {"uv": [0, 4, 11.35, 16], "texture": "#Main"},
				"west": {"uv": [11.35, 4, 13, 16], "texture": "#Main"},
				"up": {"uv": [0, 4.65, 1.65, 16], "rotation": 90, "texture": "#Main"},
				"down": {"uv": [0, 3, 11.35, 4.65], "texture": "#Main"}
			}
		},
		{
			"from": [0, 0, 13],
			"to": [13, 16, 16],
			"rotation": {"angle": 0, "axis": "y", "origin": [8, 4.25, 11]},
			"faces": {
				"north": {"uv": [0, 0, 16, 16], "texture": "#Main"},
				"east": {"uv": [8, 0, 11, 16], "texture": "#Main"},
				"south": {"uv": [0, 0, 16, 16], "texture": "#Main"},
				"west": {"uv": [5, 0, 8, 16], "texture": "#Main"},
				"up": {"uv": [5, 0, 8, 16], "rotation": 90, "texture": "#Main"},
				"down": {"uv": [0, 0, 13, 3], "texture": "#Main"}
			}
		}
	]
}