{
	"credit": "Made by LYIVX",
	"elements": [
		{
			"from": [0, 0, 0],
			"to": [16, 4, 16],
			"rotation": {"angle": 0, "axis": "y", "origin": [0, 0, 16]},
			"faces": {
				"north": {"uv": [0, 12, 16, 16], "texture": "#Main"},
				"east": {"uv": [0, 12, 16, 16], "texture": "#Main"},
				"south": {"uv": [0, 12, 16, 16], "texture": "#Main"},
				"west": {"uv": [0, 12, 16, 16], "texture": "#Main"},
				"up": {"uv": [0, 0, 16, 16], "rotation": 270, "texture": "#Main"},
				"down": {"uv": [0, 0, 16, 16], "rotation": 90, "texture": "#Main"}
			}
		},
		{
			"from": [4, 4, 0],
			"to": [16, 8, 16],
			"rotation": {"angle": 0, "axis": "y", "origin": [0, 4, 16]},
			"faces": {
				"north": {"uv": [0, 8, 12, 12], "texture": "#Main"},
				"east": {"uv": [0, 8, 16, 12], "texture": "#Main"},
				"south": {"uv": [4, 8, 16, 12], "texture": "#Main"},
				"west": {"uv": [0, 8, 16, 12], "texture": "#Main"},
				"up": {"uv": [0, 4, 16, 16], "rotation": 270, "texture": "#Main"},
				"down": {"uv": [0, 0, 16, 12], "rotation": 90, "texture": "#Main"}
			}
		},
		{
			"from": [8, 8, 0],
			"to": [16, 12, 16],
			"rotation": {"angle": 0, "axis": "y", "origin": [0, 8, 16]},
			"faces": {
				"north": {"uv": [0, 4, 8, 8], "texture": "#Main"},
				"east": {"uv": [0, 4, 16, 8], "texture": "#Main"},
				"south": {"uv": [8, 4, 16, 8], "texture": "#Main"},
				"west": {"uv": [0, 4, 16, 8], "texture": "#Main"},
				"up": {"uv": [0, 8, 16, 16], "rotation": 270, "texture": "#Main"},
				"down": {"uv": [0, 0, 16, 8], "rotation": 90, "texture": "#Main"}
			}
		},
		{
			"from": [12, 12, 0],
			"to": [16, 16, 16],
			"rotation": {"angle": 0, "axis": "y", "origin": [0, 12, 16]},
			"faces": {
				"north": {"uv": [0, 0, 4, 4], "texture": "#Main"},
				"east": {"uv": [0, 0, 16, 4], "texture": "#Main"},
				"south": {"uv": [12, 0, 16, 4], "texture": "#Main"},
				"west": {"uv": [0, 0, 16, 4], "texture": "#Main"},
				"up": {"uv": [0, 12, 16, 16], "rotation": 270, "texture": "#Main"},
				"down": {"uv": [0, 0, 16, 4], "rotation": 90, "texture": "#Main"}
			}
		},
		{
			"from": [0, 0, -0.01],
			"to": [22.625, 2, 16.01],
			"rotation": {"angle": 45, "axis": "z", "origin": [0, 0, 16]},
			"faces": {
				"north": {"uv": [0, 14, 16, 16], "texture": "#Secondary"},
				"east": {"uv": [0, 14, 16, 16], "texture": "#Secondary"},
				"south": {"uv": [0, 14, 16, 16], "texture": "#Secondary"},
				"west": {"uv": [0, 14, 16, 16], "texture": "#Secondary"},
				"up": {"uv": [0, 0, 16, 16], "rotation": 90, "texture": "#Secondary"},
				"down": {"uv": [0, 0, 16, 16], "rotation": 90, "texture": "#Secondary"}
			}
		}
	],
	"display": {
		"thirdperson_righthand": {
			"rotation": [75, 45, 0],
			"translation": [0, 2.5, 0],
			"scale": [0.375, 0.375, 0.375]
		},
		"thirdperson_lefthand": {
			"rotation": [75, 45, 0],
			"translation": [0, 2.5, 0],
			"scale": [0.375, 0.375, 0.375]
		},
		"firstperson_righthand": {
			"rotation": [0, 45, 0],
			"scale": [0.4, 0.4, 0.4]
		},
		"firstperson_lefthand": {
			"rotation": [0, 225, 0],
			"scale": [0.4, 0.4, 0.4]
		},
		"ground": {
			"translation": [0, 3, 0],
			"scale": [0.25, 0.25, 0.25]
		},
		"gui": {
			"rotation": [30, 135, 0],
			"translation": [0, -0.25, 0],
			"scale": [0.6, 0.6, 0.6]
		},
		"head": {
			"rotation": [0, -90, 0]
		},
		"fixed": {
			"scale": [0.5, 0.5, 0.5]
		}
	}
}