{
	"credit": "Made by LYIVX",
	"elements": [
		{
			"from": [1.41468, 4.29354, -0.01],
			"to": [3.41468, 8.21854, 3.49],
			"rotation": {"angle": -22.5, "axis": "z", "origin": [3.04873, 8.31531, 7.715]},
			"faces": {
				"north": {"uv": [0, 0, 3.925, 2], "rotation": 90, "texture": "#Secondary"},
				"east": {"uv": [0, 0, 8.725, 16], "rotation": 270, "texture": "#Secondary"},
				"south": {"uv": [0, 0, 8.725, 2], "rotation": 270, "texture": "#Secondary"},
				"west": {"uv": [0, 12.075, 3.5, 16], "texture": "#Secondary"},
				"up": {"uv": [12.5, 0, 16, 2], "rotation": 270, "texture": "#Secondary"},
				"down": {"uv": [0, 0, 16, 2], "rotation": 270, "texture": "#Secondary"}
			}
		},
		{
			"from": [2.6719, 8.21207, -0.01],
			"to": [4.6719, 17.33707, 6.14],
			"rotation": {"angle": -22.5, "axis": "z", "origin": [3.03785, 8.3153, 7.715]},
			"faces": {
				"north": {"uv": [6.875, 0, 16, 2], "rotation": 90, "texture": "#Secondary"},
				"east": {"uv": [0, 0, 9.125, 16], "rotation": 270, "texture": "#Secondary"},
				"south": {"uv": [0, 0, 9, 2], "rotation": 270, "texture": "#Secondary"},
				"west": {"uv": [0, 0, 6.15, 9.125], "texture": "#Secondary"},
				"up": {"uv": [9.85, 0, 16, 2], "rotation": 270, "texture": "#Secondary"},
				"down": {"uv": [0, 0, 16, 2], "rotation": 270, "texture": "#Secondary"}
			}
		},
		{
			"from": [-0.01, 4.30611, 1.41718],
			"to": [3.49, 8.23111, 3.41718],
			"rotation": {"angle": 22.5, "axis": "x", "origin": [8.05785, 8.32788, 3.01838]},
			"faces": {
				"north": {"uv": [12.5, 12.075, 16, 16], "texture": "#Secondary"},
				"east": {"uv": [0, 0, 8.725, 2], "rotation": 90, "texture": "#Secondary"},
				"south": {"uv": [0, 0, 8.725, 16], "rotation": 270, "texture": "#Secondary"},
				"west": {"uv": [0, 0, 3.925, 2], "rotation": 270, "texture": "#Secondary"},
				"up": {"uv": [0, 0, 3.5, 2], "texture": "#Secondary"},
				"down": {"uv": [0, 0, 16, 2], "rotation": 180, "texture": "#Secondary"}
			}
		},
		{
			"from": [-0.01, 8.22464, 2.6744],
			"to": [6.165, 17.34964, 4.6744],
			"rotation": {"angle": 22.5, "axis": "x", "origin": [8.04785, 8.32787, 3.0075]},
			"faces": {
				"north": {"uv": [9.825, 0, 16, 9.125], "texture": "#Secondary"},
				"east": {"uv": [0, 0, 9.125, 2], "rotation": 90, "texture": "#Secondary"},
				"south": {"uv": [0, 0, 9.125, 16], "rotation": 270, "texture": "#Secondary"},
				"west": {"uv": [6.875, 0, 16, 2], "rotation": 270, "texture": "#Secondary"},
				"up": {"uv": [0, 0, 6.175, 2], "texture": "#Secondary"},
				"down": {"uv": [0, 0, 16, 2], "rotation": 180, "texture": "#Secondary"}
			}
		},
		{
			"from": [0, 1, 0],
			"to": [8, 1, 0.325],
			"rotation": {"angle": 0, "axis": "y", "origin": [8, 4.25, 3]},
			"faces": {
				"north": {"uv": [0, 15, 16, 16], "texture": "#Main"},
				"east": {"uv": [15.675, 15, 16, 16], "texture": "#Main"},
				"south": {"uv": [0, 15, 16, 16], "texture": "#Main"},
				"west": {"uv": [0, 15, 0.325, 16], "texture": "#Main"},
				"up": {"uv": [0, 0, 0.325, 16], "rotation": 90, "texture": "#Main"},
				"down": {"uv": [0, 7.675, 8, 8], "texture": "#Main"}
			}
		},
		{
			"from": [0.325, 5.2, 0],
			"to": [3.35, 8, 0.325],
			"rotation": {"angle": 0, "axis": "y", "origin": [3, 4.25, 8]},
			"faces": {
				"north": {"uv": [12.65, 8, 15.675, 10.8], "texture": "#Main"},
				"east": {"uv": [15.675, 8, 16, 10.8], "texture": "#Main"},
				"south": {"uv": [0.325, 8, 3.35, 10.8], "texture": "#Main"},
				"west": {"uv": [0, 8, 0.325, 10.8], "texture": "#Main"},
				"up": {"uv": [0.325, 0, 3.35, 0.325], "texture": "#Main"},
				"down": {"uv": [0.325, 15.675, 3.35, 16], "texture": "#Main"}
			}
		},
		{
			"from": [3.35, 5.225, 0],
			"to": [5, 12, 3.35],
			"rotation": {"angle": 0, "axis": "y", "origin": [3, 4.25, 8]},
			"faces": {
				"north": {"uv": [11, 4, 12.65, 10.775], "texture": "#Main"},
				"east": {"uv": [12.65, 4, 16, 10.775], "texture": "#Main"},
				"south": {"uv": [3.35, 4, 5, 10.775], "texture": "#Main"},
				"west": {"uv": [0, 4, 3.35, 10.775], "texture": "#Main"},
				"up": {"uv": [3.35, 0, 5, 3.35], "texture": "#Main"},
				"down": {"uv": [3.35, 12.65, 5, 16], "texture": "#Main"}
			}
		},
		{
			"from": [5, 5.225, 0],
			"to": [8, 16, 5],
			"rotation": {"angle": 0, "axis": "y", "origin": [6.5, 8.5, 2.5125]},
			"faces": {
				"north": {"uv": [8, 0, 11, 10.775], "texture": "#Main"},
				"east": {"uv": [11, 0, 16, 10.775], "texture": "#Main"},
				"south": {"uv": [5, 0, 8, 10.775], "texture": "#Main"},
				"west": {"uv": [0, 0, 5, 10.775], "texture": "#Main"},
				"up": {"uv": [5, 0, 8, 5], "texture": "#Main"},
				"down": {"uv": [5, 11, 8, 16], "texture": "#Main"}
			}
		},
		{
			"from": [0, 5.2, 0.325],
			"to": [2.325, 8, 3.375],
			"rotation": {"angle": 0, "axis": "y", "origin": [8, 4.25, 3]},
			"faces": {
				"north": {"uv": [13.675, 8, 16, 10.8], "texture": "#Main"},
				"east": {"uv": [12.625, 8, 15.675, 10.8], "texture": "#Main"},
				"south": {"uv": [0, 8, 2.325, 10.8], "texture": "#Main"},
				"west": {"uv": [0.325, 8, 3.375, 10.8], "texture": "#Main"},
				"up": {"uv": [0, 0.325, 3.05, 2.65], "rotation": 90, "texture": "#Main"},
				"down": {"uv": [0, 12.625, 2.325, 15.675], "texture": "#Main"}
			}
		},
		{
			"from": [0, 5.225, 3.35],
			"to": [4.35, 12, 5],
			"rotation": {"angle": 0, "axis": "y", "origin": [8, 4.25, 3]},
			"faces": {
				"north": {"uv": [11.65, 4, 16, 10.775], "texture": "#Main"},
				"east": {"uv": [11, 4, 12.65, 10.775], "texture": "#Main"},
				"south": {"uv": [0, 4, 4.35, 10.775], "texture": "#Main"},
				"west": {"uv": [3.35, 4, 5, 10.775], "texture": "#Main"},
				"up": {"uv": [0, 3.35, 1.65, 7.7], "rotation": 90, "texture": "#Main"},
				"down": {"uv": [0, 11, 4.35, 12.65], "texture": "#Main"}
			}
		},
		{
			"from": [0, 5.225, 5],
			"to": [6, 16, 8],
			"rotation": {"angle": 0, "axis": "y", "origin": [8, 4.25, 3]},
			"faces": {
				"north": {"uv": [10, 0, 16, 10.775], "texture": "#Main"},
				"east": {"uv": [8, 0, 11, 10.775], "texture": "#Main"},
				"south": {"uv": [0, 0, 6, 10.775], "texture": "#Main"},
				"west": {"uv": [5, 0, 8, 10.775], "texture": "#Main"},
				"up": {"uv": [0, 5, 3, 11], "rotation": 90, "texture": "#Main"},
				"down": {"uv": [0, 8, 6, 11], "texture": "#Main"}
			}
		},
		{
			"from": [0, 0, 0],
			"to": [16, 5.225, 16],
			"faces": {
				"north": {"uv": [0, 10.775, 16, 16], "texture": "#Main"},
				"east": {"uv": [0, 10.775, 16, 16], "texture": "#Main"},
				"south": {"uv": [0, 10.775, 16, 16], "texture": "#Main"},
				"west": {"uv": [0, 10.775, 16, 16], "texture": "#Main"},
				"up": {"uv": [0, 0, 16, 16], "texture": "#Main"},
				"down": {"uv": [0, 0, 16, 16], "texture": "#Main"}
			}
		},
		{
			"from": [0, 5.225, 8],
			"to": [16, 16, 16],
			"rotation": {"angle": 0, "axis": "y", "origin": [0, 5.225, 0]},
			"faces": {
				"north": {"uv": [0, 0, 16, 10.8], "texture": "#Main"},
				"east": {"uv": [0, 0, 8, 10.8], "texture": "#Main"},
				"south": {"uv": [0, 0, 16, 10.8], "texture": "#Main"},
				"west": {"uv": [8, 0, 16, 10.8], "texture": "#Main"},
				"up": {"uv": [0, 8, 16, 16], "texture": "#Main"},
				"down": {"uv": [0, 0, 16, 8], "texture": "#Main"}
			}
		},
		{
			"from": [8, 5.225, 0],
			"to": [16, 16, 8],
			"rotation": {"angle": 0, "axis": "y", "origin": [0, 5.225, -8]},
			"faces": {
				"north": {"uv": [0, 0, 8, 10.8], "texture": "#Main"},
				"east": {"uv": [8, 0, 16, 10.8], "texture": "#Main"},
				"south": {"uv": [8, 0, 16, 10.8], "texture": "#Main"},
				"west": {"uv": [0, 0, 8, 10.8], "texture": "#Main"},
				"up": {"uv": [8, 0, 16, 8], "texture": "#Main"},
				"down": {"uv": [8, 8, 16, 16], "texture": "#Main"}
			}
		},
		{
			"from": [6, 5.225, 6],
			"to": [8, 16.025, 8],
			"rotation": {"angle": 0, "axis": "y", "origin": [-2, 5.225, -8]},
			"faces": {
				"north": {"uv": [8, 0, 10, 10.8], "texture": "#Main"},
				"east": {"uv": [8, 0, 10, 10.8], "texture": "#Main"},
				"south": {"uv": [6, 0, 8, 10.8], "texture": "#Main"},
				"west": {"uv": [6, 0, 8, 10.8], "texture": "#Main"},
				"up": {"uv": [6, 6, 8, 8], "texture": "#Main"},
				"down": {"uv": [6, 8, 8, 10], "texture": "#Main"}
			}
		}
	]
}