{
	"credit": "Made by LYIVX",
	"elements": [
		{
			"from": [1.4038, -0.53147, 0],
			"to": [3.4038, 4.21853, 16.01],
			"rotation": {"angle": -22.5, "axis": "z", "origin": [3.03785, 8.2903, 7.715]},
			"faces": {
				"north": {"uv": [11.25, 11.78147, 16, 13.78147], "rotation": 90, "texture": "#Secondary"},
				"east": {"uv": [0, 11.25, 16, 16], "texture": "#Secondary"},
				"south": {"uv": [0, 0, 5, 2], "rotation": 90, "texture": "#Secondary"},
				"west": {"uv": [0, 10, 16, 15], "texture": "#Secondary"},
				"up": {"uv": [0, 0, 16, 2], "rotation": 270, "texture": "#Secondary"},
				"down": {"uv": [0, 14, 16, 16], "rotation": 270, "texture": "#Secondary"}
			}
		},
		{
			"from": [1.4038, 4.21853, 1.5],
			"to": [3.4038, 8.21853, 16.01],
			"rotation": {"angle": -22.5, "axis": "z", "origin": [3.03785, 8.2903, 7.715]},
			"faces": {
				"north": {"uv": [12, 7.78147, 16, 9.78147], "rotation": 90, "texture": "#Secondary"},
				"east": {"uv": [0.01, 7.78147, 14.51, 11.78147], "texture": "#Secondary"},
				"south": {"uv": [5, 0, 9, 2], "rotation": 90, "texture": "#Secondary"},
				"west": {"uv": [1.5, 8, 16, 12], "texture": "#Secondary"},
				"up": {"uv": [1.49, 0, 16, 2], "rotation": 90, "texture": "#Secondary"},
				"down": {"uv": [1.4038, 0.01, 15.9038, 2.01], "rotation": 270, "texture": "#Secondary"}
			}
		},
		{
			"from": [2.6719, 8.21207, 4.615],
			"to": [4.6719, 13.31207, 16.01],
			"rotation": {"angle": -22.5, "axis": "z", "origin": [3.03785, 8.2903, 7.705]},
			"faces": {
				"north": {"uv": [10.9, 2.68793, 16, 4.68793], "rotation": 90, "texture": "#Secondary"},
				"east": {"uv": [0.01, 2.68793, 11.385, 7.78793], "texture": "#Secondary"},
				"south": {"uv": [7, 0, 12, 2], "rotation": 90, "texture": "#Secondary"},
				"west": {"uv": [4.625, 3, 16, 8.1], "texture": "#Secondary"},
				"up": {"uv": [2.6719, 4.615, 14.0469, 6.615], "rotation": 270, "texture": "#Secondary"},
				"down": {"uv": [2.6719, 0.01, 14.0469, 2.01], "rotation": 270, "texture": "#Secondary"}
			}
		},
		{
			"from": [2.6719, 13.31207, 6.14],
			"to": [4.6719, 17.31207, 16.01],
			"rotation": {"angle": -22.5, "axis": "z", "origin": [3.03785, 8.2903, 7.705]},
			"faces": {
				"north": {"uv": [11.3281, 0, 15.3531, 2], "rotation": 90, "texture": "#Secondary"},
				"east": {"uv": [0.01, 0, 9.86, 4.025], "texture": "#Secondary"},
				"south": {"uv": [12, 0, 16, 2], "rotation": 90, "texture": "#Secondary"},
				"west": {"uv": [6.15, 0, 16, 4], "texture": "#Secondary"},
				"up": {"uv": [6.15, 0, 16, 2], "rotation": 270, "texture": "#Secondary"},
				"down": {"uv": [2.6719, 0.01, 12.5219, 2.01], "rotation": 270, "texture": "#Secondary"}
			}
		},
		{
			"from": [-0.03001, 5.15279, -0.01],
			"to": [1.96999, 5.15279, 1.99],
			"rotation": {"angle": 0, "axis": "y", "origin": [-0.03001, 3.15279, -0.01]},
			"faces": {
				"north": {"uv": [14, 10.84721, 16, 10.84721], "texture": "#Secondary"},
				"east": {"uv": [14, 10.84721, 16, 10.84721], "texture": "#Secondary"},
				"south": {"uv": [0, 10.84721, 2, 10.84721], "texture": "#Secondary"},
				"west": {"uv": [0, 10.84721, 2, 10.84721], "texture": "#Secondary"},
				"up": {"uv": [0, 0, 2, 2], "texture": "#Secondary"},
				"down": {"uv": [0, 14, 2, 16], "texture": "#Secondary"}
			}
		},
		{
			"from": [2.66982, 8.35706, 1.615],
			"to": [5.66982, 8.35706, 4.615],
			"rotation": {"angle": 0, "axis": "y", "origin": [2.66982, 6.35706, 1.615]},
			"faces": {
				"north": {"uv": [10.33018, 7.64294, 13.33018, 7.64294], "texture": "#Secondary"},
				"east": {"uv": [11.385, 7.64294, 14.385, 7.64294], "texture": "#Secondary"},
				"south": {"uv": [2.66982, 7.64294, 5.66982, 7.64294], "texture": "#Secondary"},
				"west": {"uv": [1.615, 7.64294, 4.615, 7.64294], "texture": "#Secondary"},
				"up": {"uv": [2.66982, 1.615, 5.66982, 4.615], "texture": "#Secondary"},
				"down": {"uv": [2.66982, 11.385, 5.66982, 14.385], "texture": "#Secondary"}
			}
		},
		{
			"from": [4.62151, 13.06885, 4.615],
			"to": [7.62151, 13.06885, 7.615],
			"rotation": {"angle": 0, "axis": "y", "origin": [4.62151, 11.06885, 4.615]},
			"faces": {
				"north": {"uv": [8.37849, 2.93115, 11.37849, 2.93115], "texture": "#Secondary"},
				"east": {"uv": [8.385, 2.93115, 11.385, 2.93115], "texture": "#Secondary"},
				"south": {"uv": [4.62151, 2.93115, 7.62151, 2.93115], "texture": "#Secondary"},
				"west": {"uv": [4.615, 2.93115, 7.615, 2.93115], "texture": "#Secondary"},
				"up": {"uv": [4.62151, 4.615, 7.62151, 7.615], "texture": "#Secondary"},
				"down": {"uv": [4.62151, 8.385, 7.62151, 11.385], "texture": "#Secondary"}
			}
		},
		{
			"from": [0, -0.52082, 1.41093],
			"to": [16.01, 4.22918, 3.41093],
			"rotation": {"angle": 22.5, "axis": "x", "origin": [8.05785, 8.31355, 3.01463]},
			"faces": {
				"north": {"uv": [0, 11.25, 16, 16], "texture": "#Secondary"},
				"east": {"uv": [0, 0, 5, 2], "rotation": 90, "texture": "#Secondary"},
				"south": {"uv": [0, 11.25, 16, 16], "texture": "#Secondary"},
				"west": {"uv": [1.43094, 11.25, 3.43094, 16], "texture": "#Secondary"},
				"up": {"uv": [0, 1.43094, 16, 3.43094], "texture": "#Secondary"},
				"down": {"uv": [0, 14, 16, 16], "rotation": 180, "texture": "#Secondary"}
			}
		},
		{
			"from": [1.5, 4.22918, 1.41093],
			"to": [16.01, 8.22918, 3.41093],
			"rotation": {"angle": 22.5, "axis": "x", "origin": [8.05785, 8.31355, 3.01463]},
			"faces": {
				"north": {"uv": [0, 7.77082, 14.5, 11.77082], "texture": "#Secondary"},
				"east": {"uv": [5, 0, 9, 2], "rotation": 90, "texture": "#Secondary"},
				"south": {"uv": [1.5, 7.77082, 16, 11.77082], "texture": "#Secondary"},
				"west": {"uv": [1.40021, 7.77082, 3.40021, 11.77082], "texture": "#Secondary"},
				"up": {"uv": [1.49, 0, 16, 2], "texture": "#Secondary"},
				"down": {"uv": [1.5, 12.59979, 16, 14.59979], "rotation": 180, "texture": "#Secondary"}
			}
		},
		{
			"from": [4.62151, 8.22464, 2.6679],
			"to": [16.00651, 13.32464, 4.6679],
			"rotation": {"angle": 22.5, "axis": "x", "origin": [8.04436, 8.30287, 3.001]},
			"faces": {
				"north": {"uv": [0.00349, 2.67536, 11.37849, 7.77536], "texture": "#Secondary"},
				"east": {"uv": [7, 0, 12, 2], "rotation": 90, "texture": "#Secondary"},
				"south": {"uv": [4.62151, 2.67536, 15.99651, 7.77536], "texture": "#Secondary"},
				"west": {"uv": [2.6679, 2.67536, 4.6679, 7.77536], "texture": "#Secondary"},
				"up": {"uv": [4.62151, 2.6679, 15.99651, 4.6679], "texture": "#Secondary"},
				"down": {"uv": [4.62151, 11.3321, 15.99651, 13.3321], "rotation": 180, "texture": "#Secondary"}
			}
		},
		{
			"from": [6.15224, 13.32464, 2.66215],
			"to": [16.01224, 17.32464, 4.66215],
			"rotation": {"angle": 22.5, "axis": "x", "origin": [8.05009, 8.30283, 2.99525]},
			"faces": {
				"north": {"uv": [0, 0, 9.85, 4], "texture": "#Secondary"},
				"east": {"uv": [12, 0, 16, 2], "rotation": 90, "texture": "#Secondary"},
				"south": {"uv": [6.15, 0, 16, 4], "texture": "#Secondary"},
				"west": {"uv": [2.66215, 0, 4.66215, 4], "texture": "#Secondary"},
				"up": {"uv": [6.14, 0, 16, 2], "texture": "#Secondary"},
				"down": {"uv": [6.15, 11.33785, 16, 13.33785], "rotation": 180, "texture": "#Secondary"}
			}
		},
		{
			"from": [-1.325, 2.025, -1.325],
			"to": [0.325, 4, 16],
			"rotation": {"angle": 0, "axis": "y", "origin": [3, 4.25, 8.925]},
			"faces": {
				"north": {"uv": [14.35, 12, 16, 13.975], "texture": "#Main"},
				"east": {"uv": [0, 12, 16, 13.975], "texture": "#Main"},
				"south": {"uv": [0, 12, 1.65, 13.975], "texture": "#Main"},
				"west": {"uv": [0, 12, 16, 13.975], "texture": "#Main"},
				"up": {"uv": [0, 0, 1.65, 16], "texture": "#Main"},
				"down": {"uv": [0, 0, 1.65, 16], "texture": "#Main"}
			}
		},
		{
			"from": [0.325, 6, 0.325],
			"to": [2.35, 8, 16],
			"rotation": {"angle": 0, "axis": "y", "origin": [3, 4.25, 12.625]},
			"faces": {
				"north": {"uv": [12.65, 8, 15.675, 10], "texture": "#Main"},
				"east": {"uv": [0.025, 8, 15.675, 10], "texture": "#Main"},
				"south": {"uv": [0.325, 8, 3.35, 10], "texture": "#Main"},
				"west": {"uv": [0.325, 8, 15.975, 10], "texture": "#Main"},
				"up": {"uv": [0.325, 0.325, 3.35, 15.975], "texture": "#Main"},
				"down": {"uv": [0.325, 0.025, 3.35, 15.675], "texture": "#Main"}
			}
		},
		{
			"from": [3.35, 10, 3.35],
			"to": [5, 12, 16],
			"rotation": {"angle": 0, "axis": "y", "origin": [3, 4.25, 10.95]},
			"faces": {
				"north": {"uv": [11, 4, 12.65, 6], "texture": "#Main"},
				"east": {"uv": [0.05, 4, 12.65, 6], "texture": "#Main"},
				"south": {"uv": [3.35, 4, 5, 6], "texture": "#Main"},
				"west": {"uv": [3.35, 4, 15.95, 6], "texture": "#Main"},
				"up": {"uv": [3.35, 3.35, 5, 15.95], "texture": "#Main"},
				"down": {"uv": [3.35, 0.05, 5, 12.65], "texture": "#Main"}
			}
		},
		{
			"from": [5, 14, 5],
			"to": [8, 16, 15.975],
			"rotation": {"angle": 0, "axis": "y", "origin": [3, 4.25, 8]},
			"faces": {
				"north": {"uv": [8, 0, 11, 2], "texture": "#Main"},
				"east": {"uv": [0, 0, 11, 2], "texture": "#Main"},
				"south": {"uv": [5, 0, 8, 2], "texture": "#Main"},
				"west": {"uv": [5, 0, 16, 2], "texture": "#Main"},
				"up": {"uv": [5, 5, 8, 16], "texture": "#Main"},
				"down": {"uv": [5, 0, 8, 11], "texture": "#Main"}
			}
		},
		{
			"from": [0.325, 2.025, -1.325],
			"to": [16, 4, 0.325],
			"rotation": {"angle": 0, "axis": "y", "origin": [17.3, 4.25, 3]},
			"faces": {
				"north": {"uv": [0.025, 12, 15.675, 13.975], "texture": "#Main"},
				"east": {"uv": [14.35, 12, 16, 13.975], "texture": "#Main"},
				"south": {"uv": [0.325, 12, 15.975, 13.975], "texture": "#Main"},
				"west": {"uv": [0, 12, 1.65, 13.975], "texture": "#Main"},
				"up": {"uv": [0.325, 0, 1.975, 15.65], "rotation": 90, "texture": "#Main"},
				"down": {"uv": [0.325, 0.35, 1.975, 16], "rotation": 270, "texture": "#Main"}
			}
		},
		{
			"from": [2.35, 6, 0.325],
			"to": [16, 8, 2.375],
			"rotation": {"angle": 0, "axis": "y", "origin": [15.65, 4.25, 3]},
			"faces": {
				"north": {"uv": [0.025, 8, 12.65, 10], "texture": "#Main"},
				"east": {"uv": [12.625, 8, 15.675, 10], "texture": "#Main"},
				"south": {"uv": [3.35, 8, 15.975, 10], "texture": "#Main"},
				"west": {"uv": [0.325, 8, 3.375, 10], "texture": "#Main"},
				"up": {"uv": [3.35, 0.325, 6.4, 12.95], "rotation": 90, "texture": "#Main"},
				"down": {"uv": [3.35, 12.625, 15.975, 15.675], "texture": "#Main"}
			}
		},
		{
			"from": [5, 10, 3.35],
			"to": [16, 12, 5],
			"rotation": {"angle": 0, "axis": "y", "origin": [12.625, 4.25, 3]},
			"faces": {
				"north": {"uv": [0.025, 4, 11, 6], "texture": "#Main"},
				"east": {"uv": [11, 4, 12.65, 6], "texture": "#Main"},
				"south": {"uv": [5, 4, 15.975, 6], "texture": "#Main"},
				"west": {"uv": [3.35, 4, 5, 6], "texture": "#Main"},
				"up": {"uv": [5, 3.35, 6.65, 14.325], "rotation": 90, "texture": "#Main"},
				"down": {"uv": [5, 11, 15.975, 12.65], "texture": "#Main"}
			}
		},
		{
			"from": [8, 14, 5],
			"to": [16, 16, 7],
			"rotation": {"angle": 0, "axis": "y", "origin": [8, 4.25, 3]},
			"faces": {
				"north": {"uv": [0.025, 0, 8, 2], "texture": "#Main"},
				"east": {"uv": [8, 0, 11, 2], "texture": "#Main"},
				"south": {"uv": [8, 0, 15.975, 2], "texture": "#Main"},
				"west": {"uv": [5, 0, 8, 2], "texture": "#Main"},
				"up": {"uv": [8, 5, 11, 12.975], "rotation": 90, "texture": "#Main"},
				"down": {"uv": [8, 8, 15.975, 11], "texture": "#Main"}
			}
		},
		{
			"from": [0, 0, 0],
			"to": [16, 5, 16],
			"rotation": {"angle": 0, "axis": "y", "origin": [14, 0, 0]},
			"faces": {
				"north": {"uv": [0, 11, 16, 16], "texture": "#Main"},
				"east": {"uv": [0, 11, 16, 16], "texture": "#Main"},
				"south": {"uv": [0, 11, 16, 16], "texture": "#Main"},
				"west": {"uv": [0, 11, 16, 16], "texture": "#Main"},
				"up": {"uv": [0, 0, 16, 16], "texture": "#Main"},
				"down": {"uv": [0, 0, 16, 16], "texture": "#Main"}
			}
		},
		{
			"from": [2, 5, 2],
			"to": [16, 8.1, 16],
			"rotation": {"angle": 0, "axis": "y", "origin": [14, 5, 0]},
			"faces": {
				"north": {"uv": [0, 7.9, 14, 11], "texture": "#Main"},
				"east": {"uv": [0, 7.9, 14, 11], "texture": "#Main"},
				"south": {"uv": [2, 7.9, 16, 11], "texture": "#Main"},
				"west": {"uv": [2, 7.9, 16, 11], "texture": "#Main"},
				"up": {"uv": [2, 2, 16, 16], "texture": "#Main"},
				"down": {"uv": [2, 0, 16, 14], "texture": "#Main"}
			}
		},
		{
			"from": [4.725, 8.1, 4],
			"to": [16, 11.2, 16],
			"rotation": {"angle": 0, "axis": "y", "origin": [14, 8.1, 0]},
			"faces": {
				"north": {"uv": [0, 4.8, 11.275, 7.9], "texture": "#Main"},
				"east": {"uv": [0, 4.8, 12, 7.9], "texture": "#Main"},
				"south": {"uv": [4.725, 4.8, 16, 7.9], "texture": "#Main"},
				"west": {"uv": [4, 4.8, 16, 7.9], "texture": "#Main"},
				"up": {"uv": [4.725, 4, 16, 16], "texture": "#Main"},
				"down": {"uv": [4.725, 0, 16, 12], "texture": "#Main"}
			}
		},
		{
			"from": [6.025, 11.2, 6],
			"to": [16, 14.3, 16],
			"rotation": {"angle": 0, "axis": "y", "origin": [14, 11.2, 0]},
			"faces": {
				"north": {"uv": [0, 1.7, 9.975, 4.8], "texture": "#Secondary"},
				"east": {"uv": [0, 1.7, 10, 4.8], "texture": "#Main"},
				"south": {"uv": [6.025, 1.7, 16, 4.8], "texture": "#Main"},
				"west": {"uv": [6, 1.7, 16, 4.8], "texture": "#Secondary"},
				"up": {"uv": [6.025, 6, 16, 16], "texture": "#Main"},
				"down": {"uv": [6.025, 0, 16, 10], "texture": "#Main"}
			}
		},
		{
			"from": [6.3, 14.3, 6.3],
			"to": [16, 16, 16],
			"rotation": {"angle": 0, "axis": "y", "origin": [14, 14.3, 0]},
			"faces": {
				"north": {"uv": [0, 0, 9.7, 1.7], "texture": "#Main"},
				"east": {"uv": [0, 0, 9.7, 1.7], "texture": "#Main"},
				"south": {"uv": [6.3, 0, 16, 1.7], "texture": "#Main"},
				"west": {"uv": [6.3, 0, 16, 1.7], "texture": "#Main"},
				"up": {"uv": [6.3, 6.3, 16, 16], "texture": "#Main"},
				"down": {"uv": [6.3, 0, 16, 9.7], "texture": "#Main"}
			}
		},
		{
			"from": [-5.75, 0.01, 6.9],
			"to": [0.5, 4.51, 11.2],
			"rotation": {"angle": -45, "axis": "y", "origin": [9.5, 15.5, 8]},
			"faces": {
				"north": {"uv": [0, 0, 5, 11], "rotation": 90, "texture": "#Secondary"},
				"east": {"uv": [0, 0, 4, 4], "texture": "#Secondary"},
				"south": {"uv": [0, 0, 4, 6], "rotation": 90, "texture": "#Secondary"},
				"west": {"uv": [0, 0, 4, 4], "texture": "#Secondary"},
				"up": {"uv": [0, 0, 4, 6], "rotation": 90, "texture": "#Secondary"},
				"down": {"uv": [0, 0, 4, 6], "rotation": 90, "texture": "#Secondary"}
			}
		},
		{
			"from": [-4.7, 4.51, 8.9],
			"to": [-0.6, 8.01, 13.2],
			"rotation": {"angle": -45, "axis": "y", "origin": [11.5, 21, 10]},
			"faces": {
				"north": {"uv": [0, 0, 3, 4], "rotation": 90, "texture": "#Secondary"},
				"east": {"uv": [0, 0, 4, 3], "texture": "#Secondary"},
				"south": {"uv": [0, 0, 3, 4], "rotation": 90, "texture": "#Secondary"},
				"west": {"uv": [0, 0, 4, 3], "texture": "#Secondary"},
				"up": {"uv": [0, 0, 4, 4], "rotation": 90, "texture": "#Secondary"},
				"down": {"uv": [0, 0, 4, 4], "rotation": 90, "texture": "#Secondary"}
			}
		},
		{
			"from": [-0.4, 8, 3.9],
			"to": [5.5, 10.8, 8.2],
			"rotation": {"angle": -45, "axis": "y", "origin": [6.5, 15.5, 5]},
			"faces": {
				"north": {"uv": [0, 0, 3, 6], "rotation": 90, "texture": "#Secondary"},
				"east": {"uv": [0, 0, 4, 3], "texture": "#Secondary"},
				"south": {"uv": [0, 0, 3, 6], "rotation": 90, "texture": "#Secondary"},
				"west": {"uv": [0, 0, 4, 3], "texture": "#Secondary"},
				"up": {"uv": [0, 0, 4, 6], "rotation": 90, "texture": "#Secondary"},
				"down": {"uv": [0, 0, 6, 4], "texture": "#Secondary"}
			}
		},
		{
			"from": [0.625, 10.8, 6.9],
			"to": [3.3, 14.3, 11.2],
			"rotation": {"angle": -45, "axis": "y", "origin": [9.5, 15.5, 8]},
			"faces": {
				"north": {"uv": [0, 0, 3, 3], "rotation": 90, "texture": "#Secondary"},
				"east": {"uv": [0, 0, 4, 3], "texture": "#Secondary"},
				"south": {"uv": [0, 0, 3, 3], "rotation": 90, "texture": "#Secondary"},
				"west": {"uv": [0, 0, 4, 3], "texture": "#Secondary"},
				"up": {"uv": [0, 0, 4, 3], "rotation": 90, "texture": "#Secondary"},
				"down": {"uv": [0, 0, 3, 4], "texture": "#Secondary"}
			}
		},
		{
			"from": [4.55, 10.8, 3.9],
			"to": [9.9, 17.01, 8.2],
			"rotation": {"angle": -45, "axis": "y", "origin": [6.5, 15.5, 5]},
			"faces": {
				"north": {"uv": [0, 0, 3, 5], "rotation": 90, "texture": "#Secondary"},
				"east": {"uv": [0, 0, 4, 6], "texture": "#Secondary"},
				"south": {"uv": [0, 0, 6, 5], "rotation": 90, "texture": "#Secondary"},
				"west": {"uv": [0, 0, 4, 6], "texture": "#Secondary"},
				"up": {"uv": [0, 0, 4, 5], "rotation": 90, "texture": "#Secondary"},
				"down": {"uv": [0, 0, 4, 5], "rotation": 90, "texture": "#Secondary"}
			}
		}
	]
}