{
	"credit": "Made by LYIVX",
	"elements": [
		{
			"from": [-2, 0, -0.01],
			"to": [0, 8.725, 16.01],
			"rotation": {"angle": -22.5, "axis": "z", "origin": [0, 0, 0]},
			"faces": {
				"north": {"uv": [0, 0, 8.725, 2], "rotation": 90, "texture": "#Secondary"},
				"east": {"uv": [0, 0, 8.725, 16], "rotation": 270, "texture": "#Secondary"},
				"south": {"uv": [0, 0, 9, 2], "rotation": 270, "texture": "#Secondary"},
				"west": {"uv": [0, 7.275, 16, 16], "texture": "#Secondary"},
				"up": {"uv": [0, 0, 16, 2], "rotation": 270, "texture": "#Secondary"},
				"down": {"uv": [0, 0, 16, 2], "rotation": 270, "texture": "#Secondary"}
			}
		},
		{
			"from": [2.50801, 7.5696, -0.01],
			"to": [4.50801, 16.6946, 16.01],
			"rotation": {"angle": -22.5, "axis": "z", "origin": [4.50801, 7.5696, 0.01]},
			"faces": {
				"north": {"uv": [7, 0, 16, 2], "rotation": 90, "texture": "#Secondary"},
				"east": {"uv": [0, 0, 9.125, 16], "rotation": 270, "texture": "#Secondary"},
				"south": {"uv": [7, 0, 16, 2], "rotation": 270, "texture": "#Secondary"},
				"west": {"uv": [0, 0, 16, 9.125], "texture": "#Secondary"},
				"up": {"uv": [0, 0, 16, 2], "rotation": 270, "texture": "#Secondary"},
				"down": {"uv": [0, 0, 16, 2], "rotation": 270, "texture": "#Secondary"}
			}
		},
		{
			"from": [-1.325, 1, 0],
			"to": [0.325, 4, 16],
			"rotation": {"angle": 0, "axis": "y", "origin": [3, 6.42613, 8.01]},
			"faces": {
				"north": {"uv": [14.35, 12, 16, 15], "texture": "#Main"},
				"east": {"uv": [0, 12, 16, 15], "texture": "#Main"},
				"south": {"uv": [0, 12, 1.65, 15], "texture": "#Main"},
				"west": {"uv": [0, 12, 16, 15], "texture": "#Main"},
				"up": {"uv": [0, 0, 1.65, 16], "texture": "#Main"},
				"down": {"uv": [0, 0, 1.65, 16], "texture": "#Main"}
			}
		},
		{
			"from": [0.325, 0, 0],
			"to": [3.35, 8, 16],
			"rotation": {"angle": 0, "axis": "y", "origin": [3, 6.42613, 8.01]},
			"faces": {
				"north": {"uv": [12.65, 8, 15.675, 16], "texture": "#Main"},
				"east": {"uv": [0, 8, 16, 16], "texture": "#Main"},
				"south": {"uv": [0.325, 8, 3.35, 16], "texture": "#Main"},
				"west": {"uv": [0, 8, 16, 16], "texture": "#Main"},
				"up": {"uv": [0.325, 0, 3.35, 16], "texture": "#Main"},
				"down": {"uv": [0.325, 0, 3.35, 16], "texture": "#Main"}
			}
		},
		{
			"from": [3.35, 0, 0],
			"to": [5, 12, 16],
			"rotation": {"angle": 0, "axis": "y", "origin": [3, 6.42613, 8.01]},
			"faces": {
				"north": {"uv": [11, 4, 12.65, 16], "texture": "#Main"},
				"east": {"uv": [0, 4, 16, 16], "texture": "#Main"},
				"south": {"uv": [3.35, 4, 5, 16], "texture": "#Main"},
				"west": {"uv": [0, 4, 16, 16], "texture": "#Main"},
				"up": {"uv": [3.35, 0, 5, 16], "texture": "#Main"},
				"down": {"uv": [3.35, 0, 5, 16], "texture": "#Main"}
			}
		},
		{
			"from": [5, 0, 0],
			"to": [8, 16, 16],
			"rotation": {"angle": 0, "axis": "y", "origin": [3, 6.42613, 8.01]},
			"faces": {
				"north": {"uv": [8, 0, 11, 16], "texture": "#Main"},
				"east": {"uv": [0, 0, 16, 16], "texture": "#Main"},
				"south": {"uv": [5, 0, 8, 16], "texture": "#Main"},
				"west": {"uv": [0, 0, 16, 16], "texture": "#Main"},
				"up": {"uv": [5, 0, 8, 16], "texture": "#Main"},
				"down": {"uv": [5, 0, 8, 16], "texture": "#Main"}
			}
		},
		{
			"from": [0, 0, 0],
			"to": [0.325, 1, 16],
			"rotation": {"angle": 0, "axis": "y", "origin": [3, 6.42613, 8.01]},
			"faces": {
				"north": {"uv": [15.675, 15, 16, 16], "texture": "#Main"},
				"east": {"uv": [0, 15, 16, 16], "texture": "#Main"},
				"south": {"uv": [0, 15, 0.325, 16], "texture": "#Main"},
				"west": {"uv": [0, 15, 16, 16], "texture": "#Main"},
				"up": {"uv": [0, 0, 0.325, 16], "texture": "#Main"},
				"down": {"uv": [0, 0, 0.325, 16], "texture": "#Main"}
			}
		},
		{
			"from": [8, 0, 0],
			"to": [16, 16, 16],
			"rotation": {"angle": 0, "axis": "y", "origin": [8, 0, 0]},
			"faces": {
				"north": {"uv": [0, 0, 8, 16], "texture": "#Main"},
				"east": {"uv": [0, 0, 16, 16], "texture": "#Main"},
				"south": {"uv": [8, 0, 16, 16], "texture": "#Main"},
				"west": {"uv": [0, 0, 16, 16], "texture": "#Main"},
				"up": {"uv": [8, 0, 16, 16], "texture": "#Main"},
				"down": {"uv": [8, 0, 16, 16], "texture": "#Main"}
			}
		}
	],
	"display": {
		"thirdperson_righthand": {
			"rotation": [75, 45, 0],
			"translation": [0, 2.5, 0],
			"scale": [0.375, 0.375, 0.375]
		},
		"thirdperson_lefthand": {
			"rotation": [75, 45, 0],
			"translation": [0, 2.5, 0],
			"scale": [0.375, 0.375, 0.375]
		},
		"firstperson_righthand": {
			"rotation": [0, 45, 0],
			"scale": [0.4, 0.4, 0.4]
		},
		"firstperson_lefthand": {
			"rotation": [0, 225, 0],
			"scale": [0.4, 0.4, 0.4]
		},
		"ground": {
			"translation": [0, 3, 0],
			"scale": [0.25, 0.25, 0.25]
		},
		"gui": {
			"rotation": [30, 135, 0],
			"translation": [0, -0.25, 0],
			"scale": [0.6, 0.6, 0.6]
		},
		"head": {
			"rotation": [0, -90, 0]
		},
		"fixed": {
			"scale": [0.5, 0.5, 0.5]
		}
	}
}