{
	"credit": "Made by LYIVX",
	"elements": [
		{
			"name": "group2",
			"from": [0, 16, 15],
			"to": [16, 18, 16],
			"rotation": {"angle": 0, "axis": "y", "origin": [8, 0, 8]},
			"faces": {
				"north": {"uv": [0, 14, 16, 16], "texture": "#Secondary"},
				"east": {"uv": [0, 14, 1, 16], "texture": "#Secondary"},
				"south": {"uv": [0, 14, 16, 16], "texture": "#Secondary"},
				"west": {"uv": [15, 14, 16, 16], "texture": "#Secondary"},
				"up": {"uv": [0, 15, 16, 16], "texture": "#Secondary"},
				"down": {"uv": [0, 0, 16, 1], "texture": "#Secondary"}
			}
		},
		{
			"name": "group2",
			"from": [0, 14, 0],
			"to": [16, 16, 16],
			"rotation": {"angle": 0, "axis": "y", "origin": [8, 0, 8]},
			"faces": {
				"north": {"uv": [0, 0, 16, 2], "texture": "#Secondary"},
				"east": {"uv": [0, 0, 16, 2], "texture": "#Secondary"},
				"south": {"uv": [0, 0, 16, 2], "texture": "#Secondary"},
				"west": {"uv": [0, 0, 16, 2], "texture": "#Secondary"},
				"up": {"uv": [0, 0, 16, 16], "texture": "#Secondary"},
				"down": {"uv": [0, 0, 16, 16], "texture": "#Secondary"}
			}
		},
		{
			"name": "group",
			"from": [0, 0, 1],
			"to": [16, 14, 16],
			"rotation": {"angle": 0, "axis": "y", "origin": [8, 0, 8]},
			"faces": {
				"north": {"uv": [0, 2, 16, 16], "texture": "#Main"},
				"east": {"uv": [0, 2, 15, 16], "texture": "#Main"},
				"south": {"uv": [0, 2, 16, 16], "texture": "#Main"},
				"west": {"uv": [1, 2, 16, 16], "texture": "#Main"},
				"up": {"uv": [0, 1, 16, 16], "texture": "#Main"},
				"down": {"uv": [0, 0, 16, 15], "texture": "#Main"}
			}
		}
	],
	"display": {
		"thirdperson_righthand": {
			"rotation": [75, 45, 0],
			"translation": [0, 2.5, 0],
			"scale": [0.375, 0.375, 0.375]
		},
		"thirdperson_lefthand": {
			"rotation": [75, 45, 0],
			"translation": [0, 2.5, 0],
			"scale": [0.375, 0.375, 0.375]
		},
		"firstperson_righthand": {
			"rotation": [0, 135, 0],
			"scale": [0.4, 0.4, 0.4]
		},
		"firstperson_lefthand": {
			"rotation": [0, 135, 0],
			"scale": [0.4, 0.4, 0.4]
		},
		"ground": {
			"translation": [0, 3, 0],
			"scale": [0.25, 0.25, 0.25]
		},
		"gui": {
			"rotation": [30, 225, 0],
			"translation": [0, -0.5, 0],
			"scale": [0.56, 0.56, 0.56]
		},
		"head": {
			"translation": [0, 0, -0.5]
		},
		"fixed": {
			"scale": [0.5, 0.5, 0.5]
		}
	},
	"groups": [
		{
			"name": "group2",
			"origin": [8, 0, 8],
			"color": 0,
			"nbt": "{}",
			"children": [0, 1]
		},
		{
			"name": "group",
			"origin": [0, 0, 0],
			"color": 1,
			"nbt": "{}",
			"children": [2]
		}
	]
}