{
	"credit": "Made by LYIVX",
	"elements": [
		{
			"from": [2, 0, 12],
			"to": [14, 16, 14],
			"rotation": {"angle": 0, "axis": "y", "origin": [2, 0, 12]},
			"faces": {
				"north": {"uv": [0, 0, 12, 16], "texture": "#Main"},
				"east": {"uv": [0, 0, 2, 16], "texture": "#Main"},
				"south": {"uv": [0, 0, 12, 16], "texture": "#Main"},
				"west": {"uv": [0, 0, 2, 16], "texture": "#Main"},
				"up": {"uv": [0, 0, 12, 2], "texture": "#Main"},
				"down": {"uv": [0, 0, 12, 2], "texture": "#Main"}
			}
		}
	],
	"display": {
		"thirdperson_righthand": {
			"rotation": [75, 45, 0],
			"translation": [0, 2.5, 0],
			"scale": [0.375, 0.375, 0.375]
		},
		"thirdperson_lefthand": {
			"rotation": [75, 45, 0],
			"translation": [0, 2.5, 0],
			"scale": [0.375, 0.375, 0.375]
		},
		"firstperson_righthand": {
			"rotation": [0, 45, 0],
			"scale": [0.4, 0.4, 0.4]
		},
		"firstperson_lefthand": {
			"rotation": [0, 225, 0],
			"scale": [0.4, 0.4, 0.4]
		},
		"ground": {
			"translation": [0, 3, 0],
			"scale": [0.25, 0.25, 0.25]
		},
		"gui": {
			"rotation": [30, 225, 0],
			"scale": [0.625, 0.625, 0.625]
		},
		"fixed": {
			"scale": [0.5, 0.5, 0.5]
		}
	},
	"groups": [
		{
			"name": "VoxelShapes",
			"origin": [8, 8, 8],
			"color": 0,
			"children": [0, 1, 2, 3, 4, 5]
		}
	]
}