{
	"credit": "Made by LYIVX",
	"elements": [
		{
			"from": [2, 0, 12],
			"to": [14, 16, 14],
			"rotation": {"angle": 0, "axis": "y", "origin": [2, 0, 12]},
			"faces": {
				"north": {"uv": [0, 0, 12, 16], "texture": "#Main"},
				"east": {"uv": [0, 0, 2, 16], "texture": "#Main"},
				"south": {"uv": [0, 0, 12, 16], "texture": "#Main"},
				"west": {"uv": [0, 0, 2, 16], "texture": "#Main"},
				"up": {"uv": [0, 0, 12, 2], "texture": "#Main"},
				"down": {"uv": [0, 0, 12, 2], "texture": "#Main"}
			}
		},
		{
			"from": [1.75, 0, 3],
			"to": [14.25, 1, 14.25],
			"rotation": {"angle": 0, "axis": "y", "origin": [12, 0, 10]},
			"faces": {
				"north": {"uv": [1.75, 15, 14.25, 16], "texture": "#Dirt"},
				"east": {"uv": [1.75, 15, 13, 16], "texture": "#Dirt"},
				"south": {"uv": [1.75, 15, 14.25, 16], "texture": "#Dirt"},
				"west": {"uv": [3, 15, 14.25, 16], "texture": "#Dirt"},
				"up": {"uv": [1.75, 3, 14.25, 14.25], "texture": "#Dirt"},
				"down": {"uv": [1.75, 1.75, 14.25, 13], "texture": "#Dirt"}
			}
		},
		{
			"from": [2.75, 0, 14.25],
			"to": [13.25, 1, 15.25],
			"rotation": {"angle": 0, "axis": "y", "origin": [12, 0, 11]},
			"faces": {
				"north": {"uv": [2.75, 15, 13.25, 16], "texture": "#Dirt"},
				"east": {"uv": [0.75, 15, 1.75, 16], "texture": "#Dirt"},
				"south": {"uv": [2.75, 15, 13.25, 16], "texture": "#Dirt"},
				"west": {"uv": [14.25, 15, 15.25, 16], "texture": "#Dirt"},
				"up": {"uv": [2.75, 14.25, 13.25, 15.25], "texture": "#Dirt"},
				"down": {"uv": [2.75, 0.75, 13.25, 1.75], "texture": "#Dirt"}
			}
		},
		{
			"from": [3, 0, 2],
			"to": [13, 1, 3],
			"rotation": {"angle": 0, "axis": "y", "origin": [12, 0, 9]},
			"faces": {
				"north": {"uv": [3, 15, 13, 16], "texture": "#Dirt"},
				"east": {"uv": [13, 15, 14, 16], "texture": "#Dirt"},
				"south": {"uv": [3, 15, 13, 16], "texture": "#Dirt"},
				"west": {"uv": [2, 15, 3, 16], "texture": "#Dirt"},
				"up": {"uv": [3, 2, 13, 3], "texture": "#Dirt"},
				"down": {"uv": [3, 13, 13, 14], "texture": "#Dirt"}
			}
		},
		{
			"from": [4, 1, 8],
			"to": [12, 2, 14.5],
			"rotation": {"angle": 0, "axis": "y", "origin": [12, 1, 18]},
			"faces": {
				"north": {"uv": [4, 14, 12, 15], "texture": "#Dirt"},
				"east": {"uv": [1.5, 14, 8, 15], "texture": "#Dirt"},
				"south": {"uv": [4, 14, 12, 15], "texture": "#Dirt"},
				"west": {"uv": [8, 14, 14.5, 15], "texture": "#Dirt"},
				"up": {"uv": [4, 8, 12, 14.5], "texture": "#Dirt"},
				"down": {"uv": [4, 1.5, 12, 8], "texture": "#Dirt"}
			}
		},
		{
			"from": [4, 1, 6],
			"to": [12, 2, 8],
			"rotation": {"angle": 0, "axis": "y", "origin": [12, 1, 16]},
			"faces": {
				"north": {"uv": [4, 14, 12, 15], "texture": "#Dirt"},
				"east": {"uv": [8, 14, 10, 15], "texture": "#Dirt"},
				"south": {"uv": [4, 14, 12, 15], "texture": "#Dirt"},
				"west": {"uv": [6, 14, 8, 15], "texture": "#Dirt"},
				"up": {"uv": [4, 6, 12, 8], "texture": "#Dirt"},
				"down": {"uv": [4, 8, 12, 10], "texture": "#Dirt"}
			}
		}
	],
	"display": {
		"thirdperson_righthand": {
			"rotation": [75, 45, 0],
			"translation": [0, 2.5, 0],
			"scale": [0.375, 0.375, 0.375]
		},
		"thirdperson_lefthand": {
			"rotation": [75, 45, 0],
			"translation": [0, 2.5, 0],
			"scale": [0.375, 0.375, 0.375]
		},
		"firstperson_righthand": {
			"rotation": [0, 135, 0],
			"translation": [0, 2, 0],
			"scale": [0.4, 0.4, 0.4]
		},
		"firstperson_lefthand": {
			"rotation": [0, 135, 0],
			"translation": [0, 2, 0],
			"scale": [0.4, 0.4, 0.4]
		},
		"ground": {
			"translation": [0, 3, 0],
			"scale": [0.25, 0.25, 0.25]
		},
		"gui": {
			"rotation": [30, 225, 0],
			"translation": [0.25, 0, 0],
			"scale": [0.7, 0.7, 0.7]
		},
		"head": {
			"translation": [0, 14.5, 0]
		},
		"fixed": {
			"translation": [0, 0, -2],
			"scale": [0.5, 0.5, 0.5]
		}
	}
}