{
	"credit": "Made by LYIVX",
	"textures": {
		"particle": "block/stripped_oak_log",
		"Main": "block/stripped_oak_log"
	},
	"elements": [
		{
			"from": [11.75, 14, 11.75],
			"to": [16, 15, 16],
			"rotation": {"angle": 0, "axis": "y", "origin": [9, 9, 8.975]},
			"faces": {
				"north": {"uv": [0, 1, 4.25, 2], "texture": "#Main"},
				"east": {"uv": [0, 1, 4.25, 2], "texture": "#Main"},
				"south": {"uv": [11.75, 1, 16, 2], "texture": "#Main"},
				"west": {"uv": [11.75, 1, 16, 2], "texture": "#Main"},
				"up": {"uv": [11.75, 11.75, 16, 16], "texture": "#Main"},
				"down": {"uv": [11.75, 0, 16, 4.25], "texture": "#Main"}
			}
		},
		{
			"from": [6.25, 8.5, 6.25],
			"to": [16, 9.5, 11.55],
			"rotation": {"angle": 0, "axis": "y", "origin": [8, 9, 8.925]},
			"faces": {
				"north": {"uv": [0, 6.5, 9.75, 7.5], "texture": "#Main"},
				"east": {"uv": [4.45, 6.5, 9.75, 7.5], "texture": "#Main"},
				"south": {"uv": [6.25, 6.5, 16, 7.5], "texture": "#Main"},
				"west": {"uv": [6.25, 6.5, 11.55, 7.5], "texture": "#Main"},
				"up": {"uv": [6.25, 6.25, 16, 11.55], "texture": "#Main"},
				"down": {"uv": [6.25, 4.45, 16, 9.75], "texture": "#Main"}
			}
		},
		{
			"from": [6.3, 3, 1],
			"to": [16, 4, 6.3],
			"rotation": {"angle": 0, "axis": "y", "origin": [8, 9, 8.975]},
			"faces": {
				"north": {"uv": [0, 12, 9.7, 13], "texture": "#Main"},
				"east": {"uv": [9.7, 12, 15, 13], "texture": "#Main"},
				"south": {"uv": [6.3, 12, 16, 13], "texture": "#Main"},
				"west": {"uv": [1, 12, 6.3, 13], "texture": "#Main"},
				"up": {"uv": [6.3, 1, 16, 6.3], "texture": "#Main"},
				"down": {"uv": [6.3, 9.7, 16, 15], "texture": "#Main"}
			}
		},
		{
			"from": [1.025, 3, 1],
			"to": [6.325, 4, 16],
			"rotation": {"angle": 0, "axis": "y", "origin": [9, 9, 8.975]},
			"faces": {
				"north": {"uv": [9.675, 12, 14.975, 13], "texture": "#Main"},
				"east": {"uv": [0, 12, 15, 13], "texture": "#Main"},
				"south": {"uv": [1.025, 12, 6.325, 13], "texture": "#Main"},
				"west": {"uv": [1, 12, 16, 13], "texture": "#Main"},
				"up": {"uv": [1.025, 1, 6.325, 16], "texture": "#Main"},
				"down": {"uv": [1.025, 0, 6.325, 15], "texture": "#Main"}
			}
		},
		{
			"from": [6.25, 8.5, 11.55],
			"to": [11.55, 9.5, 16],
			"rotation": {"angle": 0, "axis": "y", "origin": [9, 9, 8.975]},
			"faces": {
				"north": {"uv": [4.45, 6.5, 9.75, 7.5], "texture": "#Main"},
				"east": {"uv": [0, 6.5, 4.45, 7.5], "texture": "#Main"},
				"south": {"uv": [6.25, 6.5, 11.55, 7.5], "texture": "#Main"},
				"west": {"uv": [11.55, 6.5, 16, 7.5], "texture": "#Main"},
				"up": {"uv": [6.25, 11.55, 11.55, 16], "texture": "#Main"},
				"down": {"uv": [6.25, 0, 11.55, 4.45], "texture": "#Main"}
			}
		}
	],
	"display": {
		"thirdperson_righthand": {
			"rotation": [75, 45, 0],
			"translation": [0, 2.5, 0],
			"scale": [0.375, 0.375, 0.375]
		},
		"thirdperson_lefthand": {
			"rotation": [75, 45, 0],
			"translation": [0, 2.5, 0],
			"scale": [0.375, 0.375, 0.375]
		},
		"firstperson_righthand": {
			"rotation": [0, 135, 0],
			"scale": [0.4, 0.4, 0.4]
		},
		"firstperson_lefthand": {
			"rotation": [0, 135, 0],
			"scale": [0.4, 0.4, 0.4]
		},
		"ground": {
			"translation": [0, 3, 0],
			"scale": [0.25, 0.25, 0.25]
		},
		"gui": {
			"rotation": [30, 225, 0],
			"translation": [0, -2.5, 0],
			"scale": [0.4, 0.4, 0.4]
		},
		"head": {
			"rotation": [-1, 0, 0],
			"translation": [0, 10.5, 0],
			"scale": [0.5, 0.5, 0.5]
		},
		"fixed": {
			"translation": [0, -2, 0],
			"scale": [0.5, 0.5, 0.5]
		}
	},
	"groups": [
		{
			"name": "group",
			"origin": [19.55, 19.5, 8],
			"color": 0,
			"children": [0, 1, 2, 3, 4]
		}
	]
}