{
	"credit": "Made by LYIVX",
	"textures": {
		"particle": "block/oak_log",
		"Main": "block/stripped_oak_log"
	},
	"elements": [
		{
			"from": [11.775, 14, 0],
			"to": [17.075, 15, 11.05],
			"rotation": {"angle": 0, "axis": "y", "origin": [9, 9, 8.975]},
			"faces": {
				"north": {"uv": [0, 1, 5.3, 2], "texture": "#Main"},
				"east": {"uv": [4.95, 1, 16, 2], "texture": "#Main"},
				"south": {"uv": [10.7, 1, 16, 2], "texture": "#Main"},
				"west": {"uv": [0, 1, 11.05, 2], "texture": "#Main"},
				"up": {"uv": [0, 0, 11, 5.3], "rotation": 90, "texture": "#Main"},
				"down": {"uv": [4.95, 0, 16, 5.3], "rotation": 90, "texture": "#Main"}
			}
		},
		{
			"from": [11.775, 14, 11.05],
			"to": [17.075, 15, 17.05],
			"rotation": {"angle": 0, "axis": "y", "origin": [9, 9, 14.975]},
			"faces": {
				"north": {"uv": [0, 1, 5.3, 2], "texture": "#Main"},
				"east": {"uv": [0, 1, 6, 2], "texture": "#Main"},
				"south": {"uv": [10.7, 1, 16, 2], "texture": "#Main"},
				"west": {"uv": [11.05, 1, 16, 2], "texture": "#Main"},
				"up": {"uv": [4.7, 5, 10, 11], "texture": "#Main"},
				"down": {"uv": [4.7, 5, 10, 11], "texture": "#Main"}
			}
		},
		{
			"from": [0, 14, 11.75],
			"to": [11.775, 15, 17.05],
			"rotation": {"angle": 0, "axis": "y", "origin": [3.6, 9, 8.975]},
			"faces": {
				"north": {"uv": [5.2, 1, 16, 2], "texture": "#Main"},
				"east": {"uv": [0, 1, 5.3, 2], "texture": "#Main"},
				"south": {"uv": [0, 1, 10.675, 2], "texture": "#Main"},
				"west": {"uv": [10.7, 1, 16, 2], "texture": "#Main"},
				"up": {"uv": [0, 10.7, 10.675, 16], "texture": "#Main"},
				"down": {"uv": [0, 0, 11.775, 4.25], "texture": "#Main"}
			}
		},
		{
			"from": [0, 8.5, 6.25],
			"to": [11.575, 9.5, 11.55],
			"rotation": {"angle": 0, "axis": "y", "origin": [2.7, 9, 8.975]},
			"faces": {
				"north": {"uv": [4.425, 6.5, 16, 7.5], "texture": "#Main"},
				"east": {"uv": [4.45, 6.5, 9.75, 7.5], "texture": "#Main"},
				"south": {"uv": [0, 6.5, 11.575, 7.5], "texture": "#Main"},
				"west": {"uv": [6.25, 6.5, 11.55, 7.5], "texture": "#Main"},
				"up": {"uv": [0, 6.25, 11.575, 11.55], "texture": "#Main"},
				"down": {"uv": [0, 4.45, 11.575, 9.75], "texture": "#Main"}
			}
		},
		{
			"from": [1.025, 3, 0],
			"to": [6.325, 4, 2.975],
			"rotation": {"angle": 0, "axis": "y", "origin": [9, 9, 8.975]},
			"faces": {
				"north": {"uv": [9.675, 12, 14.975, 13], "texture": "#Main"},
				"east": {"uv": [13.025, 12, 16, 13], "texture": "#Main"},
				"south": {"uv": [1.025, 12, 6.325, 13], "texture": "#Main"},
				"west": {"uv": [0, 12, 6.3, 13], "texture": "#Main"},
				"up": {"uv": [0.025, 9.7, 3, 15], "rotation": 90, "texture": "#Main"},
				"down": {"uv": [13.025, 9.7, 16, 15], "rotation": 90, "texture": "#Main"}
			}
		},
		{
			"from": [1.025, 3, 2.975],
			"to": [6.325, 4, 6.3],
			"rotation": {"angle": 0, "axis": "y", "origin": [9, 9, 8.975]},
			"faces": {
				"north": {"uv": [9.675, 12, 14.975, 13], "texture": "#Main"},
				"east": {"uv": [9.7, 12, 16, 13], "texture": "#Main"},
				"south": {"uv": [1.025, 12, 6.325, 13], "texture": "#Main"},
				"west": {"uv": [0, 12, 6.3, 13], "texture": "#Main"},
				"up": {"uv": [1.025, 3.025, 6.325, 6.3], "texture": "#Main"},
				"down": {"uv": [1.025, 9.7, 6.325, 16], "texture": "#Main"}
			}
		},
		{
			"from": [0, 3, 1],
			"to": [1.025, 4, 6.3],
			"rotation": {"angle": 0, "axis": "y", "origin": [3.7, 9, 8.975]},
			"faces": {
				"north": {"uv": [14.95, 12, 16, 13], "texture": "#Main"},
				"east": {"uv": [9.7, 12, 15, 13], "texture": "#Main"},
				"south": {"uv": [0, 12, 1.05, 13], "texture": "#Main"},
				"west": {"uv": [1, 12, 6.3, 13], "texture": "#Main"},
				"up": {"uv": [0, 1, 0.975, 6.3], "texture": "#Main"},
				"down": {"uv": [0, 9.7, 1.025, 15], "texture": "#Main"}
			}
		},
		{
			"from": [6.275, 8.5, 0],
			"to": [11.575, 9.5, 6.25],
			"rotation": {"angle": 0, "axis": "y", "origin": [8.975, 9, -4.625]},
			"faces": {
				"north": {"uv": [4.425, 6.5, 9.725, 7.5], "texture": "#Main"},
				"east": {"uv": [9.75, 6.5, 16, 7.5], "texture": "#Main"},
				"south": {"uv": [6.275, 6.5, 11.575, 7.5], "texture": "#Main"},
				"west": {"uv": [0, 6.5, 6.25, 7.5], "texture": "#Main"},
				"up": {"uv": [0, 4.425, 6, 9.725], "rotation": 90, "texture": "#Main"},
				"down": {"uv": [10, 4.45, 16, 9.75], "rotation": 90, "texture": "#Main"}
			}
		}
	],
	"display": {
		"thirdperson_righthand": {
			"rotation": [75, 45, 0],
			"translation": [0, 2.5, 0],
			"scale": [0.375, 0.375, 0.375]
		},
		"thirdperson_lefthand": {
			"rotation": [75, 45, 0],
			"translation": [0, 2.5, 0],
			"scale": [0.375, 0.375, 0.375]
		},
		"firstperson_righthand": {
			"rotation": [0, 135, 0],
			"scale": [0.4, 0.4, 0.4]
		},
		"firstperson_lefthand": {
			"rotation": [0, 135, 0],
			"scale": [0.4, 0.4, 0.4]
		},
		"ground": {
			"translation": [0, 3, 0],
			"scale": [0.25, 0.25, 0.25]
		},
		"gui": {
			"rotation": [30, 225, 0],
			"translation": [0, -2.5, 0],
			"scale": [0.4, 0.4, 0.4]
		},
		"head": {
			"rotation": [-1, 0, 0],
			"translation": [0, 10.5, 0],
			"scale": [0.5, 0.5, 0.5]
		},
		"fixed": {
			"translation": [0, -2, 0],
			"scale": [0.5, 0.5, 0.5]
		}
	},
	"groups": [
		{
			"name": "group",
			"origin": [19.55, 19.5, 8],
			"color": 0,
			"children": [0, 1, 2, 3, 4, 5, 6, 7]
		}
	]
}