{
	"credit": "Made by LYIVX",
	"textures": {
		"particle": "block/oak_leaves",
		"texture": "block/oak_leaves"
	},
	"elements": [
		{
			"from": [5, 0, 5],
			"to": [11, 16, 11],
			"faces": {
				"north": {"uv": [5, 0, 11, 16], "texture": "#texture", "tintindex": 0},
				"east": {"uv": [5, 0, 11, 16], "texture": "#texture", "tintindex": 0},
				"south": {"uv": [5, 0, 11, 16], "texture": "#texture", "tintindex": 0},
				"west": {"uv": [5, 0, 11, 16], "texture": "#texture", "tintindex": 0},
				"up": {"uv": [5, 5, 11, 11], "texture": "#texture", "cullface": "up", "tintindex": 0},
				"down": {"uv": [5, 5, 11, 11], "texture": "#texture", "cullface": "down", "tintindex": 0}
			}
		},
		{
			"from": [2.68198, 0, 8.18198],
			"to": [13.68198, 17, 8.18198],
			"rotation": {"angle": -45, "axis": "y", "origin": [8.18198, 8.5, 8.18198]},
			"faces": {
				"north": {"uv": [0, 0, 11, 16], "texture": "#texture", "tintindex": 0},
				"east": {"uv": [7.81802, 0, 7.81802, 16], "texture": "#texture", "tintindex": 0},
				"south": {"uv": [2.68198, 0, 13.68198, 16], "texture": "#texture", "tintindex": 0},
				"west": {"uv": [8.18198, 0, 8.18198, 16], "texture": "#texture", "tintindex": 0},
				"up": {"uv": [2.68198, 8.18198, 13.68198, 8.18198], "texture": "#texture", "tintindex": 0},
				"down": {"uv": [2.68198, 7.81802, 13.68198, 7.81802], "texture": "#texture", "tintindex": 0}
			}
		},
		{
			"from": [2.68198, 0, 8.18198],
			"to": [13.68198, 17, 8.18198],
			"rotation": {"angle": 45, "axis": "y", "origin": [8.18198, 8.5, 8.18198]},
			"faces": {
				"north": {"uv": [5, 0, 16, 16], "texture": "#texture", "tintindex": 0},
				"east": {"uv": [7.81802, 0, 7.81802, 16], "texture": "#texture", "tintindex": 0},
				"south": {"uv": [2.68198, 0, 13.68198, 16], "texture": "#texture", "tintindex": 0},
				"west": {"uv": [8.18198, 0, 8.18198, 16], "texture": "#texture", "tintindex": 0},
				"up": {"uv": [2.68198, 8.18198, 13.68198, 8.18198], "texture": "#texture", "tintindex": 0},
				"down": {"uv": [2.68198, 7.81802, 13.68198, 7.81802], "texture": "#texture", "tintindex": 0}
			}
		}
	]
}