{
	"credit": "Made by LYIVX",
	"textures": {
		"Frame": "ls_furniture:blocks/anvil_flat",
		"Screen": "ls_furniture:blocks/wool_black",
		"particle": "ls_furniture:blocks/rgb_lights",
		"RGB": "ls_furniture:blocks/rgb_lights"
	},
	"elements": [
		{
			"from": [2, 0, 9],
			"to": [14, 1, 13],
			"faces": {
				"north": {"uv": [2, 15, 14, 16], "texture": "#Frame"},
				"east": {"uv": [3, 15, 7, 16], "texture": "#Frame"},
				"south": {"uv": [2, 15, 14, 16], "texture": "#Frame"},
				"west": {"uv": [9, 15, 13, 16], "texture": "#Frame"},
				"up": {"uv": [2, 9, 14, 13], "texture": "#Frame"},
				"down": {"uv": [2, 3, 14, 7], "texture": "#Frame"}
			}
		},
		{
			"from": [5, 0, 3],
			"to": [14, 1, 7],
			"faces": {
				"north": {"uv": [2, 15, 11, 16], "texture": "#Frame"},
				"east": {"uv": [9, 15, 13, 16], "texture": "#Frame"},
				"south": {"uv": [5, 15, 14, 16], "texture": "#Frame"},
				"west": {"uv": [3, 15, 7, 16], "texture": "#Frame"},
				"up": {"uv": [5, 3, 14, 7], "texture": "#Frame"},
				"down": {"uv": [5, 9, 14, 13], "texture": "#Frame"}
			}
		},
		{
			"from": [5.05, 1, 3.05],
			"to": [13.95, 1.1, 6.95],
			"faces": {
				"north": {"uv": [2.05, 14.9, 10.95, 15], "texture": "#RGB"},
				"east": {"uv": [9.05, 14.9, 12.95, 15], "texture": "#RGB"},
				"south": {"uv": [5.05, 14.9, 13.95, 15], "texture": "#RGB"},
				"west": {"uv": [3.05, 14.9, 6.95, 15], "texture": "#RGB"},
				"up": {"uv": [5.05, 3.05, 13.95, 6.95], "texture": "#RGB"},
				"down": {"uv": [5.05, 9.05, 13.95, 12.95], "texture": "#RGB"}
			}
		},
		{
			"from": [2.05, 1, 4.85],
			"to": [3.95, 1.1, 6.95],
			"rotation": {"angle": 0, "axis": "y", "origin": [-3, 0, 0]},
			"faces": {
				"north": {"uv": [12.05, 14.9, 13.95, 15], "texture": "#RGB"},
				"east": {"uv": [9.05, 14.9, 11.15, 15], "texture": "#RGB"},
				"south": {"uv": [2.05, 14.9, 3.95, 15], "texture": "#RGB"},
				"west": {"uv": [4.85, 14.9, 6.95, 15], "texture": "#RGB"},
				"up": {"uv": [2.05, 4.85, 3.95, 6.95], "texture": "#RGB"},
				"down": {"uv": [2.05, 9.05, 3.95, 11.15], "texture": "#RGB"}
			}
		},
		{
			"from": [2, 0, 3],
			"to": [4, 1, 7],
			"faces": {
				"north": {"uv": [12, 15, 14, 16], "texture": "#Frame"},
				"east": {"uv": [9, 15, 13, 16], "texture": "#Frame"},
				"south": {"uv": [2, 15, 4, 16], "texture": "#Frame"},
				"west": {"uv": [3, 15, 7, 16], "texture": "#Frame"},
				"up": {"uv": [2, 3, 4, 7], "texture": "#Frame"},
				"down": {"uv": [2, 9, 4, 13], "texture": "#Frame"}
			}
		},
		{
			"from": [3.1, 0.2, 4.9],
			"to": [3.9, 1.2, 6.9],
			"faces": {
				"north": {"uv": [12.1, 14.8, 12.9, 15.8], "texture": "#Frame"},
				"east": {"uv": [9.1, 14.8, 11.1, 15.8], "texture": "#Frame"},
				"south": {"uv": [3.1, 14.8, 3.9, 15.8], "texture": "#Frame"},
				"west": {"uv": [4.9, 14.8, 6.9, 15.8], "texture": "#Frame"},
				"up": {"uv": [3.1, 4.9, 3.9, 6.9], "texture": "#Frame"},
				"down": {"uv": [3.1, 9.1, 3.9, 11.1], "texture": "#Frame"}
			}
		},
		{
			"from": [7.1, 0.2, 3.1],
			"to": [7.9, 1.2, 3.9],
			"faces": {
				"north": {"uv": [8.1, 14.8, 8.9, 15.8], "texture": "#Frame"},
				"east": {"uv": [12.1, 14.8, 12.9, 15.8], "texture": "#Frame"},
				"south": {"uv": [7.1, 14.8, 7.9, 15.8], "texture": "#Frame"},
				"west": {"uv": [3.1, 14.8, 3.9, 15.8], "texture": "#Frame"},
				"up": {"uv": [7.1, 3.1, 7.9, 3.9], "texture": "#Frame"},
				"down": {"uv": [7.1, 12.1, 7.9, 12.9], "texture": "#Frame"}
			}
		},
		{
			"from": [13.1, 0.2, 6.1],
			"to": [13.9, 1.2, 6.9],
			"faces": {
				"north": {"uv": [8.1, 14.8, 8.9, 15.8], "texture": "#Frame"},
				"east": {"uv": [9.1, 14.8, 9.9, 15.8], "texture": "#Frame"},
				"south": {"uv": [13.1, 14.8, 13.9, 15.8], "texture": "#Frame"},
				"west": {"uv": [6.1, 14.8, 6.9, 15.8], "texture": "#Frame"},
				"up": {"uv": [13.1, 6.1, 13.9, 6.9], "texture": "#Frame"},
				"down": {"uv": [13.1, 9.1, 13.9, 9.9], "texture": "#Frame"}
			}
		},
		{
			"from": [12.1, 0.2, 6.1],
			"to": [12.9, 1.2, 6.9],
			"faces": {
				"north": {"uv": [8.1, 14.8, 8.9, 15.8], "texture": "#Frame"},
				"east": {"uv": [9.1, 14.8, 9.9, 15.8], "texture": "#Frame"},
				"south": {"uv": [12.1, 14.8, 12.9, 15.8], "texture": "#Frame"},
				"west": {"uv": [6.1, 14.8, 6.9, 15.8], "texture": "#Frame"},
				"up": {"uv": [12.1, 6.1, 12.9, 6.9], "texture": "#Frame"},
				"down": {"uv": [12.1, 9.1, 12.9, 9.9], "texture": "#Frame"}
			}
		},
		{
			"from": [11.1, 0.2, 6.1],
			"to": [11.9, 1.2, 6.9],
			"faces": {
				"north": {"uv": [8.1, 14.8, 8.9, 15.8], "texture": "#Frame"},
				"east": {"uv": [9.1, 14.8, 9.9, 15.8], "texture": "#Frame"},
				"south": {"uv": [11.1, 14.8, 11.9, 15.8], "texture": "#Frame"},
				"west": {"uv": [6.1, 14.8, 6.9, 15.8], "texture": "#Frame"},
				"up": {"uv": [11.1, 6.1, 11.9, 6.9], "texture": "#Frame"},
				"down": {"uv": [11.1, 9.1, 11.9, 9.9], "texture": "#Frame"}
			}
		},
		{
			"from": [10.1, 0.2, 6.1],
			"to": [10.9, 1.2, 6.9],
			"faces": {
				"north": {"uv": [8.1, 14.8, 8.9, 15.8], "texture": "#Frame"},
				"east": {"uv": [9.1, 14.8, 9.9, 15.8], "texture": "#Frame"},
				"south": {"uv": [10.1, 14.8, 10.9, 15.8], "texture": "#Frame"},
				"west": {"uv": [6.1, 14.8, 6.9, 15.8], "texture": "#Frame"},
				"up": {"uv": [10.1, 6.1, 10.9, 6.9], "texture": "#Frame"},
				"down": {"uv": [10.1, 9.1, 10.9, 9.9], "texture": "#Frame"}
			}
		},
		{
			"from": [9.1, 0.2, 6.1],
			"to": [9.9, 1.2, 6.9],
			"faces": {
				"north": {"uv": [8.1, 14.8, 8.9, 15.8], "texture": "#Frame"},
				"east": {"uv": [9.1, 14.8, 9.9, 15.8], "texture": "#Frame"},
				"south": {"uv": [9.1, 14.8, 9.9, 15.8], "texture": "#Frame"},
				"west": {"uv": [6.1, 14.8, 6.9, 15.8], "texture": "#Frame"},
				"up": {"uv": [9.1, 6.1, 9.9, 6.9], "texture": "#Frame"},
				"down": {"uv": [9.1, 9.1, 9.9, 9.9], "texture": "#Frame"}
			}
		},
		{
			"from": [8.1, 0.2, 6.1],
			"to": [8.9, 1.2, 6.9],
			"faces": {
				"north": {"uv": [8.1, 14.8, 8.9, 15.8], "texture": "#Frame"},
				"east": {"uv": [9.1, 14.8, 9.9, 15.8], "texture": "#Frame"},
				"south": {"uv": [8.1, 14.8, 8.9, 15.8], "texture": "#Frame"},
				"west": {"uv": [6.1, 14.8, 6.9, 15.8], "texture": "#Frame"},
				"up": {"uv": [8.1, 6.1, 8.9, 6.9], "texture": "#Frame"},
				"down": {"uv": [8.1, 9.1, 8.9, 9.9], "texture": "#Frame"}
			}
		},
		{
			"from": [8.1, 0.2, 5.1],
			"to": [8.9, 1.2, 5.9],
			"faces": {
				"north": {"uv": [8.1, 14.8, 8.9, 15.8], "texture": "#Frame"},
				"east": {"uv": [10.1, 14.8, 10.9, 15.8], "texture": "#Frame"},
				"south": {"uv": [8.1, 14.8, 8.9, 15.8], "texture": "#Frame"},
				"west": {"uv": [5.1, 14.8, 5.9, 15.8], "texture": "#Frame"},
				"up": {"uv": [8.1, 5.1, 8.9, 5.9], "texture": "#Frame"},
				"down": {"uv": [8.1, 10.1, 8.9, 10.9], "texture": "#Frame"}
			}
		},
		{
			"from": [7.1, 0.2, 5.1],
			"to": [7.9, 1.2, 5.9],
			"faces": {
				"north": {"uv": [8.1, 14.8, 8.9, 15.8], "texture": "#Frame"},
				"east": {"uv": [10.1, 14.8, 10.9, 15.8], "texture": "#Frame"},
				"south": {"uv": [7.1, 14.8, 7.9, 15.8], "texture": "#Frame"},
				"west": {"uv": [5.1, 14.8, 5.9, 15.8], "texture": "#Frame"},
				"up": {"uv": [7.1, 5.1, 7.9, 5.9], "texture": "#Frame"},
				"down": {"uv": [7.1, 10.1, 7.9, 10.9], "texture": "#Frame"}
			}
		},
		{
			"from": [6.1, 0.2, 5.1],
			"to": [6.9, 1.2, 5.9],
			"faces": {
				"north": {"uv": [8.1, 14.8, 8.9, 15.8], "texture": "#Frame"},
				"east": {"uv": [10.1, 14.8, 10.9, 15.8], "texture": "#Frame"},
				"south": {"uv": [6.1, 14.8, 6.9, 15.8], "texture": "#Frame"},
				"west": {"uv": [5.1, 14.8, 5.9, 15.8], "texture": "#Frame"},
				"up": {"uv": [6.1, 5.1, 6.9, 5.9], "texture": "#Frame"},
				"down": {"uv": [6.1, 10.1, 6.9, 10.9], "texture": "#Frame"}
			}
		},
		{
			"from": [5.1, 0.2, 5.1],
			"to": [5.9, 1.2, 5.9],
			"faces": {
				"north": {"uv": [8.1, 14.8, 8.9, 15.8], "texture": "#Frame"},
				"east": {"uv": [10.1, 14.8, 10.9, 15.8], "texture": "#Frame"},
				"south": {"uv": [5.1, 14.8, 5.9, 15.8], "texture": "#Frame"},
				"west": {"uv": [5.1, 14.8, 5.9, 15.8], "texture": "#Frame"},
				"up": {"uv": [5.1, 5.1, 5.9, 5.9], "texture": "#Frame"},
				"down": {"uv": [5.1, 10.1, 5.9, 10.9], "texture": "#Frame"}
			}
		},
		{
			"from": [5.1, 0.2, 6.1],
			"to": [5.9, 1.2, 6.9],
			"faces": {
				"north": {"uv": [8.1, 14.8, 8.9, 15.8], "texture": "#Frame"},
				"east": {"uv": [9.1, 14.8, 9.9, 15.8], "texture": "#Frame"},
				"south": {"uv": [5.1, 14.8, 5.9, 15.8], "texture": "#Frame"},
				"west": {"uv": [6.1, 14.8, 6.9, 15.8], "texture": "#Frame"},
				"up": {"uv": [5.1, 6.1, 5.9, 6.9], "texture": "#Frame"},
				"down": {"uv": [5.1, 9.1, 5.9, 9.9], "texture": "#Frame"}
			}
		},
		{
			"from": [6.1, 0.2, 6.1],
			"to": [6.9, 1.2, 6.9],
			"faces": {
				"north": {"uv": [8.1, 14.8, 8.9, 15.8], "texture": "#Frame"},
				"east": {"uv": [9.1, 14.8, 9.9, 15.8], "texture": "#Frame"},
				"south": {"uv": [6.1, 14.8, 6.9, 15.8], "texture": "#Frame"},
				"west": {"uv": [6.1, 14.8, 6.9, 15.8], "texture": "#Frame"},
				"up": {"uv": [6.1, 6.1, 6.9, 6.9], "texture": "#Frame"},
				"down": {"uv": [6.1, 9.1, 6.9, 9.9], "texture": "#Frame"}
			}
		},
		{
			"from": [7.1, 0.2, 6.1],
			"to": [7.9, 1.2, 6.9],
			"faces": {
				"north": {"uv": [8.1, 14.8, 8.9, 15.8], "texture": "#Frame"},
				"east": {"uv": [9.1, 14.8, 9.9, 15.8], "texture": "#Frame"},
				"south": {"uv": [7.1, 14.8, 7.9, 15.8], "texture": "#Frame"},
				"west": {"uv": [6.1, 14.8, 6.9, 15.8], "texture": "#Frame"},
				"up": {"uv": [7.1, 6.1, 7.9, 6.9], "texture": "#Frame"},
				"down": {"uv": [7.1, 9.1, 7.9, 9.9], "texture": "#Frame"}
			}
		},
		{
			"from": [8.1, 0.2, 4.1],
			"to": [9.9, 1.2, 4.9],
			"faces": {
				"north": {"uv": [8.1, 14.8, 8.9, 15.8], "texture": "#Frame"},
				"east": {"uv": [11.1, 14.8, 11.9, 15.8], "texture": "#Frame"},
				"south": {"uv": [8.1, 14.8, 9.9, 15.8], "texture": "#Frame"},
				"west": {"uv": [4.1, 14.8, 4.9, 15.8], "texture": "#Frame"},
				"up": {"uv": [8.1, 4.1, 9.9, 4.9], "texture": "#Frame"},
				"down": {"uv": [8.1, 11.1, 9.9, 11.9], "texture": "#Frame"}
			}
		},
		{
			"from": [8.1, 0.2, 3.1],
			"to": [8.9, 1.2, 3.9],
			"faces": {
				"north": {"uv": [8.1, 14.8, 8.9, 15.8], "texture": "#Frame"},
				"east": {"uv": [12.1, 14.8, 12.9, 15.8], "texture": "#Frame"},
				"south": {"uv": [8.1, 14.8, 8.9, 15.8], "texture": "#Frame"},
				"west": {"uv": [3.1, 14.8, 3.9, 15.8], "texture": "#Frame"},
				"up": {"uv": [8.1, 3.1, 8.9, 3.9], "texture": "#Frame"},
				"down": {"uv": [8.1, 12.1, 8.9, 12.9], "texture": "#Frame"}
			}
		},
		{
			"from": [9.1, 0.2, 3.1],
			"to": [9.9, 1.2, 3.9],
			"faces": {
				"north": {"uv": [8.1, 14.8, 8.9, 15.8], "texture": "#Frame"},
				"east": {"uv": [12.1, 14.8, 12.9, 15.8], "texture": "#Frame"},
				"south": {"uv": [9.1, 14.8, 9.9, 15.8], "texture": "#Frame"},
				"west": {"uv": [3.1, 14.8, 3.9, 15.8], "texture": "#Frame"},
				"up": {"uv": [9.1, 3.1, 9.9, 3.9], "texture": "#Frame"},
				"down": {"uv": [9.1, 12.1, 9.9, 12.9], "texture": "#Frame"}
			}
		},
		{
			"from": [10.1, 0.2, 3.1],
			"to": [12.9, 1.2, 3.9],
			"faces": {
				"north": {"uv": [3.1, 14.8, 5.9, 15.8], "texture": "#Frame"},
				"east": {"uv": [12.1, 14.8, 12.9, 15.8], "texture": "#Frame"},
				"south": {"uv": [10.1, 14.8, 12.9, 15.8], "texture": "#Frame"},
				"west": {"uv": [3.1, 14.8, 3.9, 15.8], "texture": "#Frame"},
				"up": {"uv": [10.1, 3.1, 12.9, 3.9], "texture": "#Frame"},
				"down": {"uv": [10.1, 12.1, 12.9, 12.9], "texture": "#Frame"}
			}
		},
		{
			"from": [13.1, 0.2, 3.1],
			"to": [13.9, 1.2, 3.9],
			"faces": {
				"north": {"uv": [8.1, 14.8, 8.9, 15.8], "texture": "#Frame"},
				"east": {"uv": [12.1, 14.8, 12.9, 15.8], "texture": "#Frame"},
				"south": {"uv": [13.1, 14.8, 13.9, 15.8], "texture": "#Frame"},
				"west": {"uv": [3.1, 14.8, 3.9, 15.8], "texture": "#Frame"},
				"up": {"uv": [13.1, 3.1, 13.9, 3.9], "texture": "#Frame"},
				"down": {"uv": [13.1, 12.1, 13.9, 12.9], "texture": "#Frame"}
			}
		},
		{
			"from": [13.1, 0.2, 4.1],
			"to": [13.9, 1.2, 4.9],
			"faces": {
				"north": {"uv": [8.1, 14.8, 8.9, 15.8], "texture": "#Frame"},
				"east": {"uv": [11.1, 14.8, 11.9, 15.8], "texture": "#Frame"},
				"south": {"uv": [13.1, 14.8, 13.9, 15.8], "texture": "#Frame"},
				"west": {"uv": [4.1, 14.8, 4.9, 15.8], "texture": "#Frame"},
				"up": {"uv": [13.1, 4.1, 13.9, 4.9], "texture": "#Frame"},
				"down": {"uv": [13.1, 11.1, 13.9, 11.9], "texture": "#Frame"}
			}
		},
		{
			"from": [13.1, 0.2, 5.1],
			"to": [13.9, 1.2, 5.9],
			"faces": {
				"north": {"uv": [8.1, 14.8, 8.9, 15.8], "texture": "#Frame"},
				"east": {"uv": [10.1, 14.8, 10.9, 15.8], "texture": "#Frame"},
				"south": {"uv": [13.1, 14.8, 13.9, 15.8], "texture": "#Frame"},
				"west": {"uv": [5.1, 14.8, 5.9, 15.8], "texture": "#Frame"},
				"up": {"uv": [13.1, 5.1, 13.9, 5.9], "texture": "#Frame"},
				"down": {"uv": [13.1, 10.1, 13.9, 10.9], "texture": "#Frame"}
			}
		},
		{
			"from": [12.1, 0.2, 5.1],
			"to": [12.9, 1.2, 5.9],
			"faces": {
				"north": {"uv": [8.1, 14.8, 8.9, 15.8], "texture": "#Frame"},
				"east": {"uv": [10.1, 14.8, 10.9, 15.8], "texture": "#Frame"},
				"south": {"uv": [12.1, 14.8, 12.9, 15.8], "texture": "#Frame"},
				"west": {"uv": [5.1, 14.8, 5.9, 15.8], "texture": "#Frame"},
				"up": {"uv": [12.1, 5.1, 12.9, 5.9], "texture": "#Frame"},
				"down": {"uv": [12.1, 10.1, 12.9, 10.9], "texture": "#Frame"}
			}
		},
		{
			"from": [11.1, 0.2, 5.1],
			"to": [11.9, 1.2, 5.9],
			"faces": {
				"north": {"uv": [8.1, 14.8, 8.9, 15.8], "texture": "#Frame"},
				"east": {"uv": [10.1, 14.8, 10.9, 15.8], "texture": "#Frame"},
				"south": {"uv": [11.1, 14.8, 11.9, 15.8], "texture": "#Frame"},
				"west": {"uv": [5.1, 14.8, 5.9, 15.8], "texture": "#Frame"},
				"up": {"uv": [11.1, 5.1, 11.9, 5.9], "texture": "#Frame"},
				"down": {"uv": [11.1, 10.1, 11.9, 10.9], "texture": "#Frame"}
			}
		},
		{
			"from": [10.1, 0.2, 5.1],
			"to": [10.9, 1.2, 5.9],
			"faces": {
				"north": {"uv": [8.1, 14.8, 8.9, 15.8], "texture": "#Frame"},
				"east": {"uv": [10.1, 14.8, 10.9, 15.8], "texture": "#Frame"},
				"south": {"uv": [10.1, 14.8, 10.9, 15.8], "texture": "#Frame"},
				"west": {"uv": [5.1, 14.8, 5.9, 15.8], "texture": "#Frame"},
				"up": {"uv": [10.1, 5.1, 10.9, 5.9], "texture": "#Frame"},
				"down": {"uv": [10.1, 10.1, 10.9, 10.9], "texture": "#Frame"}
			}
		},
		{
			"from": [10.1, 0.2, 4.1],
			"to": [10.9, 1.2, 4.9],
			"faces": {
				"north": {"uv": [8.1, 14.8, 8.9, 15.8], "texture": "#Frame"},
				"east": {"uv": [11.1, 14.8, 11.9, 15.8], "texture": "#Frame"},
				"south": {"uv": [10.1, 14.8, 10.9, 15.8], "texture": "#Frame"},
				"west": {"uv": [4.1, 14.8, 4.9, 15.8], "texture": "#Frame"},
				"up": {"uv": [10.1, 4.1, 10.9, 4.9], "texture": "#Frame"},
				"down": {"uv": [10.1, 11.1, 10.9, 11.9], "texture": "#Frame"}
			}
		},
		{
			"from": [11.1, 0.2, 4.1],
			"to": [11.9, 1.2, 4.9],
			"faces": {
				"north": {"uv": [8.1, 14.8, 8.9, 15.8], "texture": "#Frame"},
				"east": {"uv": [11.1, 14.8, 11.9, 15.8], "texture": "#Frame"},
				"south": {"uv": [11.1, 14.8, 11.9, 15.8], "texture": "#Frame"},
				"west": {"uv": [4.1, 14.8, 4.9, 15.8], "texture": "#Frame"},
				"up": {"uv": [11.1, 4.1, 11.9, 4.9], "texture": "#Frame"},
				"down": {"uv": [11.1, 11.1, 11.9, 11.9], "texture": "#Frame"}
			}
		},
		{
			"from": [12.1, 0.2, 4.1],
			"to": [12.9, 1.2, 4.9],
			"faces": {
				"north": {"uv": [8.1, 14.8, 8.9, 15.8], "texture": "#Frame"},
				"east": {"uv": [11.1, 14.8, 11.9, 15.8], "texture": "#Frame"},
				"south": {"uv": [12.1, 14.8, 12.9, 15.8], "texture": "#Frame"},
				"west": {"uv": [4.1, 14.8, 4.9, 15.8], "texture": "#Frame"},
				"up": {"uv": [12.1, 4.1, 12.9, 4.9], "texture": "#Frame"},
				"down": {"uv": [12.1, 11.1, 12.9, 11.9], "texture": "#Frame"}
			}
		},
		{
			"from": [9.1, 0.2, 5.1],
			"to": [9.9, 1.2, 5.9],
			"faces": {
				"north": {"uv": [8.1, 14.8, 8.9, 15.8], "texture": "#Frame"},
				"east": {"uv": [10.1, 14.8, 10.9, 15.8], "texture": "#Frame"},
				"south": {"uv": [9.1, 14.8, 9.9, 15.8], "texture": "#Frame"},
				"west": {"uv": [5.1, 14.8, 5.9, 15.8], "texture": "#Frame"},
				"up": {"uv": [9.1, 5.1, 9.9, 5.9], "texture": "#Frame"},
				"down": {"uv": [9.1, 10.1, 9.9, 10.9], "texture": "#Frame"}
			}
		},
		{
			"from": [6.1, 0.2, 3.1],
			"to": [6.9, 1.2, 3.9],
			"faces": {
				"north": {"uv": [9.1, 14.8, 9.9, 15.8], "texture": "#Frame"},
				"east": {"uv": [12.1, 14.8, 12.9, 15.8], "texture": "#Frame"},
				"south": {"uv": [6.1, 14.8, 6.9, 15.8], "texture": "#Frame"},
				"west": {"uv": [3.1, 14.8, 3.9, 15.8], "texture": "#Frame"},
				"up": {"uv": [6.1, 3.1, 6.9, 3.9], "texture": "#Frame"},
				"down": {"uv": [6.1, 12.1, 6.9, 12.9], "texture": "#Frame"}
			}
		},
		{
			"from": [5.1, 0.2, 3.1],
			"to": [5.9, 1.2, 3.9],
			"faces": {
				"north": {"uv": [10.1, 14.8, 10.9, 15.8], "texture": "#Frame"},
				"east": {"uv": [12.1, 14.8, 12.9, 15.8], "texture": "#Frame"},
				"south": {"uv": [5.1, 14.8, 5.9, 15.8], "texture": "#Frame"},
				"west": {"uv": [3.1, 14.8, 3.9, 15.8], "texture": "#Frame"},
				"up": {"uv": [5.1, 3.1, 5.9, 3.9], "texture": "#Frame"},
				"down": {"uv": [5.1, 12.1, 5.9, 12.9], "texture": "#Frame"}
			}
		},
		{
			"from": [6.1, 0.2, 4.1],
			"to": [6.9, 1.2, 4.9],
			"faces": {
				"north": {"uv": [9.1, 14.8, 9.9, 15.8], "texture": "#Frame"},
				"east": {"uv": [11.1, 14.8, 11.9, 15.8], "texture": "#Frame"},
				"south": {"uv": [6.1, 14.8, 6.9, 15.8], "texture": "#Frame"},
				"west": {"uv": [4.1, 14.8, 4.9, 15.8], "texture": "#Frame"},
				"up": {"uv": [6.1, 4.1, 6.9, 4.9], "texture": "#Frame"},
				"down": {"uv": [6.1, 11.1, 6.9, 11.9], "texture": "#Frame"}
			}
		},
		{
			"from": [2.1, 0.2, 4.9],
			"to": [2.9, 1.2, 6.9],
			"faces": {
				"north": {"uv": [13.1, 14.8, 13.9, 15.8], "texture": "#Frame"},
				"east": {"uv": [9.1, 14.8, 11.1, 15.8], "texture": "#Frame"},
				"south": {"uv": [2.1, 14.8, 2.9, 15.8], "texture": "#Frame"},
				"west": {"uv": [4.9, 14.8, 6.9, 15.8], "texture": "#Frame"},
				"up": {"uv": [2.1, 4.9, 2.9, 6.9], "texture": "#Frame"},
				"down": {"uv": [2.1, 9.1, 2.9, 11.1], "texture": "#Frame"}
			}
		},
		{
			"from": [7, 1, 11],
			"to": [9, 3, 13],
			"faces": {
				"north": {"uv": [7, 13, 9, 15], "texture": "#Frame"},
				"east": {"uv": [3, 13, 5, 15], "texture": "#Frame"},
				"south": {"uv": [7, 13, 9, 15], "texture": "#Frame"},
				"west": {"uv": [11, 13, 13, 15], "texture": "#Frame"},
				"up": {"uv": [7, 11, 9, 13], "texture": "#Frame"},
				"down": {"uv": [7, 3, 9, 5], "texture": "#Frame"}
			}
		},
		{
			"from": [0, 3, 11],
			"to": [16, 13, 13],
			"faces": {
				"north": {"uv": [0, 3, 16, 13], "texture": "#Frame"},
				"east": {"uv": [3, 3, 5, 13], "texture": "#Frame"},
				"south": {"uv": [0, 3, 16, 13], "texture": "#Frame"},
				"west": {"uv": [11, 3, 13, 13], "texture": "#Frame"},
				"up": {"uv": [0, 11, 16, 13], "texture": "#Frame"},
				"down": {"uv": [0, 3, 16, 5], "texture": "#Frame"}
			}
		},
		{
			"from": [0.5, 3.5, 10.99],
			"to": [15.5, 12.5, 11.89],
			"faces": {
				"north": {"uv": [0, 0, 16, 16], "texture": "#Screen"},
				"east": {"uv": [0, 2, 2, 12], "texture": "#Screen"},
				"south": {"uv": [0, 2, 16, 12], "texture": "#Screen"},
				"west": {"uv": [14, 2, 16, 12], "texture": "#Screen"},
				"up": {"uv": [16, 2, 0, 0], "texture": "#Screen"},
				"down": {"uv": [34, 0, 18, 2], "texture": "#Screen"}
			}
		}
	],
	"display": {
		"thirdperson_righthand": {
			"rotation": [75, 45, 0],
			"translation": [0, 2.5, 0],
			"scale": [0.375, 0.375, 0.375]
		},
		"thirdperson_lefthand": {
			"rotation": [75, 45, 0],
			"translation": [0, 2.5, 0],
			"scale": [0.375, 0.375, 0.375]
		},
		"firstperson_righthand": {
			"rotation": [0, 135, 0],
			"scale": [0.4, 0.4, 0.4]
		},
		"firstperson_lefthand": {
			"rotation": [0, 135, 0],
			"scale": [0.4, 0.4, 0.4]
		},
		"ground": {
			"translation": [0, 3, 0],
			"scale": [0.25, 0.25, 0.25]
		},
		"gui": {
			"rotation": [30, 225, 0],
			"translation": [0.5, 0.75, 0],
			"scale": [0.775, 0.775, 0.775]
		},
		"head": {
			"translation": [0, 14.5, 0]
		},
		"fixed": {
			"translation": [0, 0, -0.75],
			"scale": [0.5, 0.5, 0.5]
		}
	}
}