{
	"credit": "Made by LYIVX",
	"textures": {
		"Main": "block/stripped_oak_log",
		"Secondary": "block/oak_log",
		"particle": "block/red_wool"
	},
	"elements": [
		{
			"name": "Head Rest T",
			"from": [0.001, 14.65551, 26.67558],
			"to": [15.999, 19.28051, 29.67558],
			"rotation": {"angle": 22.5, "axis": "x", "origin": [8, 6.48494, 16.13539]},
			"faces": {
				"north": {"uv": [0.025, 0, 15.975, 6.625], "texture": "#Main", "cullface": "up"},
				"east": {"uv": [0, 0, 3, 6.625], "texture": "#Main"},
				"south": {"uv": [0.025, 0, 15.975, 6.625], "texture": "#Main", "cullface": "south"},
				"west": {"uv": [13, 0, 16, 6.625], "texture": "#Main"},
				"up": {"uv": [0.025, 13, 15.975, 16], "texture": "#Main"},
				"down": {"uv": [0, 0, 0, 0], "texture": "#Main"}
			}
		},
		{
			"name": "Head Rest B",
			"from": [0, 2, 29],
			"to": [16, 10, 32],
			"rotation": {"angle": 0, "axis": "y", "origin": [8, 6.48494, 16.13539]},
			"faces": {
				"north": {"uv": [0, 6, 16, 14], "texture": "#Main"},
				"east": {"uv": [0, 6, 3, 14], "texture": "#Main", "cullface": "east"},
				"south": {"uv": [0, 6, 16, 14], "texture": "#Main", "cullface": "south"},
				"west": {"uv": [13, 6, 16, 14], "texture": "#Main", "cullface": "west"},
				"up": {"uv": [0, 13, 16, 16], "texture": "#Main"},
				"down": {"uv": [0, 0, 16, 3], "texture": "#Main"}
			}
		},
		{
			"name": "Base T",
			"from": [0, 2, 16],
			"to": [16, 6, 29],
			"rotation": {"angle": 0, "axis": "y", "origin": [8, 6.48494, 16.13539]},
			"faces": {
				"north": {"uv": [0, 10, 16, 14], "texture": "#Main", "cullface": "north"},
				"east": {"uv": [3, 10, 16, 14], "texture": "#Main"},
				"south": {"uv": [0, 0, 0, 0], "texture": "#Main"},
				"west": {"uv": [0, 10, 13, 14], "texture": "#Main"},
				"up": {"uv": [0, 0, 16, 13], "texture": "#Main"},
				"down": {"uv": [0, 3, 16, 16], "texture": "#Main"}
			}
		},
		{
			"name": "Base B",
			"from": [0, 2, 0],
			"to": [16, 6, 16],
			"rotation": {"angle": 0, "axis": "y", "origin": [8, 6.48494, 16.13539]},
			"faces": {
				"north": {"uv": [0, 10, 16, 14], "texture": "#Main", "cullface": "north"},
				"east": {"uv": [0, 10, 16, 14], "texture": "#Main"},
				"south": {"uv": [0, 0, 0, 0], "texture": "#Main"},
				"west": {"uv": [0, 10, 16, 14], "texture": "#Main"},
				"up": {"uv": [0, 0, 16, 16], "texture": "#Main"},
				"down": {"uv": [0, 0, 16, 16], "texture": "#Main"}
			}
		},
		{
			"name": "1",
			"from": [14, 0, 0],
			"to": [16, 2, 2],
			"rotation": {"angle": 0, "axis": "y", "origin": [8, 6.48494, 16.13539]},
			"faces": {
				"north": {"uv": [0, 14, 2, 16], "texture": "#Secondary", "cullface": "north"},
				"east": {"uv": [14, 14, 16, 16], "texture": "#Secondary", "cullface": "east"},
				"south": {"uv": [14, 14, 16, 16], "texture": "#Secondary"},
				"west": {"uv": [0, 14, 2, 16], "texture": "#Secondary"},
				"up": {"uv": [14, 0, 16, 2], "texture": "#Secondary"},
				"down": {"uv": [14, 14, 16, 16], "texture": "#Secondary", "cullface": "down"}
			}
		},
		{
			"name": "2",
			"from": [14, 0, 30],
			"to": [16, 2, 32],
			"rotation": {"angle": 0, "axis": "y", "origin": [8, 6.48494, 16.13539]},
			"faces": {
				"north": {"uv": [0, 14, 2, 16], "texture": "#Secondary"},
				"east": {"uv": [0, 14, 2, 16], "texture": "#Secondary", "cullface": "east"},
				"south": {"uv": [14, 14, 16, 16], "texture": "#Secondary", "cullface": "south"},
				"west": {"uv": [14, 14, 16, 16], "texture": "#Secondary"},
				"up": {"uv": [14, 14, 16, 16], "texture": "#Secondary"},
				"down": {"uv": [14, 0, 16, 2], "texture": "#Secondary", "cullface": "down"}
			}
		},
		{
			"name": "3",
			"from": [0, 0, 30],
			"to": [2, 2, 32],
			"rotation": {"angle": 0, "axis": "y", "origin": [8, 6.48494, 16.13539]},
			"faces": {
				"north": {"uv": [14, 14, 16, 16], "texture": "#Secondary"},
				"east": {"uv": [0, 14, 2, 16], "texture": "#Secondary"},
				"south": {"uv": [0, 14, 2, 16], "texture": "#Secondary", "cullface": "south"},
				"west": {"uv": [14, 14, 16, 16], "texture": "#Secondary", "cullface": "west"},
				"up": {"uv": [0, 14, 2, 16], "texture": "#Secondary"},
				"down": {"uv": [0, 0, 2, 2], "texture": "#Secondary", "cullface": "down"}
			}
		},
		{
			"name": "4",
			"from": [0, 0, 0],
			"to": [2, 2, 2],
			"rotation": {"angle": 0, "axis": "y", "origin": [8, 6.48494, 16.13539]},
			"faces": {
				"north": {"uv": [14, 14, 16, 16], "texture": "#Secondary", "cullface": "north"},
				"east": {"uv": [14, 14, 16, 16], "texture": "#Secondary"},
				"south": {"uv": [0, 14, 2, 16], "texture": "#Secondary"},
				"west": {"uv": [0, 14, 2, 16], "texture": "#Secondary", "cullface": "west"},
				"up": {"uv": [0, 0, 2, 2], "texture": "#Secondary"},
				"down": {"uv": [0, 14, 2, 16], "texture": "#Secondary", "cullface": "down"}
			}
		}
	],
	"display": {
		"thirdperson_righthand": {
			"rotation": [75, 45, 0],
			"translation": [0, 2.5, 0],
			"scale": [0.15, 0.15, 0.15]
		},
		"thirdperson_lefthand": {
			"rotation": [75, 45, 0],
			"translation": [0, 2.5, 0],
			"scale": [0.15, 0.15, 0.15]
		},
		"firstperson_righthand": {
			"rotation": [0, 135, 0],
			"scale": [0.4, 0.4, 0.4]
		},
		"firstperson_lefthand": {
			"rotation": [0, 135, 0],
			"scale": [0.4, 0.4, 0.4]
		},
		"ground": {
			"translation": [0, 3, 0],
			"scale": [0.25, 0.25, 0.25]
		},
		"gui": {
			"rotation": [30, 225, 0],
			"translation": [2.5, -2.25, 0],
			"scale": [0.4, 0.4, 0.4]
		},
		"head": {
			"translation": [0, 8.25, -8.5]
		},
		"fixed": {
			"rotation": [-90, 0, 0],
			"translation": [0, -4, -3],
			"scale": [0.5, 0.5, 0.5]
		}
	},
	"groups": [
		{
			"name": "Bed",
			"origin": [10.725, 9.99848, 14.47885],
			"color": 0,
			"children": [
				{
					"name": "base",
					"origin": [0, 0, 0],
					"color": 0,
					"children": [0, 1, 2, 3, 4, 5, 6, 7]
				},
				{
					"name": "cover",
					"origin": [0, 0, 0],
					"color": 0,
					"children": [
						{
							"name": "Blanket",
							"origin": [8, 6.48494, 16.13539],
							"color": 0,
							"children": []
						}
					]
				}
			]
		}
	]
}