{
	"credit": "Made by LYIVX",
	"elements": [
		{
			"name": "Head Rest T",
			"from": [0.001, 14.65551, 2.33481],
			"to": [15.999, 19.28051, 5.33481],
			"rotation": {"angle": -22.5, "axis": "x", "origin": [0, 6.48494, 15.875]},
			"faces": {
				"north": {"uv": [0.025, 0, 15.975, 6.625], "texture": "#Main", "cullface": "south"},
				"east": {"uv": [13, 0, 16, 6.625], "texture": "#Main"},
				"south": {"uv": [0.025, 0, 15.975, 6.625], "texture": "#Main", "cullface": "up"},
				"west": {"uv": [0, 0, 3, 6.625], "texture": "#Main"},
				"up": {"uv": [0.025, 13, 15.975, 16], "rotation": 180, "texture": "#Main"},
				"down": {"uv": [0, 0, 0, 0], "rotation": 180, "texture": "#Main"}
			}
		},
		{
			"name": "Head Rest B",
			"from": [0, 2, 0.01039],
			"to": [16, 10, 3.01039],
			"rotation": {"angle": 0, "axis": "y", "origin": [0, 6.48494, 15.875]},
			"faces": {
				"north": {"uv": [0, 6, 16, 14], "texture": "#Main", "cullface": "south"},
				"east": {"uv": [13, 6, 16, 14], "texture": "#Main", "cullface": "west"},
				"south": {"uv": [0, 6, 16, 14], "texture": "#Main"},
				"west": {"uv": [0, 6, 3, 14], "texture": "#Main", "cullface": "east"},
				"up": {"uv": [0, 13, 16, 16], "rotation": 180, "texture": "#Main"},
				"down": {"uv": [0, 0, 16, 3], "rotation": 180, "texture": "#Main"}
			}
		},
		{
			"name": "Base T",
			"from": [0, 2, 3.01039],
			"to": [16, 6, 16.01039],
			"rotation": {"angle": 0, "axis": "y", "origin": [0, 6.48494, 15.875]},
			"faces": {
				"north": {"uv": [0, 0, 0, 0], "texture": "#Main"},
				"east": {"uv": [0, 10, 13, 14], "texture": "#Main"},
				"south": {"uv": [0, 10, 16, 14], "texture": "#Main", "cullface": "north"},
				"west": {"uv": [3, 10, 16, 14], "texture": "#Main"},
				"up": {"uv": [0, 0, 16, 13], "rotation": 180, "texture": "#Main"},
				"down": {"uv": [0, 3, 16, 16], "rotation": 180, "texture": "#Main"}
			}
		},
		{
			"name": "2",
			"from": [0, 0, 0.01039],
			"to": [2, 2, 2.01039],
			"rotation": {"angle": 0, "axis": "y", "origin": [0, 6.48494, 15.875]},
			"faces": {
				"north": {"uv": [14, 14, 16, 16], "texture": "#Secondary", "cullface": "south"},
				"east": {"uv": [14, 14, 16, 16], "texture": "#Secondary"},
				"south": {"uv": [0, 14, 2, 16], "texture": "#Secondary"},
				"west": {"uv": [0, 14, 2, 16], "texture": "#Secondary", "cullface": "east"},
				"up": {"uv": [14, 14, 16, 16], "rotation": 180, "texture": "#Secondary"},
				"down": {"uv": [14, 0, 16, 2], "rotation": 180, "texture": "#Secondary", "cullface": "down"}
			}
		},
		{
			"name": "3",
			"from": [14, 0, 0.01039],
			"to": [16, 2, 2.01039],
			"rotation": {"angle": 0, "axis": "y", "origin": [0, 6.48494, 15.875]},
			"faces": {
				"north": {"uv": [0, 14, 2, 16], "texture": "#Secondary", "cullface": "south"},
				"east": {"uv": [14, 14, 16, 16], "texture": "#Secondary", "cullface": "west"},
				"south": {"uv": [14, 14, 16, 16], "texture": "#Secondary"},
				"west": {"uv": [0, 14, 2, 16], "texture": "#Secondary"},
				"up": {"uv": [0, 14, 2, 16], "rotation": 180, "texture": "#Secondary"},
				"down": {"uv": [0, 0, 2, 2], "rotation": 180, "texture": "#Secondary", "cullface": "down"}
			}
		},
		{
			"name": "Head Rest T",
			"from": [0.251, 14.44503, 5.09295],
			"to": [15.749, 19.02003, 5.84295],
			"rotation": {"angle": -22.5, "axis": "x", "origin": [0, 6.48494, 15.875]},
			"faces": {
				"north": {"uv": [0, 0, 0, 0], "texture": "#White"},
				"east": {"uv": [12.625, 0.2, 13.375, 6.775], "texture": "#White"},
				"south": {"uv": [0.275, 0.2, 15.725, 6.775], "texture": "#White"},
				"west": {"uv": [2.625, 0.2, 3.375, 6.775], "texture": "#White"},
				"up": {"uv": [0.275, 12.625, 15.725, 13.375], "rotation": 180, "texture": "#White", "cullface": "up"},
				"down": {"uv": [0.275, 2.625, 15.725, 3.375], "rotation": 180, "texture": "#White"}
			}
		},
		{
			"name": "Head Rest B",
			"from": [0.25, 6.5, 2.81039],
			"to": [15.75, 10, 3.56039],
			"rotation": {"angle": 0, "axis": "y", "origin": [0, 6.48494, 15.875]},
			"faces": {
				"north": {"uv": [0, 0, 0, 0], "texture": "#White"},
				"east": {"uv": [12.45, 6, 13.2, 9.5], "texture": "#White"},
				"south": {"uv": [0.25, 6, 15.75, 9.5], "texture": "#White"},
				"west": {"uv": [2.8, 6, 3.55, 9.5], "texture": "#White"},
				"up": {"uv": [0.25, 12.45, 15.75, 13.2], "rotation": 180, "texture": "#White"},
				"down": {"uv": [0.25, 2.8, 15.75, 3.55], "rotation": 180, "texture": "#White"}
			}
		},
		{
			"name": "Base T",
			"from": [0.25, 5.5, 3.01039],
			"to": [15.75, 6.5, 16.01039],
			"rotation": {"angle": 0, "axis": "y", "origin": [0, 6.48494, 15.875]},
			"faces": {
				"north": {"uv": [0, 0, 0, 0], "texture": "#White"},
				"east": {"uv": [0, 9.5, 13, 10.5], "texture": "#White"},
				"south": {"uv": [0.25, 9.5, 15.75, 10.5], "texture": "#White"},
				"west": {"uv": [3, 9.5, 16, 10.5], "texture": "#White"},
				"up": {"uv": [0.25, 0, 15.75, 13], "rotation": 180, "texture": "#White"},
				"down": {"uv": [0.25, 3, 15.75, 16], "rotation": 180, "texture": "#White"}
			}
		}
	],
	"display": {
		"thirdperson_righthand": {
			"rotation": [75, 45, 0],
			"translation": [0, 2.5, 0],
			"scale": [0.15, 0.15, 0.15]
		},
		"thirdperson_lefthand": {
			"rotation": [75, 45, 0],
			"translation": [0, 2.5, 0],
			"scale": [0.15, 0.15, 0.15]
		},
		"firstperson_righthand": {
			"rotation": [0, 135, 0],
			"scale": [0.4, 0.4, 0.4]
		},
		"firstperson_lefthand": {
			"rotation": [0, 135, 0],
			"scale": [0.4, 0.4, 0.4]
		},
		"ground": {
			"translation": [0, 3, 0],
			"scale": [0.25, 0.25, 0.25]
		},
		"gui": {
			"rotation": [30, 225, 0],
			"translation": [2.5, -2.25, 0],
			"scale": [0.425, 0.425, 0.425]
		},
		"head": {
			"translation": [0, 8.25, -8.5]
		},
		"fixed": {
			"rotation": [-90, 0, 0],
			"translation": [0, -4, -3],
			"scale": [0.5, 0.5, 0.5]
		}
	},
	"groups": [
		{
			"name": "Bed",
			"origin": [10.725, 9.99848, 35.96846],
			"color": 0,
			"children": [
				{
					"name": "base",
					"origin": [0, 0, 21.48961],
					"color": 0,
					"children": [0, 1, 2, 3, 4]
				},
				{
					"name": "cover",
					"origin": [0, 0, 21.48961],
					"color": 0,
					"children": [5, 6, 7]
				}
			]
		}
	]
}