{
	"credit": "Made by LYIVX",
	"render_type": "minecraft:cutout",
	"textures": {
		"particle": "block/stripped_oak_log",
		"Main": "block/stripped_oak_log",
		"Secondary": "block/oak_log",
		"Concrete": "block/white_concrete",
		"Pole2": "block/light_gray_concrete"
	},
	"elements": [
		{
			"from": [0, 14, 14],
			"to": [16, 16, 16],
			"faces": {
				"north": {"uv": [0, 0, 16, 2], "texture": "#Secondary"},
				"east": {"uv": [0, 0, 2, 2], "texture": "#Secondary", "cullface": "east"},
				"south": {"uv": [0, 0, 16, 2], "texture": "#Secondary", "cullface": "south"},
				"west": {"uv": [14, 0, 16, 2], "texture": "#Secondary", "cullface": "west"},
				"up": {"uv": [0, 14, 16, 16], "texture": "#Secondary", "cullface": "up"},
				"down": {"uv": [0, 0, 16, 2], "texture": "#Secondary"}
			}
		},
		{
			"from": [0, 0.5, 14.5],
			"to": [16, 1.5, 16.5],
			"rotation": {"angle": 0, "axis": "y", "origin": [8, 1, 15.5]},
			"faces": {
				"north": {"uv": [0, 14.5, 16, 15.5], "rotation": 180, "texture": "#Main"},
				"east": {"uv": [0, 14, 1, 16], "rotation": 270, "texture": "#Main"},
				"south": {"uv": [0, 14.5, 16, 15.5], "texture": "#Main"},
				"west": {"uv": [14.5, 14, 15.5, 16], "rotation": 90, "texture": "#Main"},
				"up": {"uv": [0, 14, 16, 16], "rotation": 180, "texture": "#Main"},
				"down": {"uv": [0, 0, 16, 2], "texture": "#Main"}
			}
		},
		{
			"from": [0, 2.5, 14.5],
			"to": [16, 3.5, 16.5],
			"rotation": {"angle": 0, "axis": "y", "origin": [8, 3, 15.5]},
			"faces": {
				"north": {"uv": [0, 12.5, 16, 13.5], "rotation": 180, "texture": "#Main"},
				"east": {"uv": [0, 12.5, 1, 14.5], "rotation": 270, "texture": "#Main"},
				"south": {"uv": [0, 12.5, 16, 13.5], "texture": "#Main"},
				"west": {"uv": [14.5, 12.5, 15.5, 14.5], "rotation": 90, "texture": "#Main"},
				"up": {"uv": [0, 14, 16, 16], "rotation": 180, "texture": "#Main"},
				"down": {"uv": [0, 0, 16, 2], "texture": "#Main"}
			}
		},
		{
			"from": [0, 4.5, 14.5],
			"to": [16, 5.5, 16.5],
			"rotation": {"angle": 0, "axis": "y", "origin": [8, 5, 15.5]},
			"faces": {
				"north": {"uv": [0, 10.5, 16, 11.5], "rotation": 180, "texture": "#Main"},
				"east": {"uv": [0, 10.5, 1, 12.5], "rotation": 270, "texture": "#Main"},
				"south": {"uv": [0, 10.5, 16, 11.5], "texture": "#Main"},
				"west": {"uv": [14.5, 10.5, 15.5, 12.5], "rotation": 90, "texture": "#Main"},
				"up": {"uv": [0, 14, 16, 16], "rotation": 180, "texture": "#Main"},
				"down": {"uv": [0, 0, 16, 2], "texture": "#Main"}
			}
		},
		{
			"from": [0, 6.5, 14.5],
			"to": [16, 7.5, 16.5],
			"rotation": {"angle": 0, "axis": "y", "origin": [8, 7, 15.5]},
			"faces": {
				"north": {"uv": [0, 8.5, 16, 9.5], "rotation": 180, "texture": "#Main"},
				"east": {"uv": [0, 8.5, 1, 10.5], "rotation": 270, "texture": "#Main"},
				"south": {"uv": [0, 8.5, 16, 9.5], "texture": "#Main"},
				"west": {"uv": [14.5, 8.5, 15.5, 10.5], "rotation": 90, "texture": "#Main"},
				"up": {"uv": [0, 14, 16, 16], "rotation": 180, "texture": "#Main"},
				"down": {"uv": [0, 0, 16, 2], "texture": "#Main"}
			}
		},
		{
			"from": [0, 8.5, 14.5],
			"to": [16, 9.5, 16.5],
			"rotation": {"angle": 0, "axis": "y", "origin": [8, 9, 15.5]},
			"faces": {
				"north": {"uv": [0, 6.5, 16, 7.5], "rotation": 180, "texture": "#Main"},
				"east": {"uv": [0, 6.5, 1, 8.5], "rotation": 270, "texture": "#Main"},
				"south": {"uv": [0, 6.5, 16, 7.5], "texture": "#Main"},
				"west": {"uv": [14.5, 6.5, 15.5, 8.5], "rotation": 90, "texture": "#Main"},
				"up": {"uv": [0, 14, 16, 16], "rotation": 180, "texture": "#Main"},
				"down": {"uv": [0, 0, 16, 2], "texture": "#Main"}
			}
		},
		{
			"from": [0, 10.5, 14.5],
			"to": [16, 11.5, 16.5],
			"rotation": {"angle": 0, "axis": "y", "origin": [8, 11, 15.5]},
			"faces": {
				"north": {"uv": [0, 4.5, 16, 5.5], "rotation": 180, "texture": "#Main"},
				"east": {"uv": [0, 4.5, 1, 6.5], "rotation": 270, "texture": "#Main"},
				"south": {"uv": [0, 4.5, 16, 5.5], "texture": "#Main"},
				"west": {"uv": [14.5, 4.5, 15.5, 6.5], "rotation": 90, "texture": "#Main"},
				"up": {"uv": [0, 14, 16, 16], "rotation": 180, "texture": "#Main"},
				"down": {"uv": [0, 0, 16, 2], "texture": "#Main"}
			}
		},
		{
			"from": [0, 12.5, 14.5],
			"to": [16, 13.5, 16.5],
			"rotation": {"angle": 0, "axis": "y", "origin": [8, 13, 15.5]},
			"faces": {
				"north": {"uv": [0, 2.5, 16, 3.5], "rotation": 180, "texture": "#Main"},
				"east": {"uv": [0, 2.5, 1, 4.5], "rotation": 270, "texture": "#Main"},
				"south": {"uv": [0, 2.5, 16, 3.5], "texture": "#Main"},
				"west": {"uv": [14.5, 2.5, 15.5, 4.5], "rotation": 90, "texture": "#Main"},
				"up": {"uv": [0, 14, 16, 16], "rotation": 180, "texture": "#Main"},
				"down": {"uv": [0, 0, 16, 2], "texture": "#Main"}
			}
		},
		{
			"from": [1, 0, 15],
			"to": [2, 14, 16],
			"rotation": {"angle": 0, "axis": "y", "origin": [0, 0, 14]},
			"faces": {
				"north": {"uv": [14, 2, 15, 16], "texture": "#Concrete"},
				"east": {"uv": [0, 2, 1, 16], "texture": "#Concrete"},
				"south": {"uv": [1, 2, 2, 16], "texture": "#Concrete"},
				"west": {"uv": [15, 2, 16, 16], "texture": "#Concrete"},
				"up": {"uv": [1, 15, 2, 16], "texture": "#Concrete"},
				"down": {"uv": [1, 0, 2, 1], "texture": "#Concrete"}
			}
		},
		{
			"from": [14, 0, 15],
			"to": [15, 14, 16],
			"rotation": {"angle": 0, "axis": "y", "origin": [13, 0, 14]},
			"faces": {
				"north": {"uv": [1, 2, 2, 16], "texture": "#Concrete"},
				"east": {"uv": [0, 2, 1, 16], "texture": "#Concrete"},
				"south": {"uv": [14, 2, 15, 16], "texture": "#Concrete"},
				"west": {"uv": [15, 2, 16, 16], "texture": "#Concrete"},
				"up": {"uv": [14, 15, 15, 16], "texture": "#Concrete"},
				"down": {"uv": [14, 0, 15, 1], "texture": "#Concrete"}
			}
		},
		{
			"from": [1, 14.5, 13.25],
			"to": [2, 15.5, 14],
			"rotation": {"angle": 0, "axis": "y", "origin": [0, 14.5, 12]},
			"faces": {
				"north": {"uv": [14, 0.5, 15, 1.5], "texture": "#Concrete"},
				"east": {"uv": [2, 0.5, 2.75, 1.5], "texture": "#Concrete"},
				"south": {"uv": [1, 0.5, 2, 1.5], "texture": "#Concrete"},
				"west": {"uv": [13.25, 0.5, 14, 1.5], "texture": "#Concrete"},
				"up": {"uv": [1, 13.25, 2, 14], "texture": "#Concrete"},
				"down": {"uv": [1, 2, 2, 2.75], "texture": "#Concrete"}
			}
		},
		{
			"from": [1.25, 3.5, 13.5],
			"to": [1.75, 14.5, 14],
			"rotation": {"angle": 45, "axis": "y", "origin": [1.5, 9, 13.75]},
			"faces": {
				"north": {"uv": [14.25, 1.5, 14.75, 12.5], "texture": "#Pole2"},
				"east": {"uv": [2, 1.5, 2.5, 12.5], "texture": "#Pole2"},
				"south": {"uv": [1.25, 1.5, 1.75, 12.5], "texture": "#Pole2"},
				"west": {"uv": [13.5, 1.5, 14, 12.5], "texture": "#Pole2"},
				"up": {"uv": [1.25, 13.5, 1.75, 14], "texture": "#Pole2"},
				"down": {"uv": [1.25, 2, 1.75, 2.5], "texture": "#Pole2"}
			}
		}
	],
	"display": {
		"thirdperson_righthand": {
			"rotation": [75, 45, 0],
			"translation": [0, 2.5, 0],
			"scale": [0.375, 0.375, 0.375]
		},
		"thirdperson_lefthand": {
			"rotation": [75, 45, 0],
			"translation": [0, 2.5, 0],
			"scale": [0.375, 0.375, 0.375]
		},
		"firstperson_righthand": {
			"rotation": [0, 135, 0],
			"scale": [0.4, 0.4, 0.4]
		},
		"firstperson_lefthand": {
			"rotation": [0, 135, 0],
			"scale": [0.4, 0.4, 0.4]
		},
		"ground": {
			"translation": [0, 3, 0],
			"scale": [0.25, 0.25, 0.25]
		},
		"gui": {
			"rotation": [30, 225, 0],
			"translation": [4.25, -2, 0],
			"scale": [0.8, 0.8, 0.8]
		},
		"fixed": {
			"translation": [0, 0, -2.75],
			"scale": [0.5, 0.5, 0.5]
		}
	},
	"groups": [
		0,
		{
			"name": "Blinds",
			"origin": [8, 13, 15.5],
			"color": 0,
			"nbt": "{}",
			"children": [1, 2, 3, 4, 5, 6, 7]
		},
		8,
		9,
		10,
		11
	]
}