{
	"credit": "Made by LYIVX",
	"elements": [
		{
			"from": [0, 15, 0],
			"to": [16, 16, 16],
			"faces": {
				"north": {"uv": [0, 0, 16, 1], "texture": "#Main"},
				"east": {"uv": [0, 0, 16, 1], "texture": "#Main"},
				"south": {"uv": [0, 0, 16, 1], "texture": "#Main"},
				"west": {"uv": [0, 0, 16, 1], "texture": "#Main"},
				"up": {"uv": [0, 0, 16, 16], "texture": "#Main"},
				"down": {"uv": [0, 0, 16, 16], "rotation": 180, "texture": "#Main"}
			}
		},
		{
			"from": [1, 0, 1],
			"to": [3, 15, 3],
			"rotation": {"angle": 0, "axis": "y", "origin": [1, 0, 1]},
			"faces": {
				"north": {"uv": [13, 1, 15, 16], "texture": "#Secondary"},
				"east": {"uv": [13, 1, 15, 16], "texture": "#Secondary"},
				"south": {"uv": [1, 1, 3, 16], "texture": "#Secondary"},
				"west": {"uv": [1, 1, 3, 16], "texture": "#Secondary"},
				"up": {"uv": [1, 1, 3, 3], "texture": "#Secondary"},
				"down": {"uv": [1, 13, 3, 15], "texture": "#Secondary"}
			}
		},
		{
			"from": [1, 0, 13],
			"to": [3, 15, 15],
			"rotation": {"angle": 0, "axis": "y", "origin": [1, 0, 13]},
			"faces": {
				"north": {"uv": [13, 1, 15, 16], "texture": "#Secondary"},
				"east": {"uv": [1, 1, 3, 16], "texture": "#Secondary"},
				"south": {"uv": [1, 1, 3, 16], "texture": "#Secondary"},
				"west": {"uv": [13, 1, 15, 16], "texture": "#Secondary"},
				"up": {"uv": [1, 13, 3, 15], "texture": "#Secondary"},
				"down": {"uv": [1, 1, 3, 3], "texture": "#Secondary"}
			}
		},
		{
			"from": [13, 0, 13],
			"to": [15, 15, 15],
			"rotation": {"angle": 0, "axis": "y", "origin": [13, 0, 13]},
			"faces": {
				"north": {"uv": [1, 1, 3, 16], "texture": "#Secondary"},
				"east": {"uv": [1, 1, 3, 16], "texture": "#Secondary"},
				"south": {"uv": [13, 1, 15, 16], "texture": "#Secondary"},
				"west": {"uv": [13, 1, 15, 16], "texture": "#Secondary"},
				"up": {"uv": [13, 13, 15, 15], "texture": "#Secondary"},
				"down": {"uv": [13, 1, 15, 3], "texture": "#Secondary"}
			}
		},
		{
			"from": [13, 0, 1],
			"to": [15, 15, 3],
			"rotation": {"angle": 0, "axis": "y", "origin": [13, 0, 1]},
			"faces": {
				"north": {"uv": [1, 1, 3, 16], "texture": "#Secondary"},
				"east": {"uv": [13, 1, 15, 16], "texture": "#Secondary"},
				"south": {"uv": [13, 1, 15, 16], "texture": "#Secondary"},
				"west": {"uv": [1, 1, 3, 16], "texture": "#Secondary"},
				"up": {"uv": [13, 1, 15, 3], "texture": "#Secondary"},
				"down": {"uv": [13, 13, 15, 15], "texture": "#Secondary"}
			}
		}
	],
	"display": {
		"thirdperson_righthand": {
			"rotation": [75, 45, 0],
			"translation": [0, 2.5, 0],
			"scale": [0.375, 0.375, 0.375]
		},
		"thirdperson_lefthand": {
			"rotation": [75, 45, 0],
			"translation": [0, 2.5, 0],
			"scale": [0.375, 0.375, 0.375]
		},
		"firstperson_righthand": {
			"rotation": [0, 45, 0],
			"scale": [0.4, 0.4, 0.4]
		},
		"firstperson_lefthand": {
			"rotation": [0, 225, 0],
			"scale": [0.4, 0.4, 0.4]
		},
		"ground": {
			"translation": [0, 3, 0],
			"scale": [0.25, 0.25, 0.25]
		},
		"gui": {
			"rotation": [30, 225, 0],
			"translation": [0, -0.25, 0],
			"scale": [0.6, 0.6, 0.6]
		},
		"fixed": {
			"scale": [0.5, 0.5, 0.5]
		}
	}
}