{
	"credit": "Made by LYIVX",
	"elements": [
		{
			"from": [0, 15, 0],
			"to": [16, 16, 16],
			"faces": {
				"north": {"uv": [0, 0, 16, 1], "texture": "#Main", "cullface": "north"},
				"east": {"uv": [0, 0, 16, 1], "texture": "#Main", "cullface": "east"},
				"south": {"uv": [0, 0, 16, 1], "texture": "#Main", "cullface": "south"},
				"west": {"uv": [0, 0, 16, 1], "texture": "#Main", "cullface": "west"},
				"up": {"uv": [0, 0, 16, 16], "texture": "#Main", "cullface": "up"},
				"down": {"uv": [0, 0, 16, 16], "rotation": 180, "texture": "#Main"}
			}
		}
	]
}