{
	"credit": "Made by LYIVX",
	"elements": [
		{
			"from": [13, 0, 1],
			"to": [15, 15, 3],
			"rotation": {"angle": 0, "axis": "y", "origin": [13, 0, 1]},
			"faces": {
				"north": {"uv": [1, 1, 3, 16], "texture": "#Secondary"},
				"east": {"uv": [13, 1, 15, 16], "texture": "#Secondary"},
				"south": {"uv": [13, 1, 15, 16], "texture": "#Secondary"},
				"west": {"uv": [1, 1, 3, 16], "texture": "#Secondary"},
				"up": {"uv": [13, 1, 15, 3], "texture": "#Secondary"},
				"down": {"uv": [13, 13, 15, 15], "texture": "#Secondary"}
			}
		}
	]
}