{
	"credit": "Made by LYIVX",
	"textures": {
		"particle": "block/oak_log",
		"Log": "block/oak_log",
		"Log Top": "block/oak_log_top",
		"Stripped Log": "block/stripped_oak_log"
	},
	"elements": [
		{
			"from": [0, 0, 0],
			"to": [2, 16, 16],
			"rotation": {"angle": 0, "axis": "y", "origin": [8, 8, 8]},
			"faces": {
				"north": {"uv": [0, 0, 2, 16], "rotation": 180, "texture": "#Log"},
				"east": {"uv": [0, 0, 16, 16], "rotation": 180, "texture": "#Stripped Log"},
				"south": {"uv": [0, 0, 2, 16], "texture": "#Log"},
				"west": {"uv": [0, 0, 16, 16], "texture": "#Log"},
				"up": {"uv": [14, 0, 16, 16], "rotation": 180, "texture": "#Log Top"},
				"down": {"uv": [0, 0, 2, 16], "texture": "#Log Top"}
			}
		},
		{
			"from": [14, 0, 0],
			"to": [16, 16, 16],
			"rotation": {"angle": 0, "axis": "y", "origin": [8, 8, 8]},
			"faces": {
				"north": {"uv": [14, 0, 16, 16], "rotation": 180, "texture": "#Log"},
				"east": {"uv": [0, 0, 16, 16], "texture": "#Log"},
				"south": {"uv": [14, 0, 16, 16], "texture": "#Log"},
				"west": {"uv": [0, 0, 16, 16], "rotation": 180, "texture": "#Stripped Log"},
				"up": {"uv": [0, 0, 2, 16], "rotation": 180, "texture": "#Log Top"},
				"down": {"uv": [14, 0, 16, 16], "texture": "#Log Top"}
			}
		},
		{
			"from": [2, 0, 0],
			"to": [14, 16, 2],
			"rotation": {"angle": 0, "axis": "y", "origin": [8, 8, 8]},
			"faces": {
				"north": {"uv": [2, 0, 14, 16], "rotation": 180, "texture": "#Log"},
				"east": {"uv": [0, 0, 16, 2], "rotation": 270, "texture": "#missing"},
				"south": {"uv": [2, 0, 14, 16], "texture": "#Stripped Log"},
				"west": {"uv": [0, 0, 16, 2], "rotation": 90, "texture": "#missing"},
				"up": {"uv": [2, 14, 14, 16], "rotation": 180, "texture": "#Log Top"},
				"down": {"uv": [2, 14, 14, 16], "texture": "#Log Top"}
			}
		},
		{
			"from": [2, 0, 14],
			"to": [14, 16, 16],
			"rotation": {"angle": 0, "axis": "y", "origin": [8, 8, 8]},
			"faces": {
				"north": {"uv": [2, 0, 14, 16], "rotation": 180, "texture": "#Stripped Log"},
				"east": {"uv": [0, 0, 16, 2], "rotation": 270, "texture": "#missing"},
				"south": {"uv": [2, 0, 14, 16], "texture": "#Log"},
				"west": {"uv": [0, 0, 16, 2], "rotation": 90, "texture": "#missing"},
				"up": {"uv": [2, 0, 14, 2], "rotation": 180, "texture": "#Log Top"},
				"down": {"uv": [2, 0, 14, 2], "texture": "#Log Top"}
			}
		}
	],
	"display": {
		"thirdperson_righthand": {
			"rotation": [75, 45, 0],
			"translation": [0, 2.5, 0],
			"scale": [0.375, 0.375, 0.375]
		},
		"thirdperson_lefthand": {
			"rotation": [75, 45, 0],
			"translation": [0, 2.5, 0],
			"scale": [0.375, 0.375, 0.375]
		},
		"firstperson_righthand": {
			"rotation": [0, 135, 0],
			"scale": [0.4, 0.4, 0.4]
		},
		"firstperson_lefthand": {
			"rotation": [0, 135, 0],
			"scale": [0.4, 0.4, 0.4]
		},
		"ground": {
			"translation": [0, 3, 0],
			"scale": [0.25, 0.25, 0.25]
		},
		"gui": {
			"rotation": [30, 225, 0],
			"scale": [0.625, 0.625, 0.625]
		},
		"fixed": {
			"scale": [0.5, 0.5, 0.5]
		}
	}
}