{
	"credit": "Made by LYIVX",
	"parent": "minecraft:block/cube_all",
	"textures": {
		"Log": "block/oak_log",
		"Torch": "block/torch",
		"Stripped": "block/stripped_oak_log",
		"particle": "block/white_wool"
	},
	"elements": [
		{
			"from": [7, 4, 7],
			"to": [9, 10, 9],
			"faces": {
				"north": {"uv": [7, 6, 9, 12], "texture": "#Log"},
				"east": {"uv": [7, 6, 9, 12], "texture": "#Log"},
				"south": {"uv": [7, 6, 9, 12], "texture": "#Log"},
				"west": {"uv": [7, 6, 9, 12], "texture": "#Log"},
				"up": {"uv": [7, 7, 9, 9], "texture": "#Log"},
				"down": {"uv": [7, 7, 9, 9], "texture": "#Log"}
			}
		},
		{
			"from": [7, 10, 7],
			"to": [9, 12, 9],
			"rotation": {"angle": 0, "axis": "y", "origin": [0, 6, 0]},
			"faces": {
				"north": {"uv": [7, 6, 9, 8], "texture": "#Torch"},
				"east": {"uv": [7, 6, 9, 8], "texture": "#Torch"},
				"south": {"uv": [7, 6, 9, 8], "texture": "#Torch"},
				"west": {"uv": [7, 6, 9, 8], "texture": "#Torch"},
				"up": {"uv": [7, 6, 9, 8], "texture": "#Torch"},
				"down": {"uv": [7, 6, 9, 8], "texture": "#Torch"}
			}
		},
		{
			"from": [6, 0, 6],
			"to": [10, 4, 10],
			"faces": {
				"north": {"uv": [6, 12, 10, 16], "texture": "#Stripped"},
				"east": {"uv": [6, 12, 10, 16], "texture": "#Stripped"},
				"south": {"uv": [6, 12, 10, 16], "texture": "#Stripped"},
				"west": {"uv": [6, 12, 10, 16], "texture": "#Stripped"},
				"up": {"uv": [6, 6, 10, 10], "texture": "#Stripped"},
				"down": {"uv": [6, 6, 10, 10], "texture": "#Stripped"}
			}
		},
		{
			"from": [9.32843, 9.5, 2.82843],
			"to": [15.82843, 10.5, 3.82843],
			"rotation": {"angle": -45, "axis": "y", "origin": [3.32843, 10, 3.32843]},
			"faces": {
				"north": {"uv": [0, 0, 1, 8], "rotation": 270, "texture": "#Log"},
				"east": {"uv": [15, 0, 16, 1], "rotation": 90, "texture": "#Log"},
				"south": {"uv": [2, 0, 3, 8], "rotation": 90, "texture": "#Log"},
				"west": {"uv": [14, 0, 15, 1], "rotation": 90, "texture": "#Log"},
				"up": {"uv": [1, 0, 2, 8], "rotation": 90, "texture": "#Log"},
				"down": {"uv": [3, 0, 4, 8], "rotation": 90, "texture": "#Log"}
			}
		},
		{
			"from": [-2.92157, 9.5, 9.32843],
			"to": [3.82843, 10.5, 10.32843],
			"rotation": {"angle": 45, "axis": "y", "origin": [3.32843, 10, 3.32843]},
			"faces": {
				"north": {"uv": [1, 0, 2, 8], "rotation": 90, "texture": "#Log"},
				"east": {"uv": [9, 0, 10, 1], "rotation": 90, "texture": "#Log"},
				"south": {"uv": [3, 0, 4, 8], "rotation": 270, "texture": "#Log"},
				"west": {"uv": [15, 0, 16, 1], "rotation": 90, "texture": "#Log"},
				"up": {"uv": [0, 0, 1, 8], "rotation": 270, "texture": "#Log"},
				"down": {"uv": [2, 0, 3, 8], "rotation": 270, "texture": "#Log"}
			}
		},
		{
			"from": [2.82843, 9.5, 9.32843],
			"to": [9.57843, 10.5, 10.32843],
			"rotation": {"angle": 45, "axis": "y", "origin": [3.32843, 10, 3.32843]},
			"faces": {
				"north": {"uv": [0, 0, 1, 8], "rotation": 90, "texture": "#Log"},
				"east": {"uv": [8.5, 0, 9.5, 1], "rotation": 90, "texture": "#Log"},
				"south": {"uv": [3, 0, 4, 8], "rotation": 270, "texture": "#Log"},
				"west": {"uv": [15, 0, 16, 1], "rotation": 90, "texture": "#Log"},
				"up": {"uv": [1, 0, 2, 8], "rotation": 270, "texture": "#Log"},
				"down": {"uv": [2, 0, 3, 8], "rotation": 270, "texture": "#Log"}
			}
		},
		{
			"from": [3.57843, 9.5, 2.82843],
			"to": [10.32843, 10.5, 3.82843],
			"rotation": {"angle": -45, "axis": "y", "origin": [3.32843, 10, 3.32843]},
			"faces": {
				"north": {"uv": [0, 0, 1, 8], "rotation": 270, "texture": "#Log"},
				"east": {"uv": [15, 0, 16, 1], "rotation": 90, "texture": "#Log"},
				"south": {"uv": [3, 0, 4, 8], "rotation": 90, "texture": "#Log"},
				"west": {"uv": [9, 0, 10, 1], "rotation": 90, "texture": "#Log"},
				"up": {"uv": [2, 0, 3, 8], "rotation": 90, "texture": "#Log"},
				"down": {"uv": [1, 0, 2, 8], "rotation": 90, "texture": "#Log"}
			}
		}
	],
	"display": {
		"thirdperson_righthand": {
			"rotation": [75, 45, 0],
			"translation": [0, 2.5, 0],
			"scale": [0.375, 0.375, 0.375]
		},
		"thirdperson_lefthand": {
			"rotation": [75, 45, 0],
			"translation": [0, 2.5, 0],
			"scale": [0.375, 0.375, 0.375]
		},
		"firstperson_righthand": {
			"rotation": [0, 45, 0],
			"scale": [0.4, 0.4, 0.4]
		},
		"firstperson_lefthand": {
			"rotation": [0, 225, 0],
			"scale": [0.4, 0.4, 0.4]
		},
		"ground": {
			"translation": [0, 3, 0],
			"scale": [0.25, 0.25, 0.25]
		},
		"gui": {
			"rotation": [30, 225, 0],
			"scale": [0.625, 0.625, 0.625]
		},
		"head": {
			"translation": [0, 14.75, 0]
		},
		"fixed": {
			"scale": [0.5, 0.5, 0.5]
		}
	},
	"groups": [
		{
			"name": "bone",
			"origin": [0, 0, 0],
			"color": 0,
			"children": [0, 1, 2]
		},
		3,
		4,
		5,
		6
	]
}