{
	"credit": "Made by LYIVX",
	"parent": "minecraft:block/block",
	"elements": [
		{
			"from": [7, 0, 7],
			"to": [9, 16, 9],
			"rotation": {"angle": 0, "axis": "y", "origin": [-8, 32, -8]},
			"faces": {
				"north": {"uv": [7, 0, 9, 16], "texture": "#Log"},
				"east": {"uv": [7, 0, 9, 16], "texture": "#Log"},
				"south": {"uv": [7, 0, 9, 16], "texture": "#Log"},
				"west": {"uv": [7, 0, 9, 16], "texture": "#Log"},
				"up": {"uv": [7, 7, 9, 9], "texture": "#Log"},
				"down": {"uv": [7, 7, 9, 9], "texture": "#Log"}
			}
		}
	]
}