{
	"credit": "Made by LYIVX",
	"parent": "minecraft:block/block",
	"render_type": "minecraft:cutout",
	"textures": {
		"particle": "#Log"
	},
	"elements": [
		{
			"from": [7, 10, 7],
			"to": [9, 12, 9],
			"rotation": {"angle": 0, "axis": "y", "origin": [0, 6, 0]},
			"faces": {
				"north": {"uv": [7, 6, 9, 8], "texture": "#Torch"},
				"east": {"uv": [7, 6, 9, 8], "texture": "#Torch"},
				"south": {"uv": [7, 6, 9, 8], "texture": "#Torch"},
				"west": {"uv": [7, 6, 9, 8], "texture": "#Torch"},
				"up": {"uv": [7, 6, 9, 8], "texture": "#Torch"},
				"down": {"uv": [7, 6, 9, 8], "texture": "#Torch"}
			}
		},
		{
			"from": [7, 0, 7],
			"to": [9, 10, 9],
			"faces": {
				"north": {"uv": [7, 6, 9, 16], "texture": "#Log"},
				"east": {"uv": [7, 6, 9, 16], "texture": "#Log"},
				"south": {"uv": [7, 6, 9, 16], "texture": "#Log"},
				"west": {"uv": [7, 6, 9, 16], "texture": "#Log"},
				"up": {"uv": [7, 7, 9, 9], "texture": "#Log"},
				"down": {"uv": [7, 7, 9, 9], "texture": "#Log"}
			}
		}
	]
}