{
	"credit": "Made by LYIVX",
	"parent": "minecraft:block/block",
	"elements": [
		{
			"from": [7, 4, 7],
			"to": [9, 16, 9],
			"faces": {
				"north": {"uv": [7, 0, 9, 12], "texture": "#Log"},
				"east": {"uv": [7, 0, 9, 12], "texture": "#Log"},
				"south": {"uv": [7, 0, 9, 12], "texture": "#Log"},
				"west": {"uv": [7, 0, 9, 12], "texture": "#Log"},
				"up": {"uv": [7, 7, 9, 9], "texture": "#Log"},
				"down": {"uv": [7, 7, 9, 9], "texture": "#Log"}
			}
		},
		{
			"from": [6, 0, 6],
			"to": [10, 4, 10],
			"faces": {
				"north": {"uv": [6, 12, 10, 16], "texture": "#Stripped"},
				"east": {"uv": [6, 12, 10, 16], "texture": "#Stripped"},
				"south": {"uv": [6, 12, 10, 16], "texture": "#Stripped"},
				"west": {"uv": [6, 12, 10, 16], "texture": "#Stripped"},
				"up": {"uv": [6, 6, 10, 10], "texture": "#Stripped"},
				"down": {"uv": [6, 6, 10, 10], "texture": "#Stripped"}
			}
		}
	],
	"groups": [
		{
			"name": "bone",
			"origin": [0, 0, 0],
			"color": 0,
			"children": [0, 1]
		}
	]
}