{
	"credit": "Made by LYIVX",
	"parent": "minecraft:block/block",
	"render_type": "minecraft:cutout",
	"textures": {
		"particle": "#Log"
	},
	"elements": [
		{
			"from": [7, 10, 9],
			"to": [9, 12, 11],
			"rotation": {"angle": 0, "axis": "y", "origin": [0, 6, 2]},
			"faces": {
				"north": {"uv": [7, 6, 9, 8], "texture": "#Torch"},
				"east": {"uv": [7, 6, 9, 8], "texture": "#Torch"},
				"south": {"uv": [7, 6, 9, 8], "texture": "#Torch"},
				"west": {"uv": [7, 6, 9, 8], "texture": "#Torch"},
				"up": {"uv": [7, 6, 9, 8], "texture": "#Torch"},
				"down": {"uv": [7, 6, 9, 8], "texture": "#Torch"}
			}
		},
		{
			"from": [7, 2, 11],
			"to": [9, 4, 14],
			"faces": {
				"east": {"uv": [2, 12, 5, 14], "texture": "#Log"},
				"west": {"uv": [11, 12, 14, 14], "texture": "#Log"},
				"up": {"uv": [7, 11, 9, 14], "rotation": 90, "texture": "#Log"},
				"down": {"uv": [7, 2, 9, 5], "rotation": 90, "texture": "#Log"}
			}
		},
		{
			"from": [7, 2, 9],
			"to": [9, 10, 11],
			"rotation": {"angle": 0, "axis": "y", "origin": [0, 0, 2]},
			"faces": {
				"north": {"uv": [7, 6, 9, 14], "texture": "#Log"},
				"east": {"uv": [5, 6, 7, 14], "texture": "#Log"},
				"south": {"uv": [7, 6, 9, 14], "texture": "#Log"},
				"west": {"uv": [9, 6, 11, 14], "texture": "#Log"},
				"up": {"uv": [7, 9, 9, 11], "texture": "#Log"},
				"down": {"uv": [7, 5, 9, 7], "texture": "#Log"}
			}
		},
		{
			"from": [5, 0, 14],
			"to": [11, 6, 16],
			"rotation": {"angle": 0, "axis": "x", "origin": [8, 3, 13]},
			"faces": {
				"north": {"uv": [5, 10, 11, 16], "rotation": 180, "texture": "#Stripped"},
				"east": {"uv": [0, 10, 2, 16], "rotation": 90, "texture": "#Stripped"},
				"south": {"uv": [5, 10, 11, 16], "rotation": 180, "texture": "#Stripped", "cullface": "south"},
				"west": {"uv": [14, 10, 16, 16], "rotation": 270, "texture": "#Stripped"},
				"up": {"uv": [5, 14, 11, 16], "texture": "#Stripped"},
				"down": {"uv": [5, 0, 11, 2], "rotation": 180, "texture": "#Stripped", "cullface": "down"}
			}
		},
		{
			"from": [9.32843, 9.5, 4.82843],
			"to": [15.82843, 10.5, 5.82843],
			"rotation": {"angle": -45, "axis": "y", "origin": [3.32843, 10, 5.32843]},
			"faces": {
				"north": {"uv": [0, 0, 1, 8], "rotation": 270, "texture": "#Log"},
				"east": {"uv": [15, 0, 16, 1], "rotation": 90, "texture": "#Log"},
				"south": {"uv": [2, 0, 3, 8], "rotation": 90, "texture": "#Log"},
				"west": {"uv": [14, 0, 15, 1], "rotation": 90, "texture": "#Log"},
				"up": {"uv": [1, 0, 2, 8], "rotation": 90, "texture": "#Log"},
				"down": {"uv": [3, 0, 4, 8], "rotation": 90, "texture": "#Log"}
			}
		},
		{
			"from": [2.82843, 9.5, 11.32843],
			"to": [9.57843, 10.5, 12.32843],
			"rotation": {"angle": 45, "axis": "y", "origin": [3.32843, 10, 5.32843]},
			"faces": {
				"north": {"uv": [0, 0, 1, 8], "rotation": 90, "texture": "#Log"},
				"east": {"uv": [8.5, 0, 9.5, 1], "rotation": 90, "texture": "#Log"},
				"south": {"uv": [3, 0, 4, 8], "rotation": 270, "texture": "#Log"},
				"west": {"uv": [15, 0, 16, 1], "rotation": 90, "texture": "#Log"},
				"up": {"uv": [1, 0, 2, 8], "rotation": 270, "texture": "#Log"},
				"down": {"uv": [2, 0, 3, 8], "rotation": 270, "texture": "#Log"}
			}
		},
		{
			"from": [-2.92157, 9.5, 11.32843],
			"to": [3.82843, 10.5, 12.32843],
			"rotation": {"angle": 45, "axis": "y", "origin": [3.32843, 10, 5.32843]},
			"faces": {
				"north": {"uv": [1, 0, 2, 8], "rotation": 90, "texture": "#Log"},
				"east": {"uv": [9, 0, 10, 1], "rotation": 90, "texture": "#Log"},
				"south": {"uv": [3, 0, 4, 8], "rotation": 270, "texture": "#Log"},
				"west": {"uv": [15, 0, 16, 1], "rotation": 90, "texture": "#Log"},
				"up": {"uv": [0, 0, 1, 8], "rotation": 270, "texture": "#Log"},
				"down": {"uv": [2, 0, 3, 8], "rotation": 270, "texture": "#Log"}
			}
		},
		{
			"from": [3.57843, 9.5, 4.82843],
			"to": [10.32843, 10.5, 5.82843],
			"rotation": {"angle": -45, "axis": "y", "origin": [3.32843, 10, 5.32843]},
			"faces": {
				"north": {"uv": [0, 0, 1, 8], "rotation": 270, "texture": "#Log"},
				"east": {"uv": [15, 0, 16, 1], "rotation": 90, "texture": "#Log"},
				"south": {"uv": [3, 0, 4, 8], "rotation": 90, "texture": "#Log"},
				"west": {"uv": [9, 0, 10, 1], "rotation": 90, "texture": "#Log"},
				"up": {"uv": [2, 0, 3, 8], "rotation": 90, "texture": "#Log"},
				"down": {"uv": [1, 0, 2, 8], "rotation": 90, "texture": "#Log"}
			}
		}
	],
	"display": {},
	"groups": [
		{
			"name": "VoxelShapes",
			"origin": [8, 8, 8],
			"color": 0,
			"children": [0, 1, 2, 3]
		},
		4,
		5,
		6,
		7
	]
}