{
	"credit": "Made by LYIVX",
	"elements": [
		{
			"from": [3, 2, 0],
			"to": [13, 6, 13],
			"faces": {
				"north": {"uv": [3, 10, 13, 14], "texture": "#Main"},
				"up": {"uv": [3, 0, 13, 13], "texture": "#Main"},
				"down": {"uv": [3, 3, 13, 16], "texture": "#Main"}
			}
		},
		{
			"from": [0, 2, 0],
			"to": [3, 6, 13],
			"faces": {
				"north": {"uv": [13, 6, 16, 14], "texture": "#Main"},
				"west": {"uv": [0, 6, 13, 14], "texture": "#Main"},
				"up": {"uv": [0, 0, 3, 13], "texture": "#Main"},
				"down": {"uv": [0, 3, 3, 16], "texture": "#Main"}
			}
		},
		{
			"from": [13, 2, 0],
			"to": [16, 6, 13],
			"faces": {
				"north": {"uv": [0, 6, 3, 14], "texture": "#Main"},
				"east": {"uv": [3, 6, 16, 14], "texture": "#Main"},
				"up": {"uv": [13, 0, 16, 13], "texture": "#Main"},
				"down": {"uv": [13, 3, 16, 16], "texture": "#Main"}
			}
		},
		{
			"from": [0, 2, 13],
			"to": [16, 10, 16],
			"faces": {
				"north": {"uv": [0, 6, 16, 14], "texture": "#Main"},
				"east": {"uv": [0, 6, 3, 14], "texture": "#Main"},
				"south": {"uv": [0, 6, 16, 14], "texture": "#Main"},
				"west": {"uv": [13, 6, 16, 14], "texture": "#Main"},
				"up": {"uv": [0, 13, 16, 16], "texture": "#Main"},
				"down": {"uv": [0, 0, 16, 3], "texture": "#Main"}
			}
		},
		{
			"from": [0.001, 9.425, 13.125],
			"to": [15.999, 16.05, 16.125],
			"rotation": {"angle": 22.5, "axis": "x", "origin": [8, 10, 14.5]},
			"faces": {
				"north": {"uv": [0.025, 0, 15.975, 6.625], "texture": "#Main"},
				"east": {"uv": [0, 0, 3, 6.625], "texture": "#Main"},
				"south": {"uv": [0.025, 0, 15.975, 6.625], "texture": "#Main"},
				"west": {"uv": [13, 0, 16, 6.625], "texture": "#Main"},
				"up": {"uv": [0.025, 13, 15.975, 16], "texture": "#Main"}
			}
		}
	],
	"display": {
		"thirdperson_righthand": {
			"rotation": [75, 45, 0],
			"translation": [0, 2.5, 0],
			"scale": [0.375, 0.375, 0.375]
		},
		"thirdperson_lefthand": {
			"rotation": [75, 45, 0],
			"translation": [0, 2.5, 0],
			"scale": [0.375, 0.375, 0.375]
		},
		"firstperson_righthand": {
			"rotation": [0, 45, 0],
			"scale": [0.4, 0.4, 0.4]
		},
		"firstperson_lefthand": {
			"rotation": [0, 225, 0],
			"scale": [0.4, 0.4, 0.4]
		},
		"ground": {
			"translation": [0, 3, 0],
			"scale": [0.25, 0.25, 0.25]
		},
		"gui": {
			"rotation": [30, 225, 0],
			"scale": [0.625, 0.625, 0.625]
		},
		"head": {
			"translation": [0, 8.25, 0]
		},
		"fixed": {
			"scale": [0.5, 0.5, 0.5]
		}
	}
}