{
	"credit": "Made by LYIVX",
	"elements": [
		{
			"from": [0, 2, 0],
			"to": [16, 6, 16],
			"rotation": {"angle": 0, "axis": "y", "origin": [0, 0, 24]},
			"faces": {
				"north": {"uv": [0, 10, 16, 14], "texture": "#Main"},
				"east": {"uv": [0, 10, 16, 14], "texture": "#Main"},
				"south": {"uv": [0, 10, 16, 14], "texture": "#Main"},
				"west": {"uv": [0, 10, 16, 14], "texture": "#Main"},
				"up": {"uv": [0, 0, 16, 16], "rotation": 270, "texture": "#Main"},
				"down": {"uv": [0, 0, 16, 16], "rotation": 90, "texture": "#Main"}
			}
		},
		{
			"from": [0, 0, 0],
			"to": [2, 2, 2],
			"rotation": {"angle": 0, "axis": "y", "origin": [0, 0, 24]},
			"faces": {
				"north": {"uv": [14, 14, 16, 16], "texture": "#Leg"},
				"east": {"uv": [14, 14, 16, 16], "texture": "#Leg"},
				"south": {"uv": [0, 14, 2, 16], "texture": "#Leg"},
				"west": {"uv": [0, 14, 2, 16], "texture": "#Leg"},
				"up": {"uv": [0, 0, 2, 2], "rotation": 270, "texture": "#Leg"},
				"down": {"uv": [0, 14, 2, 16], "rotation": 90, "texture": "#Leg"}
			}
		}
	],
	"display": {
		"thirdperson_righthand": {
			"rotation": [75, 45, 0],
			"translation": [0, 2.5, 0],
			"scale": [0.375, 0.375, 0.375]
		},
		"thirdperson_lefthand": {
			"rotation": [75, 45, 0],
			"translation": [0, 2.5, 0],
			"scale": [0.375, 0.375, 0.375]
		},
		"firstperson_righthand": {
			"rotation": [0, 45, 0],
			"scale": [0.4, 0.4, 0.4]
		},
		"firstperson_lefthand": {
			"rotation": [0, 225, 0],
			"scale": [0.4, 0.4, 0.4]
		},
		"ground": {
			"translation": [0, 3, 0],
			"scale": [0.25, 0.25, 0.25]
		},
		"gui": {
			"rotation": [30, 225, 0],
			"scale": [0.625, 0.625, 0.625]
		},
		"head": {
			"translation": [0, 8.25, 0]
		},
		"fixed": {
			"scale": [0.5, 0.5, 0.5]
		}
	},
	"groups": [
		{
			"name": "group",
			"origin": [12.49619, 9.98087, 15.7499],
			"color": 0,
			"nbt": "{}",
			"children": [0, 1]
		}
	]
}