{
	"credit": "Made by LYIVX",
	"textures": {
		"Main": "block/stripped_oak_log"
	},
	"elements": [
		{
			"from": [0.001, 0, 0.001],
			"to": [15.999, 1, 15.999],
			"rotation": {"angle": 0, "axis": "y", "origin": [0, -15, 0]},
			"faces": {
				"north": {"uv": [0, 0, 16, 1], "texture": "#Main", "cullface": "north"},
				"east": {"uv": [0, 0, 16, 1], "texture": "#Main", "cullface": "east"},
				"south": {"uv": [0, 0, 16, 1], "texture": "#Main", "cullface": "south"},
				"west": {"uv": [0, 0, 16, 1], "texture": "#Main", "cullface": "west"},
				"up": {"uv": [0, 0, 16, 16], "texture": "#Main", "cullface": "up"},
				"down": {"uv": [0, 0, 16, 16], "rotation": 180, "texture": "#Main"}
			}
		}
	]
}