{
	"credit": "Made by LYIVX",
	"textures": {
		"Secondary": "block/oak_log",
		"particle": "block/stripped_oak_log",
		"Main": "block/stripped_oak_log"
	},
	"elements": [
		{
			"from": [3, 1, 0],
			"to": [5, 14, 2],
			"rotation": {"angle": 0, "axis": "y", "origin": [3, 1, 0]},
			"faces": {
				"north": {"uv": [11, 2, 13, 15], "texture": "#Secondary"},
				"east": {"uv": [14, 2, 16, 15], "texture": "#Secondary"},
				"south": {"uv": [3, 2, 5, 15], "texture": "#Secondary"},
				"west": {"uv": [0, 2, 2, 15], "texture": "#Secondary"},
				"up": {"uv": [3, 0, 5, 2], "texture": "#Secondary"},
				"down": {"uv": [3, 14, 5, 16], "texture": "#Secondary"}
			}
		},
		{
			"from": [11, 1, 0],
			"to": [13, 14, 2],
			"rotation": {"angle": 0, "axis": "y", "origin": [11, 1, 0]},
			"faces": {
				"north": {"uv": [3, 2, 5, 15], "texture": "#Secondary"},
				"east": {"uv": [14, 2, 16, 15], "texture": "#Secondary"},
				"south": {"uv": [11, 2, 13, 15], "texture": "#Secondary"},
				"west": {"uv": [0, 2, 2, 15], "texture": "#Secondary"},
				"up": {"uv": [11, 0, 13, 2], "texture": "#Secondary"},
				"down": {"uv": [11, 14, 13, 16], "texture": "#Secondary"}
			}
		},
		{
			"from": [0.01, 14, 0.01],
			"to": [2, 15, 2],
			"rotation": {"angle": 0, "axis": "y", "origin": [10, 0, 0]},
			"faces": {
				"north": {"uv": [14, 0, 16, 1], "texture": "#Secondary"},
				"east": {"uv": [14, 0, 16, 1], "texture": "#Secondary"},
				"south": {"uv": [0, 0, 2, 1], "texture": "#Secondary"},
				"west": {"uv": [0, 0, 2, 1], "texture": "#Secondary"},
				"up": {"uv": [0, 0, 2, 2], "texture": "#Secondary"},
				"down": {"uv": [0, 14, 2, 16], "texture": "#Secondary"}
			}
		},
		{
			"from": [2, 14, 0],
			"to": [14, 15, 2],
			"rotation": {"angle": 0, "axis": "y", "origin": [11, 0, 0]},
			"faces": {
				"north": {"uv": [2, 1, 14, 2], "texture": "#Secondary"},
				"east": {"uv": [14, 1, 16, 2], "texture": "#Secondary"},
				"south": {"uv": [2, 1, 14, 2], "texture": "#Secondary"},
				"west": {"uv": [0, 1, 2, 2], "texture": "#Secondary"},
				"up": {"uv": [2, 0, 14, 2], "texture": "#Secondary"},
				"down": {"uv": [2, 14, 14, 16], "texture": "#Secondary"}
			}
		},
		{
			"from": [14, 14, 0],
			"to": [16, 15, 2],
			"rotation": {"angle": 0, "axis": "y", "origin": [23, 0, 0]},
			"faces": {
				"north": {"uv": [0, 1, 2, 2], "texture": "#Secondary"},
				"east": {"uv": [14, 1, 16, 2], "texture": "#Secondary"},
				"south": {"uv": [14, 1, 16, 2], "texture": "#Secondary"},
				"west": {"uv": [0, 1, 2, 2], "texture": "#Secondary"},
				"up": {"uv": [14, 0, 16, 2], "texture": "#Secondary"},
				"down": {"uv": [14, 14, 16, 16], "texture": "#Secondary"}
			}
		},
		{
			"from": [14, 15, 0],
			"to": [16, 16, 2],
			"rotation": {"angle": 0, "axis": "y", "origin": [23, 1, 0]},
			"faces": {
				"north": {"uv": [0, 0, 1, 2], "rotation": 90, "texture": "#Main"},
				"east": {"uv": [14, 0, 16, 1], "texture": "#Main"},
				"south": {"uv": [0, 14, 1, 16], "rotation": 90, "texture": "#Main"},
				"west": {"uv": [0, 0, 2, 1], "texture": "#Main"},
				"up": {"uv": [0, 0, 2, 2], "rotation": 90, "texture": "#Main"},
				"down": {"uv": [14, 14, 16, 16], "texture": "#Main"}
			}
		},
		{
			"from": [2, 15, 0],
			"to": [14, 16, 2],
			"rotation": {"angle": 0, "axis": "y", "origin": [11, 1, 0]},
			"faces": {
				"north": {"uv": [0, 2, 1, 14], "rotation": 90, "texture": "#Main"},
				"east": {"uv": [14, 0, 16, 1], "texture": "#Main"},
				"south": {"uv": [0, 2, 1, 14], "rotation": 90, "texture": "#Main"},
				"west": {"uv": [0, 0, 2, 1], "texture": "#Main"},
				"up": {"uv": [0, 2, 2, 14], "rotation": 90, "texture": "#Main"},
				"down": {"uv": [2, 14, 14, 16], "texture": "#Main"}
			}
		},
		{
			"from": [0.01, 15, 0.01],
			"to": [2, 15.99, 2],
			"rotation": {"angle": 0, "axis": "y", "origin": [10, 1, 0]},
			"faces": {
				"north": {"uv": [0, 14, 0.99, 16], "rotation": 90, "texture": "#Main"},
				"east": {"uv": [14, 0, 16, 0.99], "texture": "#Main"},
				"south": {"uv": [0, 0, 0.99, 2], "rotation": 90, "texture": "#Main"},
				"west": {"uv": [0, 0, 2, 0.99], "texture": "#Main"},
				"up": {"uv": [0, 14.01, 1.99, 16], "rotation": 90, "texture": "#Main"},
				"down": {"uv": [0, 14, 2, 16], "texture": "#Main"}
			}
		}
	]
}