{
	"credit": "Made by LYIVX",
	"textures": {
		"Secondary": "block/oak_log",
		"Main": "block/stripped_oak_log",
		"Handle": "ls_furniture:block/handles/handle_big_oak"
	},
	"elements": [
		{
			"name": "group2",
			"from": [0, 16, 15],
			"to": [16, 18, 16],
			"rotation": {"angle": 0, "axis": "y", "origin": [8, 0, 8]},
			"faces": {
				"north": {"uv": [16, 14, 0, 16], "texture": "#Secondary"},
				"east": {"uv": [0, 14, 1, 16], "texture": "#Secondary"},
				"south": {"uv": [0, 14, 16, 16], "texture": "#Secondary"},
				"west": {"uv": [15, 14, 16, 16], "texture": "#Secondary"},
				"up": {"uv": [0, 15, 16, 16], "texture": "#Secondary"},
				"down": {"uv": [0, 0, 16, 1], "texture": "#Secondary"}
			}
		},
		{
			"name": "group2",
			"from": [0, 14, 0],
			"to": [16, 16, 16],
			"rotation": {"angle": 0, "axis": "y", "origin": [8, 0, 8]},
			"faces": {
				"north": {"uv": [16, 2, 0, 4], "texture": "#Secondary"},
				"east": {"uv": [0, 0, 16, 2], "texture": "#Secondary"},
				"south": {"uv": [0, 0, 16, 2], "texture": "#Secondary"},
				"west": {"uv": [0, 0, 16, 2], "texture": "#Secondary"},
				"up": {"uv": [0, 0, 16, 16], "texture": "#Secondary"},
				"down": {"uv": [0, 0, 16, 16], "texture": "#Secondary"}
			}
		},
		{
			"name": "group",
			"from": [0, 0, 1],
			"to": [1, 14, 16],
			"rotation": {"angle": 0, "axis": "y", "origin": [8, 0, 8]},
			"faces": {
				"north": {"uv": [15, 2, 16, 16], "texture": "#Main"},
				"east": {"uv": [0, 2, 15, 16], "texture": "#Main"},
				"south": {"uv": [0, 2, 1, 16], "texture": "#Main"},
				"west": {"uv": [1, 2, 16, 16], "texture": "#Main"},
				"up": {"uv": [0, 1, 1, 16], "texture": "#Main"},
				"down": {"uv": [0, 0, 1, 15], "texture": "#Main"}
			}
		},
		{
			"name": "group",
			"from": [15, 0, 1],
			"to": [16, 14, 16],
			"rotation": {"angle": 0, "axis": "y", "origin": [8, 0, 8]},
			"faces": {
				"north": {"uv": [0, 2, 1, 16], "texture": "#Main"},
				"east": {"uv": [0, 2, 15, 16], "texture": "#Main"},
				"south": {"uv": [15, 2, 16, 16], "texture": "#Main"},
				"west": {"uv": [1, 2, 16, 16], "texture": "#Main"},
				"up": {"uv": [15, 1, 16, 16], "texture": "#Main"},
				"down": {"uv": [15, 0, 16, 15], "texture": "#Main"}
			}
		},
		{
			"name": "group",
			"from": [1, 0, 14],
			"to": [15, 14, 16],
			"rotation": {"angle": 0, "axis": "y", "origin": [8, 0, 8]},
			"faces": {
				"north": {"uv": [1, 2, 15, 16], "texture": "#Main"},
				"east": {"uv": [0, 2, 2, 16], "texture": "#Main"},
				"south": {"uv": [1, 2, 15, 16], "texture": "#Main"},
				"west": {"uv": [14, 2, 16, 16], "texture": "#Main"},
				"up": {"uv": [1, 14, 15, 16], "texture": "#Main"},
				"down": {"uv": [1, 0, 15, 2], "texture": "#Main"}
			}
		},
		{
			"name": "group",
			"from": [1, 0, 1],
			"to": [15, 1, 3],
			"rotation": {"angle": 0, "axis": "y", "origin": [8, 0, 8]},
			"faces": {
				"north": {"uv": [1, 15, 15, 16], "texture": "#Main"},
				"east": {"uv": [13, 15, 15, 16], "texture": "#Main"},
				"south": {"uv": [1, 15, 15, 16], "texture": "#Main"},
				"west": {"uv": [1, 15, 3, 16], "texture": "#Main"},
				"up": {"uv": [1, 1, 15, 3], "texture": "#Main"},
				"down": {"uv": [1, 13, 15, 15], "texture": "#Main"}
			}
		},
		{
			"name": "group",
			"from": [1, 13, 1],
			"to": [15, 14, 3],
			"rotation": {"angle": 0, "axis": "y", "origin": [8, 0, 8]},
			"faces": {
				"north": {"uv": [1, 2, 15, 3], "texture": "#Main"},
				"east": {"uv": [13, 2, 15, 3], "texture": "#Main"},
				"south": {"uv": [1, 2, 15, 3], "texture": "#Main"},
				"west": {"uv": [1, 2, 3, 3], "texture": "#Main"},
				"up": {"uv": [1, 1, 15, 3], "texture": "#Main"},
				"down": {"uv": [1, 13, 15, 15], "texture": "#Main"}
			}
		},
		{
			"name": "group",
			"from": [1, 0, 3],
			"to": [15, 1, 14],
			"rotation": {"angle": 0, "axis": "y", "origin": [8, 0, 8]},
			"faces": {
				"north": {"uv": [1, 15, 15, 16], "texture": "#Main"},
				"east": {"uv": [2, 15, 13, 16], "texture": "#Main"},
				"south": {"uv": [1, 15, 15, 16], "texture": "#Main"},
				"west": {"uv": [3, 15, 14, 16], "texture": "#Main"},
				"up": {"uv": [1, 3, 15, 14], "texture": "#Main"},
				"down": {"uv": [1, 2, 15, 13], "texture": "#Main"}
			}
		},
		{
			"name": "group",
			"from": [1, 13, 3],
			"to": [15, 14, 14],
			"rotation": {"angle": 0, "axis": "y", "origin": [8, 0, 8]},
			"faces": {
				"north": {"uv": [1, 2, 15, 3], "texture": "#Main"},
				"east": {"uv": [2, 2, 13, 3], "texture": "#Main"},
				"south": {"uv": [1, 2, 15, 3], "texture": "#Main"},
				"west": {"uv": [3, 2, 14, 3], "texture": "#Main"},
				"up": {"uv": [1, 3, 15, 14], "texture": "#Main"},
				"down": {"uv": [1, 2, 15, 13], "texture": "#Main"}
			}
		},
		{
			"name": "draw1",
			"from": [6, 8, -2.01],
			"to": [10, 12, -2.01],
			"rotation": {"angle": 0, "axis": "y", "origin": [8, -2, 6]},
			"faces": {
				"north": {"uv": [0, 0, 16, 16], "texture": "#Handle"},
				"east": {"uv": [16, 3.5, 16, 4.5], "texture": "#Handle"},
				"south": {"uv": [7.5, 3.5, 8.5, 4.5], "texture": "#Handle"},
				"west": {"uv": [0, 3.5, 0, 4.5], "texture": "#Handle"},
				"up": {"uv": [7.5, 0, 8.5, 0], "texture": "#Handle"},
				"down": {"uv": [7.5, 16, 8.5, 16], "texture": "#Handle"}
			}
		},
		{
			"name": "draw1",
			"from": [1.5, 7.5, -2],
			"to": [14.5, 12.5, -1],
			"rotation": {"angle": 0, "axis": "y", "origin": [8, -2, 6]},
			"faces": {
				"north": {"uv": [1.5, 1.5, 14.5, 6.5], "texture": "#Secondary"},
				"east": {"uv": [14, 3.5, 15, 8.5], "texture": "#Secondary"},
				"south": {"uv": [1.5, 3.5, 14.5, 8.5], "texture": "#Secondary"},
				"west": {"uv": [1, 3.5, 2, 8.5], "texture": "#Secondary"},
				"up": {"uv": [1.5, 1, 14.5, 2], "texture": "#Secondary"},
				"down": {"uv": [1.5, 14, 14.5, 15], "texture": "#Secondary"}
			}
		},
		{
			"name": "draw1",
			"from": [3, 9, 11],
			"to": [13, 12, 12],
			"rotation": {"angle": 0, "axis": "y", "origin": [8, -2, 6]},
			"faces": {
				"north": {"uv": [3, 4, 13, 7], "texture": "#Main"},
				"east": {"uv": [1, 4, 2, 7], "texture": "#Main"},
				"south": {"uv": [3, 4, 13, 7], "texture": "#Main"},
				"west": {"uv": [14, 4, 15, 7], "texture": "#Main"},
				"up": {"uv": [3, 14, 13, 15], "texture": "#Main"},
				"down": {"uv": [3, 1, 13, 2], "texture": "#Main"}
			}
		},
		{
			"name": "draw1",
			"from": [13, 9, -1],
			"to": [14, 12, 12],
			"rotation": {"angle": 0, "axis": "y", "origin": [8, -2, 6]},
			"faces": {
				"north": {"uv": [2, 2, 3, 5], "texture": "#Main"},
				"east": {"uv": [1, 4, 14, 7], "texture": "#Main"},
				"south": {"uv": [13, 4, 14, 7], "texture": "#Main"},
				"west": {"uv": [2, 4, 15, 7], "texture": "#Main"},
				"up": {"uv": [13, 2, 14, 15], "texture": "#Main"},
				"down": {"uv": [13, 1, 14, 14], "texture": "#Main"}
			}
		},
		{
			"name": "draw1",
			"from": [2, 9, -1],
			"to": [3, 12, 12],
			"rotation": {"angle": 0, "axis": "y", "origin": [8, -2, 6]},
			"faces": {
				"north": {"uv": [13, 2, 14, 5], "texture": "#Main"},
				"east": {"uv": [1, 4, 14, 7], "texture": "#Main"},
				"south": {"uv": [2, 4, 3, 7], "texture": "#Main"},
				"west": {"uv": [2, 4, 15, 7], "texture": "#Main"},
				"up": {"uv": [2, 2, 3, 15], "texture": "#Main"},
				"down": {"uv": [2, 1, 3, 14], "texture": "#Main"}
			}
		},
		{
			"name": "draw1",
			"from": [2, 8, -1],
			"to": [14, 9, 12],
			"rotation": {"angle": 0, "axis": "y", "origin": [8, -2, 6]},
			"faces": {
				"north": {"uv": [2, 5, 14, 6], "texture": "#Main"},
				"east": {"uv": [1, 7, 14, 8], "texture": "#Main"},
				"south": {"uv": [2, 7, 14, 8], "texture": "#Main"},
				"west": {"uv": [2, 7, 15, 8], "texture": "#Main"},
				"up": {"uv": [2, 2, 14, 15], "texture": "#Main"},
				"down": {"uv": [2, 1, 14, 14], "texture": "#Main"}
			}
		},
		{
			"name": "draw2",
			"from": [6, 2, -5.01],
			"to": [10, 6, -5.01],
			"rotation": {"angle": 0, "axis": "y", "origin": [8, -2, 3]},
			"faces": {
				"north": {"uv": [0, 0, 16, 16], "texture": "#Handle"},
				"east": {"uv": [15.75385, 8.26923, 16, 16], "texture": "#Handle"},
				"south": {"uv": [7.5, 9.5, 8.5, 10.5], "texture": "#Handle"},
				"west": {"uv": [0, 7.03846, 0.24615, 16], "texture": "#Handle"},
				"up": {"uv": [6, 0, 10.56923, 2.21538], "texture": "#Handle"},
				"down": {"uv": [6, 13.90769, 10.93846, 16], "texture": "#Handle"}
			}
		},
		{
			"name": "draw2",
			"from": [1.5, 1.5, -5],
			"to": [14.5, 6.5, -4],
			"rotation": {"angle": 0, "axis": "y", "origin": [8, -2, 3]},
			"faces": {
				"north": {"uv": [1.5, 9.5, 14.5, 14.5], "texture": "#Secondary"},
				"east": {"uv": [14, 9.5, 15, 14.5], "texture": "#Secondary"},
				"south": {"uv": [1.5, 9.5, 14.5, 14.5], "texture": "#Secondary"},
				"west": {"uv": [1, 9.5, 2, 14.5], "texture": "#Secondary"},
				"up": {"uv": [1.5, 1, 14.5, 2], "texture": "#Secondary"},
				"down": {"uv": [1.5, 14, 14.5, 15], "texture": "#Secondary"}
			}
		},
		{
			"name": "draw2",
			"from": [2, 2, -4],
			"to": [14, 3, 9],
			"rotation": {"angle": 0, "axis": "y", "origin": [8, -2, 3]},
			"faces": {
				"north": {"uv": [2, 11, 14, 12], "texture": "#Main"},
				"east": {"uv": [1, 13, 14, 14], "texture": "#Main"},
				"south": {"uv": [2, 13, 14, 14], "texture": "#Main"},
				"west": {"uv": [2, 13, 15, 14], "texture": "#Main"},
				"up": {"uv": [2, 2, 14, 15], "texture": "#Main"},
				"down": {"uv": [2, 1, 14, 14], "texture": "#Main"}
			}
		},
		{
			"name": "draw2",
			"from": [2, 3, -4],
			"to": [3, 6, 9],
			"rotation": {"angle": 0, "axis": "y", "origin": [8, -2, 3]},
			"faces": {
				"north": {"uv": [13, 8, 14, 11], "texture": "#Main"},
				"east": {"uv": [1, 10, 14, 13], "texture": "#Main"},
				"south": {"uv": [2, 10, 3, 13], "texture": "#Main"},
				"west": {"uv": [2, 10, 15, 13], "texture": "#Main"},
				"up": {"uv": [2, 2, 3, 15], "texture": "#Main"},
				"down": {"uv": [2, 1, 3, 14], "texture": "#Main"}
			}
		},
		{
			"name": "draw2",
			"from": [13, 3, -4],
			"to": [14, 6, 9],
			"rotation": {"angle": 0, "axis": "y", "origin": [8, -2, 3]},
			"faces": {
				"north": {"uv": [2, 8, 3, 11], "texture": "#Main"},
				"east": {"uv": [1, 10, 14, 13], "texture": "#Main"},
				"south": {"uv": [13, 10, 14, 13], "texture": "#Main"},
				"west": {"uv": [2, 10, 15, 13], "texture": "#Main"},
				"up": {"uv": [13, 2, 14, 15], "texture": "#Main"},
				"down": {"uv": [13, 1, 14, 14], "texture": "#Main"}
			}
		},
		{
			"name": "draw2",
			"from": [3, 3, 8],
			"to": [13, 6, 9],
			"rotation": {"angle": 0, "axis": "y", "origin": [8, -2, 3]},
			"faces": {
				"north": {"uv": [3, 8, 13, 11], "texture": "#Main"},
				"east": {"uv": [1, 10, 2, 13], "texture": "#Main"},
				"south": {"uv": [3, 10, 13, 13], "texture": "#Main"},
				"west": {"uv": [14, 10, 15, 13], "texture": "#Main"},
				"up": {"uv": [3, 14, 13, 15], "texture": "#Main"},
				"down": {"uv": [3, 1, 13, 2], "texture": "#Main"}
			}
		},
		{
			"name": "group",
			"from": [2, 1, 2],
			"to": [14, 2, 3],
			"rotation": {"angle": 0, "axis": "y", "origin": [8, -2, 9]},
			"faces": {
				"north": {"uv": [2, 12, 14, 13], "texture": "#Main"},
				"east": {"uv": [13, 14, 14, 15], "texture": "#Main"},
				"south": {"uv": [2, 14, 14, 15], "texture": "#Main"},
				"west": {"uv": [2, 14, 3, 15], "texture": "#Main"},
				"up": {"uv": [2, 2, 14, 3], "texture": "#Main"},
				"down": {"uv": [2, 13, 14, 14], "texture": "#Main"}
			}
		},
		{
			"name": "group",
			"from": [1, 1, 2],
			"to": [2, 13, 3],
			"rotation": {"angle": 0, "axis": "y", "origin": [8, -2, 9]},
			"faces": {
				"north": {"uv": [14, 1, 15, 13], "texture": "#Main"},
				"east": {"uv": [13, 3, 14, 15], "texture": "#Main"},
				"south": {"uv": [1, 3, 2, 15], "texture": "#Main"},
				"west": {"uv": [2, 3, 3, 15], "texture": "#Main"},
				"up": {"uv": [1, 2, 2, 3], "texture": "#Main"},
				"down": {"uv": [1, 13, 2, 14], "texture": "#Main"}
			}
		},
		{
			"name": "group",
			"from": [2, 6, 2],
			"to": [14, 8, 3],
			"rotation": {"angle": 0, "axis": "y", "origin": [8, -2, 9]},
			"faces": {
				"north": {"uv": [2, 6, 14, 8], "texture": "#Main"},
				"east": {"uv": [13, 8, 14, 10], "texture": "#Main"},
				"south": {"uv": [2, 8, 14, 10], "texture": "#Main"},
				"west": {"uv": [2, 8, 3, 10], "texture": "#Main"},
				"up": {"uv": [2, 2, 14, 3], "texture": "#Main"},
				"down": {"uv": [2, 13, 14, 14], "texture": "#Main"}
			}
		},
		{
			"name": "group",
			"from": [2, 12, 2],
			"to": [14, 13, 3],
			"rotation": {"angle": 0, "axis": "y", "origin": [8, -2, 9]},
			"faces": {
				"north": {"uv": [2, 1, 14, 2], "texture": "#Main"},
				"east": {"uv": [13, 3, 14, 4], "texture": "#Main"},
				"south": {"uv": [2, 3, 14, 4], "texture": "#Main"},
				"west": {"uv": [2, 3, 3, 4], "texture": "#Main"},
				"up": {"uv": [2, 2, 14, 3], "texture": "#Main"},
				"down": {"uv": [2, 13, 14, 14], "texture": "#Main"}
			}
		},
		{
			"name": "group",
			"from": [14, 1, 2],
			"to": [15, 13, 3],
			"rotation": {"angle": 0, "axis": "y", "origin": [8, -2, 9]},
			"faces": {
				"north": {"uv": [1, 1, 2, 13], "texture": "#Main"},
				"east": {"uv": [13, 3, 14, 15], "texture": "#Main"},
				"south": {"uv": [14, 3, 15, 15], "texture": "#Main"},
				"west": {"uv": [2, 3, 3, 15], "texture": "#Main"},
				"up": {"uv": [14, 2, 15, 3], "texture": "#Main"},
				"down": {"uv": [14, 13, 15, 14], "texture": "#Main"}
			}
		}
	],
	"display": {
		"thirdperson_righthand": {
			"rotation": [75, 45, 0],
			"translation": [0, 2.5, 0],
			"scale": [0.375, 0.375, 0.375]
		},
		"thirdperson_lefthand": {
			"rotation": [75, 45, 0],
			"translation": [0, 2.5, 0],
			"scale": [0.375, 0.375, 0.375]
		},
		"firstperson_righthand": {
			"rotation": [0, 135, 0],
			"scale": [0.4, 0.4, 0.4]
		},
		"firstperson_lefthand": {
			"rotation": [0, 135, 0],
			"scale": [0.4, 0.4, 0.4]
		},
		"ground": {
			"translation": [0, 3, 0],
			"scale": [0.25, 0.25, 0.25]
		},
		"gui": {
			"rotation": [30, 225, 0],
			"translation": [0, -0.5, 0],
			"scale": [0.56, 0.56, 0.56]
		},
		"head": {
			"translation": [0, 0, -0.5]
		},
		"fixed": {
			"scale": [0.5, 0.5, 0.5]
		}
	},
	"groups": [
		{
			"name": "group2",
			"origin": [8, 0, 8],
			"color": 0,
			"children": [0, 1]
		},
		{
			"name": "group",
			"origin": [0, 0, 0],
			"color": 1,
			"children": [2, 3, 4, 5, 6, 7, 8]
		},
		{
			"name": "right",
			"origin": [2, 7.25, 2],
			"color": 2,
			"children": []
		},
		{
			"name": "left",
			"origin": [14, 7.25, 2],
			"color": 3,
			"children": []
		},
		{
			"name": "draw1",
			"origin": [8, 12, 6],
			"color": 1,
			"children": [9, 10, 11, 12, 13, 14]
		},
		{
			"name": "draw2",
			"origin": [8, 6, 6],
			"color": 2,
			"children": [15, 16, 17, 18, 19, 20]
		},
		21,
		22,
		23,
		24,
		25
	]
}