{
	"credit": "Made by LYIVX",
	"elements": [
		{
			"name": "lid",
			"from": [1, 10, 1],
			"to": [15, 14, 15],
			"rotation": {"angle": 0, "axis": "y", "origin": [8, 10, 8]},
			"faces": {
				"north": {"uv": [14, 4.75, 10.5, 3.75], "texture": "#wood_type"},
				"east": {"uv": [3.5, 4.75, 0, 3.75], "texture": "#wood_type"},
				"south": {"uv": [7, 4.75, 3.5, 3.75], "texture": "#wood_type"},
				"west": {"uv": [10.5, 4.75, 7, 3.75], "texture": "#wood_type"},
				"up": {"uv": [10.5, 0, 7, 3.5], "texture": "#wood_type"}
			}
		},
		{
			"name": "lock",
			"from": [7, 7, 0],
			"to": [9, 11, 1],
			"rotation": {"angle": 0, "axis": "y", "origin": [8, 9, 1]},
			"faces": {
				"north": {"uv": [1.5, 1.25, 1, 0.25], "texture": "#wood_type"},
				"east": {"uv": [0, 1.25, 0.25, 0.25], "texture": "#wood_type"},
				"west": {"uv": [0.75, 1.25, 1, 0.25], "texture": "#wood_type"},
				"up": {"uv": [1.25, 0.25, 0.75, 0], "texture": "#wood_type"},
				"down": {"uv": [0.75, 0.25, 0.25, 0], "texture": "#wood_type"}
			}
		},
		{
			"name": "base",
			"from": [1, 0, 1],
			"to": [15, 10, 15],
			"rotation": {"angle": 0, "axis": "y", "origin": [8, 5, 8]},
			"faces": {
				"north": {"uv": [14, 10.75, 10.5, 8.25], "texture": "#wood_type"},
				"east": {"uv": [10.5, 10.75, 7, 8.25], "texture": "#wood_type"},
				"south": {"uv": [7, 10.75, 3.5, 8.25], "texture": "#wood_type"},
				"west": {"uv": [3.5, 10.75, 0, 8.25], "texture": "#wood_type"},
				"down": {"uv": [7, 8.25, 3.5, 4.75], "texture": "#wood_type"}
			}
		}
	],
	"display": {
		"thirdperson_righthand": {
			"rotation": [75, 135, 0],
			"translation": [0, 2.5, 0],
			"scale": [0.375, 0.375, 0.375]
		},
		"thirdperson_lefthand": {
			"rotation": [75, 135, 0],
			"translation": [0, 2.5, 0],
			"scale": [0.375, 0.375, 0.375]
		},
		"firstperson_righthand": {
			"rotation": [0, 135, 0],
			"scale": [0.4, 0.4, 0.4]
		},
		"firstperson_lefthand": {
			"rotation": [0, 135, 0],
			"scale": [0.4, 0.4, 0.4]
		},
		"ground": {
			"translation": [0, 3, 0],
			"scale": [0.25, 0.25, 0.25]
		},
		"gui": {
			"rotation": [30, 225, 0],
			"scale": [0.625, 0.625, 0.625]
		},
		"fixed": {
			"scale": [0.5, 0.5, 0.5]
		}
	}
}