{
	"credit": "Made by LYIVX",
	"textures": {
		"Secondary": "block/oak_log"
	},
	"elements": [
		{
			"from": [7, 0, 7],
			"to": [9, 10, 9],
			"faces": {
				"north": {"uv": [7, 6, 9, 16], "texture": "#Secondary"},
				"east": {"uv": [7, 6, 9, 16], "texture": "#Secondary"},
				"south": {"uv": [7, 6, 9, 16], "texture": "#Secondary"},
				"west": {"uv": [7, 6, 9, 16], "texture": "#Secondary"},
				"down": {"uv": [7, 7, 9, 9], "texture": "#Secondary"}
			}
		},
		{
			"from": [5, 10, 3.5],
			"to": [11, 12, 12.5],
			"faces": {
				"north": {"uv": [5, 4, 11, 6], "texture": "#Main"},
				"east": {"uv": [3.5, 4, 12.5, 6], "texture": "#Main"},
				"south": {"uv": [5, 4, 11, 6], "texture": "#Main"},
				"west": {"uv": [3.5, 4, 12.5, 6], "texture": "#Main"},
				"up": {"uv": [5, 3.5, 11, 12.5], "texture": "#Black"},
				"down": {"uv": [5, 3.5, 11, 12.5], "texture": "#Main"}
			}
		},
		{
			"from": [9, 12, 3.5],
			"to": [11, 13, 12.5],
			"faces": {
				"north": {"uv": [5, 3, 7, 4], "texture": "#Main"},
				"south": {"uv": [9, 3, 11, 4], "texture": "#Main"},
				"west": {"uv": [3.5, 3, 12.5, 4], "texture": "#Black"}
			}
		},
		{
			"from": [5, 12, 3.5],
			"to": [7, 13, 12.5],
			"faces": {
				"north": {"uv": [9, 3, 11, 4], "texture": "#Main"},
				"east": {"uv": [3.5, 3, 12.5, 4], "texture": "#Black"},
				"south": {"uv": [5, 3, 7, 4], "texture": "#Main"}
			}
		},
		{
			"from": [6, 13, 3.5],
			"to": [7, 14, 12.5],
			"faces": {
				"north": {"uv": [9, 2, 10, 3], "texture": "#Main"},
				"east": {"uv": [3.5, 2, 12.5, 3], "texture": "#Black"},
				"south": {"uv": [6, 2, 7, 3], "texture": "#Main"}
			}
		},
		{
			"from": [9, 13, 3.5],
			"to": [10, 14, 12.5],
			"faces": {
				"north": {"uv": [6, 2, 7, 3], "texture": "#Main"},
				"south": {"uv": [9, 2, 10, 3], "texture": "#Main"},
				"west": {"uv": [3.5, 2, 12.5, 3], "texture": "#Black"}
			}
		},
		{
			"from": [7, 14, 3.5],
			"to": [9, 15, 12.5],
			"faces": {
				"north": {"uv": [7, 1, 9, 2], "texture": "#Main"},
				"south": {"uv": [7, 1, 9, 2], "texture": "#Main"},
				"down": {"uv": [7, 3.5, 9, 12.5], "texture": "#Black"}
			}
		},
		{
			"from": [7, 12, 11.5],
			"to": [9, 14, 12.5],
			"faces": {
				"north": {"uv": [7, 2, 9, 4], "texture": "#Black"},
				"south": {"uv": [7, 2, 9, 4], "texture": "#Main"}
			}
		},
		{
			"from": [4, 11.5, 3],
			"to": [4.85, 17.45, 13],
			"rotation": {"angle": -45, "axis": "z", "origin": [4.5, 12, 8]},
			"faces": {
				"north": {"uv": [11, 0, 12, 4.5], "texture": "#Secondary"},
				"east": {"uv": [3, 0, 13, 4.5], "texture": "#Secondary"},
				"south": {"uv": [4, 0, 8.5, 1], "rotation": 90, "texture": "#Secondary"},
				"west": {"uv": [3, 0, 13, 4.5], "texture": "#Secondary"},
				"up": {"uv": [4, 3, 14, 4], "rotation": 90, "texture": "#Secondary"},
				"down": {"uv": [4, 3, 14, 4], "rotation": 90, "texture": "#Secondary"}
			}
		},
		{
			"from": [11.16803, 11.48232, 3],
			"to": [12.01803, 16.60732, 13],
			"rotation": {"angle": 45, "axis": "z", "origin": [11.51803, 11.98232, 8]},
			"faces": {
				"north": {"uv": [3.98197, 0, 8.49964, 1], "rotation": 90, "texture": "#Secondary"},
				"east": {"uv": [3, 0, 13, 4.51768], "texture": "#Secondary"},
				"south": {"uv": [11.01803, 0, 12.01803, 4.51768], "texture": "#Secondary"},
				"west": {"uv": [3, 0, 13, 4.51768], "texture": "#Secondary"},
				"up": {"uv": [11.01803, 3, 12.01803, 13], "texture": "#Secondary"},
				"down": {"uv": [11.01803, 3, 12.01803, 13], "texture": "#Secondary"}
			}
		},
		{
			"from": [11, 11, 4],
			"to": [12.025, 12, 9],
			"rotation": {"angle": 0, "axis": "x", "origin": [11.5125, 11.5, 4.5]},
			"faces": {
				"north": {"uv": [3.975, 4, 5, 5], "texture": "#Red"},
				"east": {"uv": [7, 4, 12, 5], "texture": "#Red"},
				"south": {"uv": [11, 4, 12.025, 5], "texture": "#Red"},
				"west": {"uv": [4, 4, 9, 5], "texture": "#Red"},
				"up": {"uv": [11, 4, 12.025, 9], "texture": "#Red"},
				"down": {"uv": [11, 7, 12.025, 12], "texture": "#Red"}
			}
		},
		{
			"from": [11, 10, 8],
			"to": [12.025, 11, 9],
			"rotation": {"angle": 0, "axis": "x", "origin": [11.5125, 11.5, 4.5]},
			"faces": {
				"north": {"uv": [3.975, 5, 5, 6], "texture": "#Red"},
				"east": {"uv": [7, 5, 8, 6], "texture": "#Red"},
				"south": {"uv": [11, 5, 12.025, 6], "texture": "#Red"},
				"west": {"uv": [8, 5, 9, 6], "texture": "#Red"},
				"up": {"uv": [11, 8, 12.025, 9], "texture": "#Red"},
				"down": {"uv": [11, 7, 12.025, 8], "texture": "#Red"}
			}
		}
	],
	"display": {
		"thirdperson_righthand": {
			"rotation": [75, 45, 0],
			"translation": [0, 2.5, 0],
			"scale": [0.375, 0.375, 0.375]
		},
		"thirdperson_lefthand": {
			"rotation": [75, 45, 0],
			"translation": [0, 2.5, 0],
			"scale": [0.375, 0.375, 0.375]
		},
		"firstperson_righthand": {
			"rotation": [0, 135, 0],
			"scale": [0.4, 0.4, 0.4]
		},
		"firstperson_lefthand": {
			"rotation": [0, 135, 0],
			"scale": [0.4, 0.4, 0.4]
		},
		"ground": {
			"translation": [0, 3, 0],
			"scale": [0.25, 0.25, 0.25]
		},
		"gui": {
			"rotation": [30, 225, 0],
			"translation": [0, -0.75, 0],
			"scale": [0.87, 0.87, 0.87]
		},
		"head": {
			"translation": [0, 7.25, 0]
		},
		"fixed": {
			"scale": [0.5, 0.5, 0.5]
		}
	},
	"groups": [
		0,
		1,
		2,
		3,
		4,
		5,
		6,
		7,
		8,
		9,
		{
			"name": "group",
			"origin": [11.5125, 11.5, 4.5],
			"color": 0,
			"children": [10, 11]
		}
	]
}